784,50,10
0.01
Sigmoid
Sigmoid
MeanSquared
100
0

-0.17216414957002701
-0.15844441214738897
0.0787640654796467
-0.027321987695892416
-0.11996320322659884
0.12375834165444362
-0.06880837076118358
-0.17149045504595187
0.07910470485077364
-0.1668772564158573
0.08652062440646298
-0.006642153572104689
-0.023851881294093484
-0.11381856104089456
-0.07330325327374752
0.015267623931989202
0.06077170257964226
-0.028337989031659353
0.07443704282095817
0.19290686388385633
0.01858342749260655
0.025423303961459982
0.07040926746168025
-0.07144202733481037
0.03605495288628296
0.04595204863387135
0.20563906239582053
-0.006455670681546191
0.13662455391851122
-0.012922473392822095
-0.04089612633412806
0.13818695025334637
0.15752272126482042
-0.12091647602942229
0.14878154723099726
0.03789182912700774
0.004918464635910151
-0.06954335413134516
0.04756843657170782
-0.1458585507443896
-0.021498411803420932
-0.16555090705674808
-0.019480753807501094
0.06202959812919274
-0.08632019337094857
-0.1555227131233926
0.014601219965243887
-0.028457964654349598
0.056867326862575625
0.01606540036931793
0.08653313455555639
-0.022927037210988897
0.05863706797572334
0.06293774190424861
0.16855012658768453
-0.0266055081724105
0.08730650920040504
0.024371016083504813
-0.08821898166433408
-0.11305489783412843
0.01692306085312966
0.08352436346183001
0.20323576082892267
-0.07274553175328992
-0.07750729679005201
-0.08267707126677107
-0.24525016487523796
-0.1146968677101696
-0.15013789242761721
-0.3989124711065941
-0.2775498359517328
-0.01049975639061739
-0.0012872210377500148
0.1499437492311639
0.07336868968026689
0.2701065956473634
0.1967690410223736
-0.07597169121605636
0.06666299749757726
-0.10132386593834113
0.00882943782084575
-0.03158520331413779
0.2725131672520315
-0.0332690427115293
-0.06142329948399876
-0.09388874328522653
0.10253764624311773
0.015462700706041261
0.08113240286165696
0.008841798244547746
0.052256105343865523
-0.06810898720855989
-0.18007488073152658
-0.045311544544243736
-0.16337903826066272
-0.13858952994429502
-0.25284303525219587
0.1895438988391746
-0.05838738136335351
0.17812694070432253
0.03553814350725403
0.4559353148660954
0.4404905258801985
0.1902611943638223
-0.007757778833344718
0.07398697698834616
-0.0901580381659166
0.1169955613205972
0.12633063015528045
-0.0034297251077428205
-0.029062289332207253
-0.005809555788054316
0.08632378362912387
0.08796686157227056
0.08366025322201821
0.025539323869396113
-0.04479325567410126
0.030828081051590368
-0.0633089289470153
-0.1302040978189263
-0.21618074594677425
-0.19011306750465642
-0.14373736120994837
-0.6799545355400163
-0.5503901164150448
-0.3166702086705549
0.020294281363691394
0.24283229680358429
0.37153367736236587
0.49876932039032956
0.13343972037982274
-0.15712669849505614
0.40916987260611165
0.2636978903386552
0.1309733628577514
-0.06136397300228292
0.08654561679357088
0.07213327273512342
-0.10801368247267305
0.18447149726956188
-0.009104678800081324
0.002225318574817984
0.1031059200484967
0.09838685631986971
0.00991723825404546
0.23623458185544619
0.008724959829189567
-0.1412880484602937
-0.2893967687278633
-0.4332666377988344
-0.4383934389977543
-1.07810374217647
-0.7596057503407889
0.38533243808318424
0.022759834801344723
0.10268575651603999
0.00026839922498192003
0.33250513259567405
0.10190598093313745
-0.030288282511443238
0.31857752585777455
0.13912438628618778
-0.1833422360712731
0.10293480398795103
-0.1693529877213441
-0.08989986646593646
-0.07877013320684642
-0.018483052230246787
-0.0022554377142153764
0.05119603734015196
-0.0011785377346960786
-0.16676126398670021
0.072532551069757
-0.006072112293964731
-0.1676202839274765
0.08538467813861404
-0.15412642107781374
-0.6432611386196408
-0.715392368143108
-0.45197421338874577
-0.286643046254608
-0.12682458853146208
0.36057083651446814
0.05713016838506074
-0.20635762498662796
0.4241042072730176
0.19559744004518498
0.06528446357026024
0.08078157108333467
0.1608097886418884
-0.21884532335080858
-0.35054348434100474
-0.32545310518088394
-0.15239210831781766
-0.03361827234608277
-0.34995856816691506
0.03506419596972096
0.04748490925020515
0.01936505715311368
-0.1472831515484704
0.03935506802205292
-0.09954605908785649
-0.25762457872908867
-0.05824649283098857
-0.16464607042165377
-0.772273535341346
-0.606248747758205
-0.23570395260363755
0.047644196890584065
0.163492538567955
-0.3268131148146425
0.014738129222892504
0.26026705481320317
0.27749562322414995
-0.2916585290384641
0.10235016195202402
0.17279098371228221
-0.17337890313693316
-0.343858800011785
-0.14478923665870375
-0.10754138564941988
-0.34099139273226464
-0.24409077328557205
-0.08855997453820955
0.059797384558670404
-0.17312807714714887
0.11878311328006665
-0.06627420550358841
-0.0025924664926405255
0.03181083117321277
-0.11833954267353063
-0.1048050920315763
0.07975357411303984
-0.1292803165094785
-0.29086639497430117
-0.7685786687916722
-0.5921791692335279
0.6091288552275457
0.147881092828946
-0.2810535791225988
-0.201269579206576
-0.377740958508453
-0.31267830726152157
-0.21173223988844053
-0.24497445211769417
-0.4100556551169053
-0.0176709523993074
-0.11799148668152877
0.02864400645540341
-0.19505409461058876
-0.12475168888226199
0.07201283262865624
0.026805001289252815
-0.0618636020899242
-0.08408668145258912
-0.09176649378449614
-0.07392552544545236
0.013628398466799632
-0.48243473731219555
-0.3972419875989952
-0.025548973159645293
-0.3512358343636119
-1.2335529500146003
-1.6771045443797332
-0.26111494323105733
0.4824963269174084
0.5674764953368825
1.0838227160511889
0.1284569288191993
0.24889711804374928
0.043357837658311436
-0.09859794103571293
0.028615363018310778
-0.16210739164895954
-0.1497359603105642
0.12710514775202195
-0.1121710452381575
-0.12038437818302118
-0.15325875890481114
-0.24647155915419192
-0.09925227001652734
-0.0666366610331254
-0.0645879817762821
-0.11974183101610075
-0.15117881096393482
-0.2784506087293247
-0.34822082302312307
-0.6067994567609609
-0.618274992977407
-0.7924554986535436
-1.249483244111771
-0.7891793064939858
0.14004852194423423
1.0498785747206114
0.9040465277216941
0.3523958900353491
0.15594145903865628
0.19235897668377397
0.03254979544674676
-0.4661022613322991
-0.3553549729847483
-0.15918735282563207
-0.263914844954647
-0.22603065660460991
-0.09977507159995787
0.01728715656947207
-0.10495713070553898
0.017607588237355566
0.0006574009221506182
-0.15341979174767228
0.009170289679998368
0.023009545674423978
-0.24556094613512652
-0.3372695764052581
-0.43243019867128574
-0.8025194522213185
-0.4578855892212532
-0.4977351541728318
0.017677854177409778
-0.2825693949812203
0.36691845528928746
-0.1276765032447678
-0.05856516184949031
0.2326694275761718
0.220695029820097
-0.1612672718431551
-0.7218843345800395
-0.6761305269684267
-0.8212756121494031
-0.5502468047370247
-0.49174986255644687
-0.25895236699561036
-0.1931525500589572
0.07444288060915077
0.11758430251224454
0.03756533351172813
0.0893221490012955
-0.023952031867374133
-0.14401772031295929
0.09481570443359758
-0.17452029251286436
-0.4188792335867922
-0.5898744904435536
-0.20820888216498507
-0.18850559711648252
-0.19929441449925642
-0.27665120193744425
-0.30970006613562234
-0.16971476559657114
-0.15528272841440988
-0.10224854931840503
-0.03583396817519582
0.17555805478790562
-0.3061730399819282
-0.3338411188903108
-0.5009256450955447
-0.4364352300683407
-0.5351056832789257
-0.3078477335993082
-0.23126089515174808
-0.2381813680460809
-0.13346511233417546
-0.09075068785561753
-0.09181336497240798
0.017999443656138193
-0.092983762364276
-0.16349059138176686
0.05928533102200066
-0.25244821538659085
-0.32859055896686556
-0.18138770160066184
0.14778181312552335
0.23990325963963702
0.2586478107198797
-0.5424712457330476
-0.9126673069432858
-0.47693165366791357
-0.08002987913221127
0.05706693630628822
-0.33369068995059115
0.09788051143713779
0.10221975570753337
-0.09833818382165424
-0.135823498186996
-0.17131855326325454
-0.2785669061347838
-0.25646760951741177
-0.2633852976405836
-0.19413614402337395
0.00021726598712068447
-0.009533818173073149
-0.09506606094079928
-0.0791836190966668
0.027390041773826784
-0.14149354967345387
-0.03066551897876838
-0.24642117344989564
0.20201111932471524
0.13416730659511575
-0.22233521330360412
0.27572986942415867
0.30497756715703545
-0.026323259307890118
-0.4833661135217104
-0.2466166622734893
-0.2681338246990903
-0.3142360439417255
0.1757105332224234
0.30462151275339805
-0.0780796420216424
0.2909511207620675
-0.08290255209650654
-0.3828735432690111
-0.25894563634233436
-0.5562422525903092
-0.386958819744206
-0.23608957655724844
-0.06265008283072653
-0.09708376480506777
-0.3381873775102899
0.16946696038844436
0.02846229397794811
-0.10649639569732425
-0.08931571308712395
-0.07944325357645564
-0.027408651947865847
0.0272642020863348
-0.19606279348400105
-0.5360229865651241
-0.3356840087820244
0.2225210158237883
0.27617774115308025
0.16831913148812375
-0.420237337246067
-0.01493321606715678
0.21194337264488086
0.4017977142589611
-0.11177806316472284
0.4122181071419366
-0.09031130711128448
-1.051104372026703
-0.6414548719729237
-0.493236476681619
-0.11005905472076133
-0.14726896766239345
-0.08060618247690494
-0.175999010966459
-0.12041464191583066
0.10547738602069402
0.038581162506246706
-0.04516850227413837
-0.024987615942351674
-0.18283961457277928
0.097768760206307
4.568921182135573E-05
0.16326247132900779
0.33976505565463705
0.04802153354462116
0.08691161399065168
0.13488762878424734
0.2733135294821123
-0.036555049272049445
-0.08910424415091917
-0.23544021989105546
0.04405056347461393
0.18723042981212018
0.052486918893049385
-0.20919721131441277
-0.7623458358092473
-0.7493184529851886
-0.527569005362621
-0.02867056719460409
-0.10034060586938663
-0.06350980135169457
-0.023282181112816182
0.12579193209931241
-0.056113822019133494
0.08809149119824211
-0.07450968768170396
-0.01624081882192677
-0.31343391453109115
-0.0539126547891975
0.1587064567316048
-0.02126968809350412
0.19606970228932155
0.15703415616676134
-0.04735557393934326
0.3895953436642473
0.0718326591820157
0.05755130580980923
0.3094416995694466
0.18409588305325816
0.2850344627554115
0.04860932762075024
-0.08093947368813777
-0.15773396815606447
-0.3079293912069278
-0.6014442884401574
-0.31318591597472084
-0.27658793979406
-0.1010648926096701
-0.24088848875116356
-0.1143332115898329
-0.05295744528769967
-0.030402149630899912
-0.12655511435515704
0.03760757185350074
-0.11293840344383155
-0.054543644024846
0.15648833191605263
0.16094948273629922
-0.03898839092585095
-0.15472590302767744
-0.4260335745726206
-0.18234091423039211
-0.0653148504008302
-0.07318167185907118
-0.05986315924808579
0.21741825383141786
0.521640251294188
-0.03202786563810691
-0.19602105908690567
-0.24638985143646042
-0.3316145074629796
-0.20378431059577012
-0.5215020198771759
-0.43657488340243916
-0.21314054300010293
-0.15002690872170912
0.00698492499466365
-0.03559167826835119
0.04677339184197705
-0.09863404410005848
0.15038175640004545
-0.03623061306524496
-0.09490899286265812
0.1758604388731855
0.23810244533014774
-0.07894357315502712
-0.05909026439483846
-0.04910395512649221
0.07827663804980609
-0.09859142981838075
-0.030535631969919434
0.18518468676371563
-0.25599336246274
-0.4690394295050216
-0.20416692758443547
-0.7894245788162768
-0.3828615296493804
-0.359687754472591
-0.03546480706854559
-0.4887828351149593
-0.5089333922711298
-0.2542568385763565
-0.15189245475284682
-0.15207926139095734
-0.15943283016634907
0.13599818418741735
0.0779345419349706
-0.0023552638880795186
-0.029380496305234306
0.1337181483436924
-0.004168066482334924
-0.08324380814927992
0.21862546316725898
0.09695110312376631
0.0005770081598670384
-0.1634367773088431
0.05524514464908375
-0.14235239408120112
0.19051106671017848
-0.24406944182935877
-0.5980199196095279
-0.47744227560267666
-0.4896426724877983
-0.4942351216146067
-0.40549349240544036
-0.03295014440929876
-0.025314018381088748
-0.23467804362294506
-0.3694110211767765
-0.29196464549183504
-0.24744822843852068
-0.1154699457213726
-0.22263101538973618
0.009309065542914267
-0.045334137092000605
-0.09658955140183755
-0.20661099170521832
0.12265138994727173
-0.006051857354191656
-0.2643917959271415
0.07087829618138455
0.20694175891647412
0.12841773411000146
-0.2621184464849468
-0.03346312138621831
0.10332536610203151
0.06112069140163929
-0.6028844678976822
-0.39336506512201364
0.005960588215869405
-0.11652457632343734
-0.02890758453309589
0.11228786844542911
0.10769354994743394
-0.021739730999791002
-0.005500541384188202
-0.05019106144431847
-0.23372851101191044
-0.11028593061269797
-0.03963394057194765
-0.06250175743017049
-0.021954749280217803
0.057714843179791316
-0.10271205879508057
0.05283297169823554
-0.0755225769037292
0.04028838631014534
-0.17648209654603902
-0.12527637790718113
0.034689319140739514
-0.08945808864385396
-0.3362763363847496
0.05879980413417865
-0.006327684810242851
0.2303538159837545
-0.025903517046446174
-0.2501310930077281
-0.26574719368985517
0.021828536462561648
0.0505110536328638
0.24476301618287566
0.03174077069071984
0.058002893489963354
0.05932037338720772
0.03477881340861557
-0.07981213446279845
0.0011438644425912942
0.17177190977749054
-0.03709744902377418
-0.14777142386309772
-0.014323088244385142
0.024686799547685996
-0.07995838529432132
0.11754729666675154
0.0055487408583679435
0.11855962463806118
0.024352572916601055
0.13284786028192005
0.2905502487034207
0.20176222011314623
-0.11816349168963894
0.3188359591056125
0.48116040389837866
-0.033200330538596584
-0.038269218107714144
0.16516020920671542
0.0396232394898519
0.42199859809796275
0.32305131061886183
-0.07308912321588976
0.2082444661454091
-0.09987352064923631
0.0317429823619975
0.034845050267080326
-0.049092804088168615
0.06718397874126798
0.11853040311461832
0.02718440033581574
-0.09243295746203534
-0.136697340800289
-0.014615916961853968
0.04475542609743756
0.09113581339636576
0.039463614557560235
-0.0016809105304115874
0.16958368668453064
0.1623207476951071
-0.12891806653878238
-0.12769711323508187
0.24317182164949616
0.17132732987775603
-0.07703852162164737
-0.015912074194575205
-0.22205071666285287
-0.183680073455031
-0.06851940153461725
0.0867465866317334
0.15671637073967973
0.05837637640085298
0.1380623803161992
-0.06848327292897574
-0.04831373850110123
0.033685475334420636
0.013398260222801743
0.10089207488875279
0.061927807783766775
-0.006242712571594564
0.023336384352099854
0.006185048234041925
-0.06437311115944482
0.0829563642259856
-0.00017891806195375565
0.16133691556965662
0.02865449798487025
0.15488743848294345
0.1476398743756553
-0.10865966591317612
0.13159769627639897
0.1091374879503259
0.34848681010766114
0.19479354523526368
0.13517452252157244
-0.0516750354120675
0.1667927218983119
-0.11361076448700365
-0.19383760973626502
-0.10237540301833714
0.0806446679070063
-0.1949615399224932
0.004327963855495067
-0.02454937634146955
0.009222099591814815
-0.14211394576108344
0.021513121384894265
-0.09882653922883293
0.041863965738513254
-0.10523676130065379
-0.0718920585819823
-0.10349604010851692
0.08151520268868609
0.07919085257163246
0.09386632604979779
0.047822810725698044
0.1792677388379443
0.28046567155451035
0.22129200351081776
0.15402026785747175
0.27078878819371077
0.0019269784180523419
-0.02503590259230036
-0.2876031839335353
-0.0377847898648713
0.046158596870216985
-0.09920746107133192
0.06022528998414156
0.12346996031206647
-0.03186021610467246
-0.04663659309337124
-0.03536230861283728
0.07055251471989778
-0.07110288027696796
-0.007035894502763898
0.03494648057051147
-0.1015753898872635
-0.20845252469929357
0.12986887603755445
0.09458665080318145
-0.06748704050205867
-0.07978006712586691
-0.033941097341169256
0.05868696129203971
0.15538946066632
-0.05402209429082235
0.11082643879366902
0.007714023660806606
-0.16324816893261723
0.046390893342690726
0.05498339532171619
0.07043360684549727
0.18727621771902572
-0.04804337752484385
-0.10388617003110773
-0.12261804541531962
0.061567559415600395
0.0497318665097647
0.05708257760364275
-0.05491786427334324
-0.20205140458057663
0.016592727658305495
-0.002813639881430982
0.16521101004953948
-0.20508046184391496
-0.3955825416412131
-0.04141583194728802
0.13543979595724176
0.010456941757355261
0.06132568137211978
0.06852345414050136
-0.03559487052855965
-0.07711715490814415
-0.016032973875338603
-0.327151486222046
-0.09727968327262848
-0.22408740484139592
0.10614282849824379
-0.048587264464890624
0.048157897585385696
0.157575043576828
0.34155344077998834
0.010798816911548026
-0.10595630478997137
0.05351080015011375
0.06395898233688106
-0.01527845344063225
0.0666830493987046
-0.020546488453164022
-0.04542161478541209
-0.13687457944842968
-0.013804290802872052
0.025140357027773463
0.09238509275101668
-0.11520914630739233
0.16453769828127277
-0.14025943748476663
-0.06623852141014042
0.07229991972195564
0.044429477514669344
-0.0011928357463339841
0.18581892464152347
0.17441473323724996
-0.34341806554003057
-0.08721969666743061
-0.12008674135361082
0.027062431703471862
-0.12689423112066278
0.16846692073216296
0.12700679175947754
0.013577807542929544
-0.043855127799351495
-0.05475971917129716
0.08828177803493711
-0.026533427398318377
0.0384945279405321
0.17019999652805198
-0.15524692404794457
-0.1784999446174419
-0.15955829229837637
0.19786736071188862
0.16488022503112643
0.23013612758360605
-0.3573514023637686
-0.1312904159318942
0.15565219781791986
0.12549441119187868
-0.049049338386243826
-0.14305345872059463
-0.18140493840219038
-0.028405915849406965
-0.03992695859697889
0.35808577088283183
-0.09236297122892206
-0.1332814919347814
-0.10976914915162095
-0.0800966594462832
-0.1348215380870945
-0.13451179571804517
-0.02309178505005654
0.012256841018824842
0.018151366397485588
-0.06933911229097675
0.11165490191260162
0.05072041376263987
-0.01873225038350551
0.13093630417788832
-0.1543609198349945
-0.08151515987051937
0.2043175362538892
0.06460067822767408
0.08763252474333112
-0.13264111608878087
0.127480089063052
-0.011900341580866067
-0.25437924868972245
0.20541766994796976
0.2806871944983632
-0.07638364563862032
0.023670141842944907
-0.2267185824133234
-0.31582604729460295
-0.5502799769552613
-0.38005977088826765
0.24108547561602336
-0.1627641035282457
-0.26645526772072
-0.23546452602865492
-0.08061150865840962
0.020459214179367753
0.02499967904840481
0.007068370307266442
0.2001105545138045
0.07271863694730879
0.09949399462367173
-0.018577792428699634
-0.0558409884927253
0.0853538104689571
0.09781468894963782
0.01904818882652367
0.03602671702852977
-0.031811439393647695
0.02152495956186238
-0.06868240492153747
0.06383664877056759
-0.5344270075481834
-0.28174624231526185
0.4860012684968385
0.4021599244157246
0.05461580597713441
-0.24373915743971641
0.15764897636543027
0.3162124783306408
0.04460085488772883
0.15216699632086952
-0.04062173936061023
0.05695239337441516
0.20072110246596434
0.08182455354941678
-0.15516723010940714
0.08554627383883953
-0.041596354709861574
0.028023700078641644
-0.016770783689906126
-0.3249019986889645
-0.1351833137821486
-0.0004336045313103721
0.27875050491777464
-0.06725845514086616
0.029075319066696883
-0.26105179285402214
-0.039822884585802965
0.4015517135487974
-0.4315735407756224
-0.6835591721396426
-0.1466715226966502
0.2476166874285658
-0.13401668236480344
-0.4306319024575078
-0.5101318455475254
0.4127106467685862
-0.07609916240166405
-0.22358589209764254
-0.13839859504627905
-0.38412217410375266
0.38881889563119065
0.40782101397344833
0.21521552953759585
0.15838999910995735
-0.02975691812580068
-0.07683152030037621
0.2965856861738984
0.015668757216797106
-0.021144818980393918
-0.04318147915520237
0.016717686135733115
0.09814126821633906
-0.3708410202945028
-0.21687273021783715
-0.2727159854813915
0.12409868808496428
-0.5507763623544205
0.17704777537175362
-0.505376554714255
0.10379371533756754
-0.3401903770526712
-0.6369037216504879
-0.4375178295563909
0.31272887099045193
0.12495621847740074
-0.27450186705514973
-0.06257009498481397
-0.11348605773865016
0.1432598209113762
0.2837131445076524
0.4420428732578616
0.18225687495293613
-0.14199363586295588
-0.2109272541101926
-0.2133394492217496
-0.12662511918633929
0.2487942054940056
0.23931804749194374
0.31759335504845987
0.24227583145867737
0.0907131853637868
-0.1235961896580785
0.17944978087986185
-0.11836629350251957
-0.30667309974903856
0.05486205258415181
-0.24675013789867992
-0.41801221340723504
0.6520721853098544
0.3950685864954237
-0.6156324913241222
-0.15465554022470793
0.3092506082583656
-0.12066955179203107
-0.33467319150504526
0.3948419130529336
-0.004650947883237794
-0.5842398690434396
-0.0143895541741243
0.23475195371524787
0.11065779198773674
-0.34702625493759703
-0.3224028787561904
-0.012697548883821031
0.03522656324561079
0.19348763910723554
0.28684244141313
0.2828147824655957
0.25411557922119393
-0.552035667279787
0.19567534272046117
-0.11377646320410555
-0.05187671185207246
-0.04077578592757057
0.2767691459185045
0.2211224532428808
-0.13062917088291784
0.17948898326285484
-0.07703052790013816
0.10640372475710581
0.31155490476005987
0.18128857298068685
-0.3440611509350746
0.10520355834171026
0.09495936907462119
-0.2778701113802267
0.06122076409661537
-0.12546498894284824
-0.19365770829923448
-0.025469448251743652
-0.3146222353145405
-0.0743451327770524
-0.06937447024620949
0.3373790492265704
-0.03992333907062217
-0.2786807092245643
-0.04152423391314035
-0.9213157094078736
-0.2329660693601852
-0.5201953245888851
0.028648929825649525
-0.2093203817236216
-0.2583578306577883
-0.6618964862518297
0.44366835694146345
0.5729448044033153
0.1261046682127588
0.13189235020436338
-0.15660700920751852
0.5399467140517034
0.020815361380420873
0.07313972735191594
-0.11560225216565442
0.0677618990581404
0.4294373512692221
-0.18017491976037614
-0.5927246302909578
-0.05034359794148126
-0.30511176498461073
0.015438368541281609
0.10670101633062036
0.15448998284567106
-0.044464633303393064
0.07756795183774143
0.0450367875797699
-0.13405145556778383
-0.05122200729608502
0.5308766824989073
-0.07062992901255138
-0.003099234874367012
0.5574518447530147
-0.20120218745747578
-0.26436375830366177
-0.16416697783137635
0.3009412725044465
0.26925351830583605
-0.5241666590134771
-0.08020675586422996
0.11041800494267111
0.11141752266782409
-0.2894508531125616
0.13225786335019238
0.2353755853170197
-0.22447297777440622
-0.18094660777564706
0.03781442217416445
-0.25055181095754625
0.12776965622218547
-0.08558018163459677
0.19085931763010885
-0.24811654745869816
-0.13316910725175923
0.22725439273972503
0.12944200229269157
-0.13981545651597244
0.40378431568601403
0.20336195526624037
0.11400172283057246
0.41857871432850335
0.19656887140203502
-0.6894420160314546
-0.41501754063184626
0.4468043141808202
0.1938339817083201
0.23089021630642895
0.5137903995362825
0.16749032884332984
-0.1851835609581467
0.08771154318977907
0.16210870483892356
0.23750931006656223
-0.23301610121592642
-0.04356517346050213
0.1876394331466609
-0.14069253607496196
0.026960222786739343
0.14371622045393095
0.24833986577397518
0.08344382681431582
0.30979566593285324
0.20109177740177725
0.05546326450766406
0.6421331015885829
0.41347013889052825
0.48886300834228547
0.2639440746806501
-0.059385197003096496
-0.8076601985019997
-0.9628540477198387
-1.181867167087034
-0.028948288542416815
0.12281705288080398
0.02439951765177076
-0.0895809048488127
-0.3474932902162967
0.11219187320542896
0.08779664257054053
0.04733221935807076
0.003912734353380333
0.38078830060780827
0.5655048229167744
0.07621249544432407
-0.08833530184331558
0.1395627526371255
0.0694058916716281
0.11057114529705214
0.032580831135332756
-0.09604758488349183
0.19782732444279486
0.31187578778000147
-0.12159360989370391
0.4144840432615306
-0.7435147224821015
-0.22944803759926358
-0.03616473086575922
-0.5278938479418221
-1.066637254506405
-0.80445231526292
-0.546299463310015
-0.3636588350396681
-0.30117256769025297
0.019039475016254713
-0.4052276971837514
0.18694942020716313
-0.2756305991669644
-0.02630664069205357
0.14149638217397498
0.2691113157010048
0.2622394239278664
-0.0982609196436869
-0.0918101938292237
0.20239032976693513
-0.15323651266412397
0.0063975551676042405
-0.056195869904284906
0.0038033332727097765
0.24138169648176805
0.1149496822343664
0.03646108103990183
0.08178297330741784
0.11868544763936795
-0.11778145657017404
-0.03701819895304631
-0.9055704827182026
-0.6667967939204977
-0.09253926899531754
-0.4546154912795054
-0.396421985951027
-0.2204348759198787
0.08322368053480464
-0.11541580272318634
0.16435970898662872
-0.5849557003258922
-0.19034602864201167
-0.13676979730448408
-0.0756056195588854
-0.043359929162710135
0.15402435715199114
0.06868997590942148
0.10277079823827574
-0.04999966324376274
-0.0046717123266220425
-0.18054305918282712
0.19701928521811052
-0.09253287140468931
-0.1236437489192674
-0.44278097742264444
-0.3570671095073431
-0.4779314974340826
-0.37000335327925754
-1.8724340579434922
-1.96561685958424
-0.049487584618870394
0.5341461972392327
-0.24710324911751244
-0.03163146059015393
-0.44535146417175364
0.0485257237473226
-0.0426841164044072
-0.28474360687299766
-0.5318401928406341
-0.2651913284300936
-0.14007516348967508
-0.24584664282621105
-0.12637312534318912
-0.06261929948161833
-0.027981073330554232
-0.06634478301147587
0.17787910059963088
0.1567952381707639
-0.2827050389414294
-0.044070988809230355
0.12584982328607952
-0.3482394823581517
-0.751073932825682
-0.31445724604099323
-0.7493664484776087
-1.6618561525248527
-2.0604199867040625
-0.8214744116933639
0.6890199435764706
0.39571652994282086
0.38687664970250957
0.3953156247985569
0.10163464527538608
-0.09541536126782957
0.2362547204190866
-0.10277405496602346
-0.1850781507516158
0.4716557445860659
-0.4388109434078193
-0.19539220729255094
-0.03220399767956619
0.009175166030165985
-0.0615222121137742
-0.1512364641807709
-0.1490555881387807
-0.14156145412246798
-0.25711396986283197
-0.06372811751234725
0.38060940214467337
-0.24537050554962775
-0.9059320987815137
-1.0265235074763208
-1.5126953361232607
-1.9588799568927824
-1.329533815962429
0.5230153101574464
0.39038487382623743
0.1022038724023797
0.4102286675084067
0.38687147374839465
0.0651382414533225
-0.2972372634268544
-0.4524405940955625
-0.5417718490739659
0.06275732329788578
0.105779632307942
-0.3283983457888299
-0.16224152256313926
0.1937312862447888
0.1455131543233129
0.11466777421329467
0.13773884996291402
0.00598065618657726
-0.409441089945391
-0.3492255418127256
0.10051801246043097
-0.21588603699895476
-0.8721972993981418
-1.2755964851683232
-1.624247111349069
-1.532105394388609
-0.8601157428859649
0.0548660735843629
0.2732135924051548
0.5334646286380735
-0.14738176677345524
0.1852134597719981
0.20652768174549124
0.02817942516596024
-0.22531595090710263
0.3853990628220783
-0.026943299165924882
0.3823313126667516
-0.12478216890217073
0.25025229485616723
0.13011559054253988
0.3517765708182958
0.1918859006531339
0.2960068352212473
0.08175065821086946
0.19671500661017627
-0.06075670814076648
-0.3337446653846814
-0.1492310303116679
-0.410606246946448
-0.777402383241799
-1.059481522145059
-0.8501738370381496
-0.6539470069784835
-0.08466599432565033
0.01817961442602357
-0.21026323794688118
0.3247369717278918
0.5406760030166736
0.7090383906590997
0.4202020879053499
0.8088289293778997
0.9837014544361113
-0.03148316072503391
0.013625993668289099
0.24159636667057452
-0.05201086842214943
0.04829832841223825
-0.1098239167357115
-0.13275319877693612
0.01868509491235251
0.09175693490816614
-0.10548865888171916
-0.09897447416055745
-0.22937879571486758
-0.1300898642265191
-0.3912091513144494
-0.28958735476847197
-0.7172788723013461
-0.6955937393155969
-0.14436225944375802
-0.19591037849281323
0.08427248841969967
-0.21188680673205812
-0.25569038476952843
0.03452339936063835
0.8586627264261302
0.9667699344297485
-0.23462372671991774
0.11310123773835168
0.6816206389516827
0.3124463380513862
0.1853006439237721
-0.2402828532566344
-0.09420494559812366
-0.33777721253830073
-0.15484409841826705
0.27514347521945265
0.08104460288505001
-0.24004085467832273
0.12711081835764365
-0.06672534136337012
-0.14400875553847892
-0.14379583523047468
-0.20388759550840088
-0.4324405079801075
-0.38156096075715845
-0.2576447359971497
0.40041219032175923
0.1834636431426386
0.26316355056141494
0.16310303760880848
0.2523405143100821
-0.24082084870476803
-0.06648146795960298
0.31168037528770653
0.15524972377296775
0.29098183038005515
0.32388546828074977
0.7716329746549695
0.378903802483615
0.005724379400459025
0.22816879129911863
-0.4878690733062815
-0.14649665779752863
-0.06647806466032845
0.11608849369949667
-0.07688636287700905
-0.09015949978216438
-0.12922189597322656
-0.3007522561266534
-0.26947676595369474
-0.09688857357262916
-0.15441226020634716
-0.08779312741255652
0.10962146321091092
0.012581097079390889
-0.07685413096709799
0.4792438346457965
0.5554145124472538
0.21265705681613986
0.23896751397386007
0.04306412248720522
-0.014015281009802797
0.2918303011573134
0.4423540922226733
0.2804522616397087
0.6183415676515425
0.2323692969182356
0.1498543766639795
0.39684297172149646
0.08370243351792085
-0.13069474564631345
-0.27876814929776667
-0.07250418113945203
0.07114535257924856
-0.10498481233555147
-0.16602948668741438
-0.07945117559189688
0.04770690311744117
0.254247634496902
0.148819231198716
-0.19559908633091705
0.035576138461693496
-0.12357245451350536
0.350199483247177
0.1682571333790798
0.3044462622780533
-0.16136019715790972
0.08499378388757493
0.08243576685418476
0.24755940589092046
0.5875986115490899
0.36874774444056685
-0.3176233113552934
0.21193560308273046
-0.012617905713049132
0.13185880963684685
0.4887733406321235
0.4408068943674249
-0.1450474683709197
-0.2540132828450611
-0.10672983687704922
0.002679593217719717
0.19197050211879924
-0.05047197548591669
-0.13251289422363524
-0.2830876510602913
0.1934949359967639
0.30248075237275873
0.2526339181760127
0.13774786757528026
0.07485376256124973
-0.15515219986078557
-0.4132891589132576
-0.34295578594490606
-0.0734351818525748
0.1189225627593975
0.0919268961718613
0.27261556179804486
-0.2242200900327608
-0.44899080589786206
-0.34539682166761954
-0.11550516367533344
0.2003829265093003
0.4238090605772881
0.1396808725199822
-0.06561965507490805
-0.21511571297358567
0.08029285561233143
0.029248273856909954
0.15677521909349532
-0.23184302721960268
0.18445150974999402
0.41997718970304343
0.32250910219343687
0.39080093437354574
0.3056961565328275
0.0871089507967464
0.04626234311851673
0.24991444531128934
0.3157347802494707
0.27788360675225604
-0.06379248115990324
-0.3806715875080834
-0.21164061467017814
0.1996745936774109
0.3337325358069877
-0.45817046129986266
-0.35667537776191194
-0.22015645908269835
-0.06995208507127482
0.06496266946495886
0.21524976708081517
0.04033135960610012
-0.4120411040432085
-0.03852620421311606
-0.16073948672262842
0.11881331382523877
0.07971793541505522
-0.07719138349483448
0.13425298422945356
-0.19079436779047831
0.03272652099399677
0.28088783008508583
0.10187760263853103
-0.47816342077842455
0.11807302795939693
0.09519321814479947
0.12355763665718114
-0.0018432173929969395
-0.165632315382416
-0.07321055496811345
-0.4181185171511561
-0.1766889806600653
-0.23714805629793936
-0.2653814338473469
-0.09979683140569272
0.5840758476133538
0.13393898693233783
0.21044070551948976
-0.020357726475120137
-0.056086063113330635
-0.20521814022474985
0.04458612044998056
-0.12563476129727344
-0.07609014130220847
0.024183115187227787
-0.37945297820146623
0.17047739343970256
-0.2850141803241281
0.1113973598946258
0.1971854548850534
0.12481405359698441
0.047748866696936
0.21590178630414666
0.06836399628286995
-0.03274186276695556
-0.08090337025173604
-0.11712536777994924
-0.22879222200798224
-0.4824247841890805
-0.21348197066395083
0.28387450894496824
-0.45280892732746736
0.04429723038709316
0.2258797403612271
0.08493377627144003
-0.16058324900887347
-0.16389604453124038
-0.11206204665606238
-0.06190769918227918
-0.13802407030565603
-0.2057519681344582
-0.0455437258543393
0.03330299480989247
0.16021484099709887
0.15154798056757887
-0.29299837039694
0.04180941714695685
-0.09598997640788137
-0.019112654613929077
0.27250322976408076
0.1676347226351258
0.043002937071746614
0.22936751323213822
0.05401625629355174
-0.2213221741249976
0.18352101104393537
-0.06541689971568204
0.10663427625376388
0.20702929153794314
0.09154225370186764
0.13858929240039022
0.08322271881406035
0.23227670397209232
-0.058261858640893255
-0.07265156751416318
0.04224456321919267
0.06993858265225258
0.024263824044407852
-0.11432431010493928
0.07460885919839744
0.1142068877084896
-0.24212686391792398
0.1034123230100223
-0.12249060852031228
-0.27209481993126605
-0.07958245875279334
0.0381761254660574
-0.12540046933075263
-0.20012466447238333
0.0890203599176901
0.14604179186785804
-0.1439119628738887
0.02392429933538142
-0.05429463609245338
-0.009112530106469953
0.1333983392535255
0.07628391951873645
0.27744273241337314
0.09655426580047023
0.10718430130804901
-0.05448273182589121
-0.016226379844530302
-0.07729161382035978
0.07340025497596207
0.23834924497559262
-0.07522908293974416
-0.2337219930429037
-0.04503604110917357
-0.0016677148872976729
-0.1242097572112387
0.10997216035639593
-0.1211496305331509
0.16401264364502557
0.12068480697665879
-0.1628201966789918
-0.3017724959383154
0.16875258575835536
0.2566998681040746
0.14255881706256943
0.3602454479802825
0.2187215212820334
0.02889145037900874
0.1366221275698017
0.39405754779594754
0.25972353888875943
0.23523016835592145
0.05575880664774754
-0.11049691070268722
0.026051774929973258
-0.09755521069704802
0.25647782776407185
0.02521814430724085
0.0310488407334713
-0.06156010030744479
0.2514948166178381
0.08303408455243438
-0.14688839115279395
0.07449130387965762
-0.08389971273660785
0.27038938904901905
0.12337687592846486
-0.18597214097929696
0.1936871436146422
0.29639676805015563
0.2683692581253289
0.2094311122187005
0.4006827356143882
0.5621797173362707
0.05307108763474721
-0.19486138045070409
-0.07521520490848219
-0.14062551820234864
0.2905096071640974
-0.026378776995718688
0.3855567757122457
-0.11901645293437574
-0.20941979126373467
-0.07930359404040148
0.11882576004805076
-0.0403128854995646
-0.16729894081456423
-0.323793143576143
-0.039739728944307634
0.052904330379432575
0.12443159416251993
-0.12772176477415823
0.0576051428440156
0.19830320072507918
-0.12255290346193153
0.010396967591695276
-0.08385371698004564
0.17861667527173344
0.5994187178399347
0.45820446595944175
0.3940548376447062
0.10414087535751379
0.13374580690896987
0.1775001295540565
0.17153691345599653
-0.025015696969870955
0.18836546859545003
0.012606899768046109
-0.5574938653151578
0.13869612142063745
-0.26026274647943365
-0.22457592872283166
-0.4346134148798361
-0.21581125495984568
-0.18294889947019663
-0.2969682712072123
-0.24574033169496654
-0.10563846690803673
-0.18513673351162419
-0.037036013011927785
-0.11562777230762106
0.19525520004664318
-0.36728114939171314
0.14324731059772453
0.25755793441144
0.7206709361599294
0.7781656403548768
0.6024098221249738
0.5559316274493213
0.3409257603565325
-0.13875676474688192
-0.010766092551534483
0.07977880710641769
0.2857426981323154
-0.36142379936858665
-0.23332214583716976
-0.23808874381079373
0.005791863470513653
0.0827313601844815
-0.6679837945835714
-0.5515524845644497
-0.4736929150648217
0.11525273597441352
-0.39041474671178966
-0.41950669496353116
-0.35429731432259726
0.13173498644526244
0.12963846961651204
-0.36944379023834983
0.24338625998867536
-0.2158703492019277
0.1379909203720196
0.2684891026566757
0.786567981652153
0.451561629110463
0.0035800517829884483
-0.5367594041809775
0.18578406675890924
0.33740460368813846
0.1325845887773118
0.11133299996723653
-0.08498537948654719
-0.21577488491547384
0.16391332717083676
-0.4669847317758839
-0.5033034092637727
-0.40212978651254977
-0.7180876130515632
-0.2621191311200054
-0.5991300865664756
-0.3142322188325117
-0.12913448371085576
-0.3939859035269285
-0.11162220556812784
0.06697620268004244
0.03488319971283394
-0.009982837991161989
0.32330797380276255
0.007181742641397356
0.26172857203251204
0.42916784136552294
-0.07018855804258688
0.5081575777822281
0.5590863897122936
0.0014387413800128939
-0.00426205781009608
-0.3130341116080039
-0.4070875700450179
-0.6914179020482305
-0.48271594532811496
-0.8462897102083006
-0.7516790026416849
-0.5063411419207281
-0.8591261128734657
-0.890471485440041
-0.8655577469178887
-0.6829179779460007
-0.32121944725277385
-0.06397081588208761
0.5095910060799883
0.3139729436145874
0.26606312742086774
-0.017730498728229484
-0.021857080872882923
-0.13268166108694743
0.1807879830073393
0.5422798091058967
0.17138293778201655
0.10754467413702386
0.05131294239541585
-0.17228368001521016
-0.029427691363466832
0.008902807226174989
0.5610978355519163
0.5181888116035193
0.4856860403372346
-0.271865789543617
-0.37945630896865284
-0.7446024895775267
-0.40502288584260226
-0.37911439777023725
-0.3796872153138007
0.5098505191346036
0.9374037917514845
0.7469299464783383
0.6384648511577811
0.6338472726317894
1.0264371777409265
0.7552092182050599
0.35485090135868586
0.3856605110182697
0.013039639660984334
0.09117036454494891
-0.06361808157612772
-0.08992207841472585
0.48785823703372205
-0.32024253044572465
0.08453184663288518
-0.07327002793766026
-0.11363446047891078
-0.34860659433632035
0.28900025727430273
0.3770734588589811
1.6167133119733041
2.2601188537432266
3.1873645367803216
3.574080766577297
3.405729566788524
3.526420668319465
3.493344774743649
2.994844429212687
2.612032035867598
2.1669840393602526
1.751717654958084
1.6123826785022952
1.4704852307405725
0.9331095985770012
0.377785555571268
0.28037646951977313
-0.07829837425778043
-0.07731671440941154
-0.12748268598041632
0.30002456921945
0.11031068226828947
-0.04747924677465172
-0.01104401399024994
0.20082119826655312
-0.018244915623108655
0.010510888218602252
-0.06804660517507044
0.07422173192160761
-0.6058006162531621
-0.0881536239341325
-0.08863547932376069
0.5195203654652305
0.8322107806562855
1.52143282005213
2.036584009084752
2.245181448572162
2.588035079462196
2.2615104910654775
1.6719496014389632
1.4263489000947576
1.182353460894882
0.6752072526105376
0.3171637457530692
0.1332665287241777
-0.03413808028279755
0.01228497854667447
0.035388521955922785
-0.033176556541964566
-0.3264655248783267
-0.0007557102391700692
0.16872486928362856
0.18708307791625362
-0.32741535510101066
0.29510914741476996
-0.06038727275937879
-0.13501060965003087
-0.028654115994178636
-0.10100115436308264
-0.26734337755990467
-0.1659094305275677
-0.4926002542275203
-0.6089759656054576
-0.1878600685613794
0.012897817951537488
0.822878584342185
1.2362968017784168
1.2716422594981431
0.8651757020735891
0.9035385580186234
0.530246947156266
0.8229202354140426
0.46076993556268087
-0.023214091683981284
-0.24941810199842238
-0.21926507691238784
-0.12733471519341155
-0.281503152109712
-0.29751175827847504
-0.058259018433311556
0.023543094709799806
0.2279455142025771
0.004282145630104718
0.38105104360464465
-0.16404912328766375
-0.01847250239810714
-0.23264073914018896
-0.17499445240481204
-0.315024610932686
0.1482565251874301
0.043659879658134865
-0.2038269416257631
-0.5174539664866832
-0.5941867927960479
-0.20348526823184424
-0.027063638340957603
0.23292797446398666
0.35566871817096185
0.28028699976726024
0.6103494205108424
0.3066958939748496
-0.1437827348183087
-0.08282872970404537
0.8971311823584035
0.1398486942721885
0.014369787131316947
-0.010340868329534698
-0.09379261931131594
-0.3941134262880865
-0.044386117638237035
-0.1891697687073832
-0.16074860907589755
0.09543481599525007
-0.1730760850505958
0.1126523243940772
-0.22637837304985636
0.5933370268126603
-0.4228692623004106
-0.15003509264580847
-0.3466163468346158
-0.24781102507499111
-0.3438973794955548
-0.5137763392387663
-0.5219892507370415
-0.49225636085848407
0.16441762863386597
0.7697498410897466
0.6522570324261031
0.04400817907497877
-0.06379023287487759
-0.13434719848325027
-0.03302916956739957
0.40202907205193883
0.30414798930451226
-0.0284733555372443
0.11387963228601332
0.09664098925202864
-0.07088189923342303
0.143925384308918
-0.2608954849197816
-0.0938819639214529
-0.16580683717372488
-0.007654421147660468
-0.12098805365975529
0.2209486149274629
-0.28107237427985643
-0.0430304078887162
-0.05875385994552199
0.18078430817617921
-0.011936480948446411
-0.1992880351958773
-0.34163456482557775
-0.1469564966441801
0.2819425357997715
0.07113212714960741
0.14976807932567612
0.10130794578643543
0.08554960352012157
-0.018963403886006504
-0.3050075983163337
0.16671608519979747
-0.022047723824911516
0.05744883916866814
0.11679154961149789
-0.08219591896532821
0.10667711462246805
0.21246410277001723
-0.12008099281266545
0.00624473939059422
-0.028315114065507338
0.17025179418093553
-0.4696015169148656
-0.12869645623581946
-0.21400694668371825
0.14395284807676464
-0.29891030681592645
-0.23506154904086363
0.2276990529954296
-0.096719937975587
-1.0359395794816788
0.03503638853958722
0.2822064853629726
0.308382396615806
-0.014459169506341374
0.22459024544979314
0.057215708524491815
0.041685225998239754
0.32143025966793376
-0.055434662740501024
0.10303291387178326
0.0354036615278118
-0.201370189028256
-0.26456508971112097
-0.3078151042359012
0.02057818949756619
0.30285119113808934
-0.06023705390624691
-0.5048513380986563
-0.05239861392423088
-0.08993659157182472
-0.33699168557710807
0.009636248958681117
-0.1261362061099996
-0.12619408057457746
-0.039039797635740135
-0.3341225625577714
-0.07680188518118335
-0.2516155299813218
-0.08378343311168765
-0.01011922890944836
-0.38737074013882283
0.23108256845787348
-0.08293996282950515
0.09072754822605214
-0.04790139581445752
0.021728039080504698
0.058571394977788856
-0.07677996080147716
0.06377157524580115
-0.18087899024385135
0.13769397484268805
0.2704489799457423
-0.32658944797655504
-0.09611175059773301
-0.09181670410969818
-0.12484205400142405
0.05461642308967474
-0.204652689803212
-0.3639209143137401
-0.1709905050373788
-0.1206908827059812
-0.08132297284824076
-0.30452393473866485
0.0108216789046257
-0.3102901289752278
-0.05065531689670896
0.10990180997097317
0.0454179999887598
-0.08874285102299365
0.23698083289995356
-0.014622826582972854
0.034568941219916195
0.14785650513944953
-0.31158688534108997
-0.08506882357596911
0.3843171568673947
0.12228573411358573
-0.2783434644843864
0.2901993240796978
0.033481727649675205
0.07946261411068965
-0.09870281847560387
0.0435444901132597
0.07433287202435103
0.16538066029797407
-0.3037116972702096
0.1691649733517295
-0.10786349884429221
-0.12268293956391402
-0.11475469982594255
-0.4694163517791335
-0.17479324639117122
0.3830222485221462
0.06605201820395355
-0.1632823856980778
-0.0067285483109478595
-0.1949655265967274
-0.09563339373761325
-0.1752081658272339
-0.09491834634835714
-0.3702213763985078
-0.04985685675117742
-0.5017729229895388
-0.024083874783095937
-0.26227605398004405
-0.26820244583877645
-0.16176854510789518
-0.10526809156851308
-0.05663824270641099
-0.10274696893945882
-0.040643601153410085
0.11261078424856805
0.17161394470118854
-0.31233761819363837
-0.1085967575378891
0.4304742010074761
-0.0401949238871659
-0.12698296814261478
-0.4641002062435445
-0.36448409073124266
-0.2845400531317312
-0.18453974757457636
0.08071867175739192
-0.3191604416438211
-0.3307601776777769
-0.01873681069612423
-0.09252118845118452
0.15145115875367543
-0.158014287491788
-0.23910304340085395
0.06146721216553371
0.20793904078763364
0.006279875450206511
0.12980989371989324
0.37278162962141764
0.5102280941302894
-0.28265243536377377
-0.06838100557044796
-0.20885097619098128
0.12661531783769298
0.10718604840704274
-0.12408144844528557
0.08341785709905766
0.11976372847666267
-0.0837668728174914
-0.030549487599391616
0.09552483232583957
-0.18692192234056895
-0.03450976106484446
-0.17692374947037562
-0.014228393705511051
-0.1078668842690206
-0.13302407709652844
-0.1980248547163211
0.1477520453256247
-0.1912888980017152
0.1497929417823482
0.25853091769659864
0.2459778774635673
-0.0750767773206465
-0.19654675779426672
-0.13977602789397722
-0.03599555993156514
0.006790856399687176
0.049683534191176486
-0.34928978672458244
0.2764169323161068
0.05143817500338401
0.15313736946527248
-0.3800308710871351
0.3217867694820979
-0.16428138553641422
0.09510040603083167
-0.055027434192006314
0.3022464154830043
-0.05276745273431515
-0.18960784529257016
-0.13222903829435353
-0.12519845710129557
-0.14498195407465195
-0.031980411077173324
0.020166043936822885
0.19400218774067898
-0.3991523711382161
0.36665800250522174
-0.2708350756935431
0.2197785827741612
-0.169825081120912
-0.3084920391532318
0.007042928643534311
0.1951994842850244
-0.06817901511206527
-0.49515110580242944
0.12397410777682286
0.18114467780338875
0.18585649958432907
-0.37339409281787633
0.5315155247527937
0.19498696088183903
0.05249308913306088
0.04152470938317535
-0.04540716741696661
0.15568071709996856
0.0025311080347825868
-0.08181600724285212
0.04978909256564628
-0.40776125790833667
0.09142091673395389
-0.1665773208765499
-0.2373349746108238
-0.07417862136733586
-0.06590369580604956
0.21909358273502652
0.22445426707425178
-0.04747425835005236
-0.21862047114713265
0.09873128514755262
-0.06227297877786004
-0.33914050982916943
-0.11037409278522295
-0.2856451493440306
-0.2907737825987489
-0.011182857933936027
0.29516360794702146
0.004022375678270026
0.06651713635008302
-0.28937555927010933
-0.19036373805354945
0.1915783283805803
0.0956135430309737
0.15872591228830968
0.2324446223014479
-0.32100960612568147
-0.3646491277082348
-0.18497253087947316
-0.22583168362853842
0.0063175971901988995
-0.17248794441372894
-0.25283537973555514
0.07304950928812695
0.07616850090891529
0.29871784121976813
0.11943611680694045
0.031694691226997286
-0.12220354915519531
-0.0004487126817734902
-0.03759487916826803
-0.6278007031105529
-0.2382060161881671
-0.1995941535651052
-0.18697566569744006
-0.12828749466429873
0.30457265951052026
0.2524001076782362
-0.26681515659840227
-0.4002704188475497
-0.03897291815615559
0.1683056587642908
0.08841452850355185
0.24783525799784856
-0.15407087505609166
-0.06612275591684118
-0.10720106799706627
-0.2212633820639472
-0.07678837799877193
0.15892097792069299
0.08641236489052043
0.3814587469250527
-0.04834353792212156
0.17969743277292713
-0.22612534413723692
0.26106055762508057
-0.23748113004729024
0.052442955951048455
-0.030009962347191804
0.03913273498849179
0.2686269333446
-0.038916759788191146
-0.36634186884867165
0.055747177616725443
0.04412660953095416
0.02718698529838616
-0.2619623858061654
-0.3808133705808534
-0.5223580600525997
0.16277329734745888
-0.1572258055326131
0.11534012326323058
-0.19789762834830557
0.35053897247354987
-0.2843619734168397
-0.19772060514549522
-0.08889371524144805
0.12968657170325934
-0.10109347740862158
-0.4106027554220523
-0.5245541651399166
-0.28864819768670785
0.08867236389407494
-0.10436269046976494
0.08956124044031946
0.1502079894086296
-0.06249024718893965
-0.0634606764674539
0.2093443000973501
0.0069675930681442145
0.15600796589469845
-0.23865705482941996
-0.19992535655485186
-0.2271349011941099
-0.1918701943070211
0.049171637479535325
0.17692254230568447
-0.22325390075586202
0.2085517818406091
0.051771249241456846
-0.030268108648187003
0.5469613610989925
-0.015454472034869677
-0.3833633510233085
-0.037374985246380665
-0.4756119871354587
0.3118193025995529
-0.10514487244557398
-0.03028595783643097
0.07824027428677859
-0.1952021374846047
-0.028606044100732437
-0.029917975850096274
-0.09038282929384915
0.10498419514102857
0.4486234356206344
0.14901561876959632
-0.07692402992005691
0.051651799209849344
0.09461475228264042
-0.10583655624493862
-0.27937747796992474
-0.14546076021613574
0.16902656170455793
-0.2730323693268968
-0.08848862307033888
-0.1567007037000621
-0.012497240902069924
-0.22707501990550072
0.056409953568317246
-0.0642663085069736
0.024474307638954956
0.25698406852558764
-0.14450445396835884
-0.2654811204001471
-0.16438449723805298
0.28541733791160395
0.1990970982178592
-0.2731260221750518
-0.04175454663148319
0.04670884376289195
-0.07817338543172464
-0.023308109838100378
0.22834743597266416
-0.08891714412962615
0.0480060603102144
-0.11726064556674744
0.1297474745570451
0.10386711036050467
-0.26861778245397167
0.06416188026392945
0.07579845525531073
0.12483921795707009
0.011272615938678076
-0.030484809774443924
0.025274728914989563
0.05306227754174893
-0.13662679036155528
-0.21996208467149203
0.10403407872912046
-0.04642571652131717
0.02316592097570818
0.04602389001548371
-0.026210183543241755
0.17079564544423467
-0.04584397278667075
0.12391028106175857
-0.10657431954665707
0.003984338412888218
-0.04621474180234932
-0.19896764060371475
0.029147235121402017
-0.023718598177236247
0.14660257661547083
-0.052154249512150114
0.22194112606848887
0.07416336379709428
-0.2161954715875095
0.03745695435838915
0.2181207143372767
0.2403006318980364
-0.22566706232611394
0.12376471746908668
0.14395383691672248
0.08283186065288066
-7.006255925123143E-05
-0.028194659745265877
-0.09849752269760412
-0.08144915142320554
-0.12239623063434969
-0.12709052282686892
0.11236612151452326
0.05884617965722764
0.08427325801047007
0.06335243766334095
0.16874351633185325
-0.044833691238578804
-0.022651440447695934
0.11925644381788995
0.06449435867683029
0.01894113411596746
0.07011323403464202
0.017043627768510393
0.0334569355021368
0.19866712157954192
0.29593463091356254
0.10799828179699307
0.285669798155565
0.055515310184657815
0.051308394833712384
-0.2970601328076185
-0.08934335238401614
-0.2160443059085413
-0.34641215944574183
-0.08625641505955048
0.05787699654561596
0.014978866696780519
0.27173014326571443
-0.032554875595751646
0.045327909922381004
0.25492359300193196
0.02118113328181186
-0.16917304449402726
0.10345225498907297
0.1597653195781503
0.06138573497562533
0.02192051728092844
0.4371603990655027
0.15937860008741664
0.2739528356967674
0.07603486794503032
0.1340760988520535
0.17061964484188805
0.40666885088857124
-0.15850276374474376
-0.024320165928771054
-0.27378010991925217
0.2354717755852362
-0.12491047141355277
-0.14670977169470714
-0.15655559627603466
0.1428015863878489
-0.03844044883268332
0.13493270793964984
0.03668627412665529
0.07851454068167125
-0.11718730498112019
-0.10798363359415321
0.14002570969217348
0.046215234617411685
0.11333186135727537
0.010923735953063679
-0.029316425914594352
-0.03925066405892358
0.1823377913823079
0.08624146703718277
0.11804784330835633
0.7202474637386261
0.34370048744597914
0.1577134275601733
-0.028126531833604394
-0.13352013299934148
0.4646206898402765
0.38888764350902677
0.11161407504557957
-0.06025581767681554
-0.4234577232426666
-0.18664327764516417
-0.15861050638554694
-0.17307241949170493
-0.012610883243766165
0.028094431487358455
-0.03485200535047536
0.11435537362115047
0.08229467965058175
0.1887803944921382
-0.14412886826938323
0.041846743655454585
0.07457812436898409
0.07128730526954688
0.0038160388845933867
-0.08548257685908667
0.35380894797456514
0.36613795373333546
0.10611428711938756
0.36262683829405534
0.49216427320747635
-0.15050124348160318
0.25907452032930334
0.4939454640219544
-0.10680668393065047
-0.022353660020370748
-0.4721841203711472
0.002845455255923762
-0.027998681167694283
-0.38068461204214527
-0.018945237217713726
-0.002881751645992308
-0.08515899539743303
-0.13816505322000736
0.026827933813895047
-0.18281990736891363
0.036207940656732884
-0.00434923427448287
0.03266040427849572
0.04222843494678281
-0.24784893620564705
-0.10273000694286513
-0.1857069037856481
-0.01662816774591814
0.39124514046366304
0.30417449691808546
0.5379618440837431
0.0985755840984051
0.32060972511913427
-0.010597696347397292
-0.3024589231259314
0.04069379481247517
0.21158625417618393
0.036307067881948214
0.3202596500138632
-0.13326184000337718
0.23335958366405674
0.020049261976555665
-0.2216346427069662
0.1197020135793587
-0.0927299621725373
0.09158023742130278
0.030320168041711434
0.032184902222596665
0.0906492821009905
-0.10111479183920884
-0.16856322950841426
-0.09304496315025099
0.1776012167023899
-0.38949263864795536
-0.1768018517263999
0.0428030018205072
0.2168744118659929
0.14906955472240052
0.13754406908394015
0.026563053710721974
0.47071534081816385
-0.22360688069189563
0.022720476486817198
-0.2368476607322525
-0.14376433271110264
-0.32336175949823137
0.0972680539755729
-0.1640226048746743
0.1696380208324609
-0.07028197454158769
-0.17371935333913008
-0.15272091796332
-0.4199080520395916
-0.4590585621845537
-0.03522927290803094
0.023078935102168276
-0.07062368522337704
0.12440564774566115
-0.06156943163259953
-0.07620370904855375
-0.02334512614537419
0.40487806420474076
-0.015365264875883803
0.1901676487776847
0.45078738351837017
0.082559972851616
0.11574492680216875
0.1252992048776393
-0.48578030841474257
0.22647341067637267
-0.2268684108888477
0.19849223340576336
0.017077053428655488
-0.5075477418284099
-0.30603235215682906
0.0917930609746954
-0.19268812584333847
-0.4013279631853772
-0.22494188367964923
-0.22254979879856804
-0.19650110829778525
-0.026702081869143315
-0.06486655530672454
0.07408442292463775
-0.293255192592008
-0.02315299018832704
-0.06200492619984204
0.24486330998472924
0.07428952723091703
0.32136450113781
0.3453659854610833
0.26207127240730504
0.2771988700746491
0.005280530897673161
0.2695053537505142
0.29504598052523273
0.7491395436118284
0.44018269777763114
0.286229936161875
0.3198313939454416
0.10879542572010381
0.17079655253046433
0.3920881694095638
0.1819764287433156
-0.8247828070635975
-0.5815510461173504
-0.5271036064938638
-0.24165752498547396
-0.04663415471469572
-0.021117835693000825
0.09706053688668313
0.10997820680659762
-0.21620036922586308
0.29746014531241743
-0.18879135134508918
0.002856630159862829
0.23390708354241202
0.33868539974817785
0.23544513867760014
-0.4076764972949776
-0.2695062047652863
-0.19344257033217424
0.28110429880771715
0.09237718827641643
0.3724392153995434
0.15882130017633642
0.2187480772912471
0.503745879584295
0.037193624932256926
0.2952676711263739
-0.23894375529687642
-0.8386020064129351
-0.9143875884470958
-0.7818541770342651
-0.5012288153283632
-0.2678078345781343
-0.23445797493560525
0.1696625106235541
-0.09371334098542516
0.026157166370409456
-0.11343270244617952
0.07916132737524546
0.11766729331162351
0.11473778795354692
0.19858315563216172
-0.4283690875227433
-0.010386002666364816
-0.39334877648534106
0.637962419511599
-0.08579451757595231
-0.04474006778377657
0.4421576985473994
0.4836801830401241
0.5310074403972708
1.514847994837668
-0.18291857843111378
-0.2196820048261217
-0.42301873354318226
-0.267619161394852
-0.5249682492943663
-0.5254854277726049
-0.6284053939877088
-0.5306257977115586
-0.061927980278736104
0.04659331728287868
0.21569373532103717
-0.08800005102367564
0.13124365345138367
-0.04900702104096388
-0.0964172468533245
0.09070069440327636
0.15727522117854817
0.012201278925373116
-0.39196862602954957
0.18050454597602697
0.3478121282064359
0.17030310578541488
0.2920309631372422
0.00018815967627614028
0.11155030701272678
0.9803847501761196
1.2134299725608426
-0.8319117208897058
-1.0851132482517456
-0.9903104726462528
-0.4920133058105558
-0.6016058822388275
-0.35916166543224365
0.1711140603492924
-0.5298908930490187
-0.030443581989608472
-0.10304028346672585
-0.10408519648864586
0.07124932771387861
-0.1351306235135542
0.12878319324903756
0.08040168862787461
-0.007942980562080865
-0.011347212702220211
-0.007954894955495045
0.10335755293623622
-0.5937766334695468
-0.3332431434601458
0.1430558244638391
-0.65281045807609
-0.029467188662723975
-0.0066359837830433435
0.3573374922141016
1.0546101620856978
-0.4883704223040098
-1.3483769614799028
-0.5364933474381514
-0.406556047440174
-0.45106120156161655
-0.6780176383502983
0.10354984621138252
0.38455155874717367
0.20859199399943257
0.4421868012672531
-0.010536575175816203
-0.3319309524373824
-0.14237976623632886
0.20271299820068286
0.145992587107191
0.2490303037861043
0.007506707430017239
-0.1778438309284249
-0.07008164065711604
0.10018546748223738
0.30631931618765107
0.6485522550093028
-0.001524799398896979
0.4947346109393718
0.4365163929045197
0.7332800110072324
0.9492567536794089
0.26231686364765755
-1.306399074902528
-0.5089552767597136
-0.0752233508533457
-0.19748466689417132
-0.18522631014753643
-0.06583494000169891
-0.10685738769835255
-0.1126073300795035
0.11769978137658386
0.04954873244758685
-0.13763570451184287
-0.12004409139814641
-0.08385277911529761
0.18850318406349562
0.2705052009990768
0.254023856320164
0.07350216620309381
0.10963512800838311
0.17273724381234118
0.10072199908331772
0.1235080718364038
0.2700713053733828
0.06566138648231619
0.3533051479760994
0.5286378592431482
0.2157628075865136
0.14916196332851986
-0.7144419422271463
-0.8136943299089547
-0.3569262258211674
-0.5409702850546442
-0.3214402314941885
-0.35788754390252697
-0.3321474726067468
-0.4038917303352924
-0.5772930305005467
-0.14274830740458355
0.10675452488361664
0.09021522090307445
0.04507244198256344
-0.09358772015919964
0.3041021451481598
0.08803756629038806
-0.13291825864062703
-0.03760972440851568
-0.1444835306975269
-0.07736153023379796
0.3075638624969628
-0.15978127015060573
-0.36552999127034774
-0.33617897838664845
0.5990985068677176
0.23819445646476645
0.16506505358102816
-0.33049180477016343
-0.26970967125835915
-0.861590376916719
-0.2151088667631628
-0.5000367397287067
-0.42947786917617015
0.008444328716063657
-0.39466935819593135
-0.15919676522966444
-0.11174173169676002
-0.3248563501438018
0.07299138694609249
0.08873416018913571
0.11359700728898994
0.015242497228613781
-0.21391325971681613
-0.05594015998820822
0.046682579892737386
-0.0647454131572726
-0.08577226532124185
0.04045189123120727
0.041215534023683185
-0.026852791037767623
0.1470444095894388
-0.06649408803412729
0.14688241714273184
-0.28388376730682674
-0.6731230441082687
-0.14043760682785486
-0.14433707201911325
-0.2958718329591448
-0.4727796510194567
-0.2510958877863995
-0.4354385188393077
0.033664038232053474
-0.21491742297632657
-0.022431560946070423
-0.32528049485138966
-0.16734489406917452
-0.07583228418344116
0.10299022995328122
0.07035248577978338
-0.014054083948068839
0.007227587289222886
-0.15399632310137004
-0.23025865602009613
-0.017098134761457696
0.02647347496961988
-0.06221301217947042
-0.08986165977226014
-0.22869228157530622
-0.0021147166963089094
0.19241688335348078
-0.03659832117595746
0.14820336786140426
-0.209630767351233
-0.4979026355463993
-0.2869285188070176
-0.5145145739832664
0.19847459704094447
-0.2880197406878458
-0.1959461107615584
0.4443388623418039
0.2724973406858115
0.12634212978741782
-0.3792208413908746
-0.11609202786181896
-0.03389142468414978
0.13708503037876602
0.15906067946293745
0.2822319659349236
-0.11696885306118104
-0.06785996703929975
-0.0026409780759878115
0.2409949619687399
0.00025241627751209175
-0.0882036397675697
-0.38832092108119537
-0.2967741742958927
-0.06882161532573823
0.07929136495421417
-0.050006144986517925
-0.037076684901284615
-0.1019403164573451
-0.05002405689071101
-0.14619500642048086
-0.5570606084496107
0.06957392000442265
-0.17591163852681044
-0.4165969195090556
0.15350634030749719
-0.11753704000920269
-0.18057613027341485
-0.12919173407829307
-0.1646203417871262
-0.12060478376265413
0.12510529557286226
0.0714390409502244
-0.14344160910377418
0.09176570638359578
0.058176112978850114
0.031786213320519376
0.11395641816407673
-0.0681059866963359
0.010327544910832287
-0.34693517983297656
-0.14151183836578257
0.054506511927334175
0.05719807546901076
-0.12471337256331123
-0.1542756803378597
0.04708114929386839
-0.5526280458994531
-0.5088671911908169
-0.40722936620646544
0.08224525318544915
-0.24971069496948936
-0.4593872885773906
-0.38014440633086927
-0.19852253011277396
-0.25185042325750495
-0.31477445223359646
-0.11271765407190926
0.22177804270970236
-0.27122388898231903
-0.1636791923654587
0.00421416842148523
-0.025007036529094792
-0.11528024016245994
-0.007026521589589348
0.05117878856104886
-0.1790943797909968
-0.22355668053813232
-0.07324399964298352
-0.2866357402734629
-0.19286649143956391
-0.04982557683233807
0.3622340386023463
-0.4233201099289343
-0.5829228089228987
-0.5198572439605943
-0.16061643610435897
-0.02871893830189661
-0.16654374028192429
-0.4439242016132691
-0.39261987170815016
-0.44004256496642197
-0.05778337174626876
-0.17957864294743767
-0.4635761103142376
-0.11431691525378705
-0.2966328132338329
-0.22824363943154138
-0.18906569856280891
0.05005015683861303
0.057728965437682925
0.090229458914651
-0.01657780665378307
0.11472169017653223
-0.08793854924693947
0.013615743469695489
0.18001668116196645
-0.04751277280593745
-0.20458413493168912
-0.2927703122934489
-0.2844271460080761
-0.4726979021420679
-0.4751468299879961
-0.3385442999534213
-0.22136230176857313
-0.2106665554588307
-0.20737013639135152
0.05584354137962552
-0.12209511187586113
0.10441315595486667
-0.141276743036362
-0.053152060291964016
-0.428618777856174
-0.5518591756695109
-0.34155861568394325
0.04392567817441868
0.0022070695759824743
0.15764065749550343
0.22434739715982507
-0.13237956797503891
-0.020451476134877862
0.023031622531777655
-0.1489728878204004
-0.14436792296244919
-0.002220796611483778
0.023810295161661322
-0.026494182084572264
0.01287717317691667
-0.20715051373554685
-0.07277035077194664
-0.36861586214427466
-0.5991698665464896
-0.30822241050416643
-0.23309995706405648
-0.059525594966677225
-0.25208046324200223
-0.06290949087256409
0.06026652435765942
-0.24180445289982608
-0.10102576178168349
-0.2598788057389603
-0.08249865995048646
-0.06157579469712767
-0.12256010944721497
0.1296455317967273
-0.14460034436561742
0.1330015080232893
-0.16938479359210415
0.11811922179379096
0.21301461397208152
0.0678683893470706
0.03819223846317104
0.041380610847839006
0.09988554146454252
-0.27117691481483014
0.008052908835720603
0.08367775771076952
0.019417051016472085
-0.271760304926829
-0.05516881777302278
0.06046569661848109
-0.21044362968941058
-0.05197777280238191
-0.1604738131271255
0.03946046986512593
-0.35861398509234493
-0.2459533939899854
-0.35097800376024396
-0.17817075320333195
0.07276254442708675
0.02617098318487111
-0.04498421853804685
-0.15659848072883978
-0.040833346216525415
-0.058325518023434185
0.22881135392191415
-0.06534892852130225
0.1164905625039315
-0.026299724706094152
0.08682104359369903
-0.1405804891281843
0.10338330681855444
-0.05279779860744685
0.1535359370050576
0.08651775010979815
-0.22813620338340912
-0.0895015876635284
-0.12580056356556524
-0.1982869516193309
-0.18276026390467714
-0.23533703615499382
-0.02769040420479414
-0.018100020531812096
-0.17987244673007924
-0.09463508355541649
0.01414120565492553
-0.09662411361459494
-0.06576049062802566
-0.1721372697598813
0.07093340476368606
-0.11991535939440832
0.011922385900168229
0.10434452470931233
-0.11383370583234732
-0.0018625249044363914
0.24512077965844614
-0.16049039639045895
0.0782956936863919
0.20595659158939053
-0.14770348187139734
-0.13448034372778428
-0.02603459934748737
0.0329770834443982
0.20235155403792476
-0.08326685188183898
-0.12279846081052331
-0.0018934475536219026
-0.19529555589448178
-0.05857564630033373
0.010619613151562058
-0.21121871805976886
-0.1740358878067077
0.07306443802913595
-0.023747966441909567
-0.10921582025411646
-0.0630789440925697
0.09693990454238474
-0.20567748347451287
-0.0724490027760903
0.13361685377510946
-0.08703068529955707
-0.12425046121875966
0.14429495016041846
0.19222216429063393
-0.1821944395945423
-0.007915283772550036
-0.0879407893408066
0.009995874383021984
-0.04095961041172753
-0.06741959499136731
0.24402289917246728
-0.09248117668546406
0.0878660519982541
-0.36424524468356184
0.001177372478373224
0.03308550535099423
0.03506084597085848
-0.22275081718875922
0.03560137640858444
-0.17488657253532575
-0.2524292029004311
-0.04877728038429546
-0.014287016512249943
0.006033377511396746
0.01784925622583653
-0.23661990511035857
-0.14476133578532283
-0.1499005260094726
0.08810912580196695
0.030308517733561358
-0.24301978663096407
-0.004662891484795493
0.02569979127705994
-0.3119814596980899
-0.08645912118097056
-0.3628054404366583
-0.023846574494567
0.10845134310173879
0.017256025109287528
-0.04394168603472933
0.14866555949590843
-0.14588408427648553
-0.04205540642126247
-0.029623903433716393
0.06659635732090492
0.07556052392520238
0.010483122599364113
0.026031511205953956
0.03853125599017456
0.3266094245520414
0.03469638750541815
-0.056266613653139425
0.1453770615167002
-0.27671624971013503
0.1165700143616297
-0.15863062562075653
0.04007224359795643
-0.0107641652028446
-0.19107602960703038
-0.09701067024357908
-0.03458869672667873
-0.07832306772396927
0.0016805776512347687
0.010363801278586358
0.03984105997533273
0.20508764546232566
-0.0506303027383883
0.0013950887795268834
0.07043728543678027
-0.373661136722871
-0.20107857052945707
-0.10226428826510393
-0.27234817633765107
0.06402951121784854
-0.0672468875702965
0.08045813614476566
-0.11637801125818306
-0.003915615755840165
-0.22925930176589296
-0.11295028414131972
0.06459601593829413
0.03897303651730434
0.12913866386330808
-0.010358186507913666
-0.032269033934830736
0.05966531948021622
-0.05091628894969247
-0.22768870590525406
0.2502475616094099
-0.16237316967239523
0.000786794664067725
0.09707410185405983
-0.25143612727787995
-0.28904912962541784
0.0003583889919201638
0.14261026604251403
-0.2317260061881974
-0.012043288781180585
-0.26619440546669587
-0.29366190259608516
-0.41154789474985126
-0.480381608985047
-0.17097928842111204
-0.050784044025493656
-0.24069690907782615
-0.02977895158302192
0.055865106986630976
-0.10587731082458836
-0.17386021492026313
-0.43215816191501993
-0.02840017261118885
-0.4337431122965054
0.07386194471265317
0.07865047631763848
-0.07861782827501784
0.2224914280257256
-0.14770081256098203
-0.08136825192639223
0.16015199275486602
0.24806901620242955
-0.262032877012649
-0.1095947208757629
-0.32201051395414204
-0.20843696387720265
-0.04209091706152093
-0.07056080706487206
-0.23904315964911432
-0.40989041711989554
-0.18509921296130194
-0.8088944138807236
-0.510691038360955
-0.22448124209669554
0.19832834690223006
0.16524158809310113
-0.0837701240334163
0.10138126910197583
-0.13263627905550499
-0.280231838961093
-0.09548987741685815
-0.11328301903391781
-0.10387591044668101
-0.11448555571413853
0.07335681798157773
0.00022155499277015474
0.01308871182094489
0.23752365889337992
-0.02286587976647639
-0.1442640020050015
-0.4055464962582562
-0.3366717471724511
-0.2439066624071046
-0.16353788218480939
0.21403811623713836
0.16665657250599683
0.15975461442813332
0.44451340684092694
-0.13599735895627585
-0.9252186347671818
-1.1777977170164964
-0.5539413319303581
-0.387024515195574
-0.3199137455793903
0.1761654598432487
0.2640729800930806
0.0307514047075683
0.005007164827518954
-0.2641717479505133
0.0436441470883561
-0.13578851085675664
-0.18384880832011632
-0.32960370928396193
-0.016958045586595378
-0.1449882411210029
0.009396388839711762
-0.1513401955366832
0.08559089688715156
0.009706880826840517
0.10721771121064734
-0.06315442154612397
-0.4594837115972573
-0.32219728843829787
-0.6818447666587657
0.34639831976725377
0.8569411068073264
0.16062788835806677
-1.3757628047867958
-1.9287879331797313
-1.2573317306656628
-0.14959444970043906
-0.3180012749342086
0.5025090397140725
0.1896602842324556
0.0716276919288194
-0.3931947853031235
0.1310353767914661
-0.011711313930339856
-0.21048133196420205
-0.15208098401881948
-0.25984663399054664
0.09154957900558566
0.07379782459846557
0.18907768101839206
0.12374829826450191
0.15408611267669167
0.18004532285356326
-0.17424225609378166
-0.029113338726981266
0.4217796422096352
-0.9473337467770819
-1.6849207676626026
0.598971467652185
0.988873894563293
0.6110371340860302
-1.5003444775400918
-3.0221625503617924
-0.9173946819329067
0.2633279421072954
0.21839657966853845
0.34328973460934814
0.6742072869300154
-0.13069229267216126
-0.14208139991484367
-0.004260957250871461
-0.32940558929276237
-0.4898438181625694
-0.46988596998536236
-0.14630989287888174
-0.32295225103799613
-0.060250952005514655
0.3119774717747643
0.059900003981177036
-0.17326650801430096
-0.24175389936651748
-0.635726143360369
-0.003936116247523519
-0.07843541848091815
-0.7425423740239168
-0.7300146347782904
1.1561684251125195
0.7384740073518891
0.5196088569287411
-1.7518857208285343
-2.228116638478642
0.5476040493031663
0.7692526534196342
0.6993940114864304
0.0805449818297666
0.42939193379869717
-0.21697373921199306
-0.29568412426906887
0.09409191046893915
-0.5259662163700289
-0.33528298479954616
-0.39738917562528214
-0.24240117234776945
-0.09882191109161194
0.09380530165308877
0.10274969736230755
0.14337374579196555
-0.30800413741441424
-0.49963824881095514
-0.5794267358610238
-0.10632709046174024
0.11811635502917303
-0.44338221578357245
-0.5352312609661062
0.6818297886380214
0.7588201193666221
-0.21817926690993622
-1.8547586083080447
-0.6259907883489367
0.32139374242757973
0.0937791333139284
0.3095366898531763
0.25968753471525974
-0.12350733076959175
-0.47386202306345
-0.060707985815764115
-0.4923680254661294
-0.396020156953987
-0.5244192539502441
-0.1654022593633235
-0.1327899668209754
-0.18475614681340846
0.06203942922913011
0.03655077225973889
0.036731539789753326
-0.126018966515856
0.08803452237843842
-0.24604507051463542
-0.39960255460898836
0.13384162585428147
-0.5347362862943543
-0.07781638579481548
0.292281039275681
0.20211126049013353
-0.8518148478188536
-1.8074696673784671
-0.43133725156346475
0.2702718997264977
0.20301282211673363
0.2828586648942099
0.05134651690212519
0.10102031650612482
-0.26412658684976614
-0.20044899241172054
-0.1035437437708523
-0.25722148152502816
-0.23370016039167227
-0.19760210963944105
-0.006309598595476649
-0.2461399297204899
0.061622242966872826
-0.19128124263973967
0.03637236112498709
0.3380065623562187
0.4162645635763737
0.05169078699371637
0.2723517585057375
0.16988320622456762
-0.7022131308239842
0.21093209347686523
1.1365190048078626
0.39234806994601024
-0.3518231947465174
-0.921555826934922
-0.32950575151811096
-0.0728670943695487
0.0946194909470264
0.11814995355091194
0.07791010964484342
0.03581509525546055
0.005860780949227561
-0.12955956124687545
-0.6265936281393011
-0.3204920645420023
-0.1738210169994403
-0.10085492482290599
0.14484646507041418
-0.06516503473767453
0.03868696621027642
0.1285326178018901
0.256564354644135
0.06802108752822421
0.36936907988944007
0.25878158878948143
0.3281105733642592
-0.12266942693401564
-0.07806487574086733
0.10183702592609997
-0.13662409779391732
0.07548367521692982
-0.3587992664842981
-0.039146872003591876
-0.07129033703432576
-0.004244214243371721
0.35633550934355634
0.11481900067532057
-0.048097379740710676
-0.4518918794654296
-0.23077256569956897
-0.7162348993286792
-0.5409720479831325
-0.057821607102789364
-0.16448358778623645
0.029266364355792194
0.047215124509652096
0.11435619265746806
-0.013447659262418005
0.13510852875827287
0.040078854099047406
0.12223975733659363
-0.27126002248932657
-0.026328110104007436
0.15940255025630148
-0.5271556727351586
0.3038773914870813
0.2407394784598048
0.03518896166280416
-0.024560153596495157
-0.22618706571828748
-0.05279775590566859
0.09294466260077741
0.21077428588546201
0.2031339526841346
0.17120550464670056
0.0891558688761755
0.4916955521542497
0.10179901693016623
-0.22400798092009439
-0.29479556987109434
-0.047584417236150665
-0.21952837348237075
0.16456954849814628
0.046226848037378684
0.09083222214033133
-0.2191428417929278
0.29729583638832585
-0.30328460988150796
0.1116250659232714
0.20194565883184712
-0.18626917256293704
0.02321531162646746
0.09780447798528426
-0.02099494683217798
0.15866337840229344
-0.11392416265808127
0.15125776303990218
0.38399563480445004
-0.256440045808233
0.003110260067505565
0.4688276994718017
-0.20806079119186285
0.22860007330679627
0.39227869013579447
0.1403504648859575
0.4624360868947144
0.03898324093376875
0.06813524091521796
0.04123820662769958
0.12422358724020238
0.13481319535810254
0.13057760690890108
-0.3002372783961683
0.17709662054967998
0.054165395972581555
0.23009714220514504
0.1603049038394649
0.27276165096865895
0.15687415808832006
0.28371080373292823
0.010458364985040389
-0.17310733925590557
-0.15164332051779889
-0.09806477646079016
-0.045074885634563286
-0.010996997569390049
-0.12336972474584046
-0.3710326711559288
-0.03212856613318605
0.05168154172642816
-0.010334401830279075
0.13341001739744066
0.0906011783440764
-0.14294326984381775
-0.03579247206101768
-0.048942923939383556
-0.14363081967782973
-0.21526522312757704
-0.10476069634070519
0.028371404610417927
0.0708030966595178
-0.16548050049388055
-0.06987570565383261
-0.2025200270807017
0.21998003563983543
0.0112053406530957
-0.23541926511431666
0.16647311608300847
-0.14462974902222175
0.05724226832967638
0.21288393376435183
-0.18266026184528686
0.3394447904470487
0.07952659171183181
0.5208887973128254
-0.21535932956577664
-0.22776433605476154
0.12010038831218177
0.17635679460429146
0.1009166705527414
-0.0546678829970342
-0.25479183761667307
0.15171129543975168
0.38846078964634184
0.1703072634252361
-0.1556057383980739
0.13438815747275235
0.047623855270635645
0.03617797372531937
0.23790076780525907
-0.3970482152867303
0.1990027351658551
0.18962500476722732
0.13552788664748777
0.06776615548038628
-0.4249155117897647
-0.018749381476951113
0.0637823011268671
0.3728908828159739
0.07106280112816796
0.09024327827788195
0.14693601286345215
0.3280025919334011
-0.12658002056751513
-0.03340916422486134
0.10821448572429074
0.10005727496709607
0.12340167740011398
0.1684463152820158
-0.098560634856781
0.3030826386448676
0.14652317707824006
-0.1460264252366718
0.2489793596224914
-0.1588490355120717
0.053493051575517085
0.17008764172496527
0.00501464029850126
-0.0045578034822614825
-0.11954369603342015
0.24125985110234938
-0.08896182698890942
0.1661648406314216
0.0742775996415328
-0.5543757146104612
0.12904559036049362
-0.18633265495291754
0.18790693842944492
0.0716778576488873
-0.008361385797069553
0.47300430512451086
0.02214168025072411
0.31312664406763663
-0.13290643095633678
-0.25539921011405775
0.3102389740047071
0.18737835159776164
0.009289042947126559
-0.013329077996549397
-0.06558371933512623
-0.29687329814208463
0.16224593269984158
-0.11324491082762057
-0.018261294037596836
-0.04707961090832881
0.009057246459148271
-0.06846685100473596
-0.15472333734634058
0.21812593637966626
-0.1990876944957022
-0.08491265310954287
-0.30022836703029415
0.07994772908188603
0.20740004702957754
-0.23349636992172235
0.08685086113780845
-0.2724028135408214
-0.20706240851697538
-0.07140961881308108
-0.007476124914519615
-0.23770445552843295
-0.6636076963898372
-0.33158098903008454
0.1217653303505168
0.07898786356302974
0.3774959839666144
-0.18960915778608445
-0.20543226782360155
0.278388932089183
-0.23441962856925544
-0.04456251121585461
-0.05413447390556241
0.06854029544902157
-0.07697471099325959
0.18477047111881204
-0.0881089390471695
0.1623432420074951
-0.09159733941823346
-0.06639393477456923
0.03547400970490211
0.39775880504418354
0.2600428274902271
-0.10472257116313119
-0.011663160335954388
-0.13483504031100782
-0.01844847462605019
0.5127808507952963
0.2762012561269887
0.12565135990494034
-0.2832056703709601
0.00855446457703074
-0.1706502754059411
-0.41094882394870935
-0.3819710927315656
-0.07286492916391625
-0.2824412965744691
-0.3655893092092953
-0.2036513861925731
-0.06299758419387728
0.13252289162206315
0.018775705107162116
1.0757751663176924E-05
-0.1814684876011763
-0.023233614345782475
0.13674478226022913
0.3151544321989812
-0.0008843010921918862
0.04248756815934968
-0.08460309173500546
-0.015540980532770133
-0.12557380718058958
-0.06019564355876306
-0.1687286198737515
0.009082821474627764
0.17481910248368537
0.19868329561508594
-0.25149751694000017
-0.06116037835420121
-0.00591782123064264
-0.026280575929021166
-0.28185232201292054
-0.28083613602933527
0.22463688035893503
0.3389659238581669
-0.1425455587957487
-0.33950323402639837
-0.2752638056697134
-0.0336317205905142
-0.05956837785123903
-0.05478068748714509
-0.005641463733018973
-0.05736128041487166
0.050027858307729496
0.006641909669019656
0.12750914054066023
-0.1527181170640894
-0.0009322332576117901
-0.00593031586729523
-0.07036763268919864
-0.16509201621001082
-0.3587158064149043
0.04884522291258248
-0.28287137142513924
-0.06728984645866365
-0.17486349947541266
-0.5751422370359304
-0.26958181048551183
0.013781258444168352
-0.2588098668893021
-0.31315782989960333
-0.004777734624418765
0.2685836643586863
-0.14304147394134054
-0.23710198589131634
-0.30109065231337573
0.006502567846608283
-0.2124860960530235
0.152670375068633
-0.23485613045462098
-0.1165368865256921
0.1050552591601966
-0.041789377993072745
0.06802159461198334
0.10145298743191748
0.10059690957821397
-0.3201886046731327
-0.07308268705504489
0.0055970404932614345
-0.03461868387891654
-0.17969133103718207
0.37761990116816446
-0.1391066103499178
0.0432700834990843
0.47363477121101955
0.27311016844168756
-0.24186465414316197
-0.38339106078103324
0.00931922008800787
0.23414652530554317
0.07781854906644312
0.09351006556084132
-0.3933983871327534
-0.3365868260741635
0.026526714688387687
-0.16414285403937148
-0.04090622078326703
-0.0623683954520517
0.08137699544774614
0.025317589767896238
-0.126847223345419
-0.12476628476673593
0.03274554046558106
0.0738603369355051
0.016129348917684087
0.44565615818953885
0.04872379505829963
-0.2036060417160606
-0.05847128014067626
-0.035249892895826904
0.16159658750013467
0.19307955462644022
0.08248516516175271
-0.002153359794995263
-0.4037390203547055
-0.25540241538960295
0.3883863058697613
0.22850564445714283
0.058417092366644364
0.08739133750029185
0.0038098629605723736
0.05254368093271434
-0.12428087553597014
-0.0979374883024152
0.08599916984867882
0.0037414458949918557
-0.08661593893563141
-0.04145554328521813
-0.09638035922852589
0.0036735814891854365
-0.12933023872104824
-0.13792452449099019
-0.48874048799912845
0.1709386899811821
-0.038384217131442154
0.10321364030808035
-0.14620025282886945
-0.12798255285183366
0.2938946110509666
-0.19198374399512214
0.05784215010145364
0.027597766412421974
-0.06355196035193153
0.15812958264759275
0.34240211499581924
0.25509729245371765
0.5439614600701381
0.07130329748316876
-0.07788391802443294
-0.22579176519075492
0.015726806129023038
-0.1490747134125663
0.01935343540981958
-0.11137304562120234
-0.11440211195780045
0.038379303413882286
0.04922871419865494
0.09753281864463098
-0.014359644450784992
-0.13503913341502077
-0.14951492271504777
0.27272986656422094
0.1324613368886346
-0.3066860605804575
-0.6751547599826933
-0.06247480385717236
0.28370578889996423
0.09032701137707375
-0.27628260355279877
0.3393889772438551
0.38429856372152216
0.372355017408566
0.18557986072425556
0.20725053967706109
-0.12967429005907827
0.3008549328556452
-0.00403307980631429
-0.006870637614179821
0.33088109644355734
0.016389504959353606
0.06450076671860729
-0.004878218227072272
0.13130910847930966
-0.07566463620751486
0.31234555201556785
0.08219677557222854
-0.13049382670830917
0.08644037133865512
0.055150450054931785
0.34629263196892485
0.05529143633188362
-0.09643593934063498
-0.14666213369321085
0.5243901723041954
-0.1274182742012457
-0.43243982338957765
-0.08791244846994484
0.1328071839814605
0.4710491638134021
0.054564993929701266
0.00654165834763899
-0.05992440258723435
-0.34842522306941176
-0.20903632789645263
0.1742196370282373
0.08916455546536899
0.2086742996755592
-0.10478541654361925
-0.11461762682181562
0.08201031398263275
-0.11754775638724714
0.1461669055328689
0.024233817124135124
-0.06693944093469605
0.0610671047119703
0.20006274901049034
0.03763790097077533
0.13739178262905477
0.0718048234182982
-0.2139450160671735
-0.17585917469521273
-0.11512663130531187
-0.31835238672239174
-0.3992431096192791
0.02787262330922962
0.18954764048733255
-0.013104741139684956
-0.13379917446715955
-0.15958107586482126
0.26226685877040745
-0.21311264321442597
0.07769537780132749
-0.020838730524203045
0.09134920121794751
0.052917084031037294
0.24132551442847752
-0.08850810089136947
0.05045890766948565
0.2531856580832544
-0.16801822058588853
-0.13798405664540742
0.07936485763927756
-0.13193556725677408
-0.15217595040669427
0.05494500424994594
-0.06034431476316869
0.025095152634450828
-0.05387457582041712
0.06340163392652536
0.2276316007308727
-0.21428336093491732
-0.12026912710355274
-0.02011903392026322
0.026271434179802943
-0.07021771907986195
0.06174843705114806
-0.06708042247098103
-0.28518546540482415
-0.07900928355318741
-0.022736588379198633
-0.06579272542048861
-0.18197576055256137
-0.08215503488087501
0.1319594641823471
0.12345592787475489
-0.01642010912472904
0.008608974768551714
-0.23787014870914297
0.004890253997877723
-0.043970781632822684
-0.07441471469317587
0.3453523298020583
-0.08666139226739633
0.007622025585390199
-0.1851813462792344
-0.04869872469168542
0.459635404063492
0.3992515762665409
0.24827756290362232
-0.03322722865945891
-0.031204824339193152
0.06193617563339673
-0.1951734489751883
-0.03195185198681038
0.06463874046688328
-0.08556872692413951
-0.03374177282806917
0.0935145472519848
-0.12088632511437108
-0.031490623290970715
0.016646710262787207
7.591662296001446E-05
0.0876009889012057
0.0886966765243561
0.03297002147748183
-0.034259377310716814
-0.08303374032687665
0.015346513051633676
0.15188018702614126
0.18482697435118708
0.17796999442912986
0.5829380908295808
0.12251728127051234
0.1727851514210967
0.12073721603522197
0.2924048031516224
0.24517294993821123
-0.011125094332148184
0.012611184521527473
0.08638411940540609
0.3061452442002253
-0.12777246492239613
0.2005146151374969
0.3786235047226687
0.01421577216276317
0.04509608853276741
0.20983199620552012
0.012079472366260703
0.05790110568416866
0.10631247260517938
0.04269531175585215
0.02727497405871183
-0.15534899369756217
-0.31296826631462277
0.18504162984414455
0.32212806948789047
0.6809760245821833
0.5006641885721587
0.5855397813719139
0.7307254665049648
0.513257496855943
0.46990559429375656
0.3297171483527628
0.14372951361658773
0.37303017989966275
0.4757360559342735
0.26239179693141285
0.2723019153476181
0.4169812069490288
0.3578063763084779
0.24555788569716766
0.27521201917570787
-0.06153028550975689
0.29180606001154646
-0.05120792067389728
-0.07322680982495797
-0.0457981336325278
-0.04661771974975729
0.1887891114472915
-0.07811536395730356
0.1540730935991864
0.13914413160470948
0.541311135500958
0.48715449213433776
0.7738212047863723
0.7704653261172023
0.7476907628481607
1.020654612403422
0.5642583190419322
0.06829482442070496
0.5842856370209849
0.3040754953714185
0.28355235747234536
0.333345374340871
0.4558436906101416
0.18443947057311982
0.09540713609959678
0.01565260146035816
0.045219555275674825
0.1974613475362081
0.016794028929737644
0.012981406053195336
0.19931792554834254
0.0309659634702481
-0.04240311334755841
0.10626614275266152
-0.15736406467411382
0.0680070322452538
0.03713746286871508
0.13515866298750517
0.7931628689639632
0.8792510229951119
1.0686576277816187
0.7072301716167525
0.004062728886124906
-0.00969764807421263
0.08836971133975656
-0.010678164941451438
-0.017675349419934473
0.23021266065266915
0.5829937264266797
0.1439032532716363
0.09302081217732262
0.09004602142454152
0.035270069580716594
0.16927680070879506
-0.03677253921691542
0.13899967048531628
0.07960705892976973
-0.10780742224779048
0.2634355526194588
-0.07696804179626342
0.1727780302267728
-0.0030085049729983984
0.015135559478713926
0.09054667295372644
0.20180180059653988
0.5367838986969802
0.8159000301227808
1.182950355645715
1.2353619641824263
1.1677525409069198
1.0258801328816398
0.7081802692292921
0.8557312339571149
0.9659505651843722
0.48991530331944294
-0.005795774607307358
0.5547017067359039
0.2540755119286072
-0.11980679040924748
0.388737147286109
-0.034214531975924584
0.18740590847834687
0.4944910771410005
0.2639319793884294
-0.03489843430783931
-0.11529534966603658
0.01471907043510263
0.0642051435344052
-0.17763291357504143
0.18327875663266943
0.30372293682925827
0.06651457462725305
-0.16875473598944934
0.40520190065389045
0.3656393066819486
0.5348645003556299
1.134800209819796
1.0358264520530416
1.2849963493666245
0.767552545574331
1.1240805926867508
0.4445216271969931
1.4414801886341109
0.5664279187766563
0.5850771754649856
0.12030586835272844
0.3873476152515422
0.33605480802515164
-0.07877891038164606
0.023435455448026984
-0.10019862333729475
0.08013349390909566
-0.07497862137465237
0.02612401468057325
0.012510125278262467
-0.15075695454590943
-0.22339171419190412
0.019217827733027583
-0.04024649307288994
-0.1789005634690377
-0.39617387684754907
-0.8179703075878438
-1.396464327393493
-1.3083113889692246
-1.6047703970138274
-2.1124647143750983
-2.4877716584916296
-1.611962622169978
-1.6202850994476496
-1.2578525823658
-1.0703504301100062
-0.7217686582874461
-0.1553681930969325
-0.08842192012759961
-0.041553951277374934
-0.10920062098782983
-0.07859929416754564
-0.13484352490116752
-0.23535752666442636
-0.22035564876691663
-0.129460654007472
0.2358239830557298
0.14026952018821767
-0.02273347046369474
-0.05082716424816713
0.19697728649761642
-0.08368165992215201
-0.15382455485860058
-0.6173236493331646
-1.187219890657927
-2.4828611223968235
-3.1674527199305493
-3.187384272860223
-2.853060706459501
-2.4282159172806423
-1.9407373618716581
-1.179169953519727
-1.273919689045859
-1.2333538197229286
-0.4335385513206812
-0.5158735552065842
-0.23233200749530988
0.2375485537383396
-0.05065148174761655
0.005947164678321597
0.14105825018152116
-0.020520042418792826
0.22583288496034107
-0.047159328542702446
0.44366620436339504
0.09434581911754768
0.14997346547597637
-0.051893155575434134
-0.0394220158181527
-0.08305386117013999
-0.0908343680012806
-0.5985897986338437
-1.6202082429821982
-2.4752728877555388
-1.8184299627981402
-0.20412052823244448
-0.14359397598278073
0.010544303229427874
0.26359536856071536
-0.029651054963308242
0.2410834934030491
-0.2559560045692236
0.04716694124246136
0.06703222959163574
-0.34988061491312417
-0.6425502472559078
-0.3041876689145473
-0.08272847048787195
-0.17848833998484687
0.060284986787372916
-0.13528341851310177
0.19000858934681908
0.12277883453962969
0.17563622336569887
-0.10317884385237543
0.09976716327456059
-0.20941934415182153
-0.02535968616195699
0.15414691406723977
-0.5571069582543905
-1.0874365996382203
-0.7649192862986798
-0.08676686095808471
0.5936013494278483
0.7070367794413823
0.48499278300719845
-0.1201019914747731
-0.0727457700974263
0.11050731651943001
-0.0364714631810969
0.08569081365349922
0.19624455860104106
-0.010815453506709495
0.1495462279307839
-0.05306766096479446
0.13793598735271373
0.01953488552902426
-0.14687531986976918
-0.03815600987409858
0.20585715483958855
0.020189836902803952
-0.26117921492019647
-0.09870011037358534
0.046028324038202714
-0.1295591016048771
0.04307548600694567
0.07359263649151031
0.0059109125792062645
0.2882882480761187
0.5707011755044059
0.15275202710590408
0.2660721979672646
0.20835140656895001
0.38852205018367425
0.3255182382581592
0.2075552241516827
0.21575894432203643
-0.26126146494128005
-0.16943628467730326
-0.025371539740078063
0.09869567337573731
0.18409282578972097
0.17111170149655414
-0.059112760331806756
0.30187547164593004
-0.07808829359579805
-0.040663333968624295
0.13090612267745858
-0.14434553043976295
-0.26001236337287587
-0.13821592068166386
0.23209660343608723
-0.03919310318725622
0.1851633511065365
0.1392834267595903
0.19533442298766931
1.0862251383836774
1.091986358119758
0.49669737227140387
0.06472698064022711
0.14341204460110887
-0.01740772479140002
0.18698304393746792
0.2880109710794236
0.1721760603827925
-0.0937504865164424
0.14435235330908608
0.1616471676165385
-0.21781136493252437
0.039555429599137756
0.22400996917668298
-0.0225891833806521
-0.07252467024648011
-0.22418611821643894
0.12176270870959734
0.07962362736034825
-0.10256743021392926
-0.3254926030389803
0.12960080232345061
-0.2710947851349675
0.02004549066270139
-0.18623486985342047
0.057752951567112444
0.24602287419694138
0.7836118104216993
0.5301514440068844
0.09316455424485019
-0.12044192918354683
0.11190842037649325
0.04344574313810904
-0.2896030394752656
-0.007574794158107624
-0.021548357261289574
-0.05486845256667255
-0.021765526079763727
0.03911230732316271
-0.024397569201349383
-0.12710572346532784
-0.3058839620520043
-0.09358927946510072
-0.31904016448450434
-0.45362663228635186
0.32754710856427527
0.17166994104561847
0.13643163522191565
0.127710202085896
-0.38371926079678575
0.04233529040623495
-0.1709701179251947
0.06032597959199492
-0.09110790074865875
0.23694867159328645
0.05107076931665443
-0.49432380644449114
-0.14731381333664761
0.266545756682538
0.21507255117929158
-0.4299329867264527
0.15426780236026055
-0.131984076248164
-0.16045732386017078
-0.06568365076684005
-0.38160226368600153
-0.2908310758046994
-0.110770022324899
-0.13294352618908456
0.1409991554184766
0.2612624807682974
0.4401964533890466
-0.07069717881573119
0.15839868479450983
0.17910609317936824
0.10417679696967477
0.00830823594285408
0.1489179551309813
-0.06649333258523003
-0.09804219603535021
0.3574343993332349
0.10294858278750481
0.3757483734326521
-0.22530439292192483
-0.34947433999880756
-0.038111048163942576
0.05614645639074667
-0.0712598735343462
-0.34189297480296427
0.3661606428430864
-0.03271327204339796
0.06755866910724923
-0.026782377029645595
0.04702241943843526
-0.4164784895652304
0.18814578784496402
-0.039792074809585264
-0.06521328086175952
-0.35547142607146154
0.16467937296019378
0.26577086794748267
0.3787615326146474
0.12438960182637898
0.13412122179642078
-0.18567453192050346
0.056062206343349213
-0.3207402761727278
0.1256185431602467
0.2588889172462854
0.3614207358613244
0.0016490687005452003
0.1466760418803877
0.5158506884417421
0.1286272858763381
-0.2639744721150887
0.20528816030989636
-0.006498189566425536
-0.21499737870590677
0.08156539337363268
-0.17434983424849104
-0.0944913732195644
-0.2371184208503051
-0.20442684106472572
0.18034467118936778
0.01861900115538849
-0.17910218642557194
-0.09895858562242692
-0.3212624783958801
-0.07128639460241389
0.04031215611313962
0.3419724786805625
0.22275638820173596
0.10256696057417922
0.11423957825620544
0.14708529723455827
-0.0017552976945678631
-0.17691533122992367
-0.025645743294094237
-0.10426130902110613
0.34167695441762336
0.018615410362240167
-0.11527620024113462
-0.12414119012180842
-0.3122496975277244
-0.3398248209053918
0.010894653438495015
-0.1938013242996417
-0.14244291146493893
-0.1353981240553375
-0.08609998517950053
0.24653084847781145
-0.07416583762497404
-0.3806517804615278
0.13321379014755064
-0.0734855830845029
0.003030459971929316
-0.11774934946838951
-0.2896209258354085
-0.04879959657795115
0.25140091972024137
0.17174496813349754
-0.07541292676179938
0.17118591498867738
-0.098198475894544
0.16956200337343214
-0.15828465586660642
0.2642516497931436
-0.3230221949271976
-0.1880280132322485
-0.35752481283163284
0.06284872915796062
-0.23064481951780236
0.29276549569519816
-0.1919196489309041
-0.1583365946394247
0.18716797012669625
-0.0006771104995708405
0.4772074326581719
-0.17484763746855064
-0.22058298819857813
0.03873390820112662
0.13641880188254515
0.02509233950487226
-0.1769038833949157
-0.26061845835857556
0.07801997233982816
-0.23619915349559606
-0.035569910030024444
0.38041089480243984
0.3370513746940335
0.13980143059287312
0.1153322143845186
-0.08396101385403604
-0.20599565381385213
-0.033985322588290186
-0.1128311635155599
-0.31954579530513993
-0.35346385758712706
-0.05632503635945748
0.2441790850945201
0.39959335544790703
-0.16120533519852034
0.1315019894668866
-0.07160073467755149
-0.2736138479994932
0.010210180575312627
-0.15997464462905966
-0.3428145780063328
0.022029506151465875
0.08922900871974541
0.05804511306196445
0.06518996147741553
-0.10237757847099845
0.10269501810600462
0.019989878857795865
-0.008024773398107208
0.22169739599987454
0.27627510881563283
-0.031126213704081602
0.25631543049563016
0.08812596406907393
0.08389196969520801
-0.01892955872369507
-0.3831998561482398
-0.1201999476242051
-0.039104456287828285
0.04290703322138738
0.03813243602836589
-0.018871054638156765
-0.008819194141480718
-0.006291717965245342
-0.05793423908038001
0.2364398382299588
-0.14363310343909955
-0.41662337271858296
-0.24414536335766646
-0.2301065004908722
-0.15775042969864506
-0.23591855047798982
0.0880108795028067
-0.34632985165295566
-0.20248305639015304
-0.117841171199423
-0.16269005445442555
0.14124171380367062
0.1231185563192307
0.13473669637769714
-0.001159117355758696
0.11166182224665686
-0.027216231699890056
0.11892835850109965
-0.1057389956083043
-0.23616036980540814
-0.03234032573549896
0.05511716572521946
0.3309841430075595
0.03499289038948185
0.25799539471835925
-0.06485924705356005
0.19919257653420472
0.0799693736834629
-0.1365228702994562
-0.24174826617783998
0.10361884118701188
0.16950831889581983
0.17363445634021782
-0.1570199737098661
-0.11007707386175429
0.0972539939487193
-0.18229017672000522
-0.2824405884254076
0.10322964145546142
0.032887765079962675
0.09648507938213419
0.00011476371028097665
0.07567123467789505
-0.030590532807963734
-0.15915813620333416
0.2319916129691907
-0.1092311983133642
-0.15164979650362717
-0.2106733837707584
-0.10497393581076186
-0.1911216114421004
0.3062394043306463
0.11349696812174917
0.07609334583862071
0.10351819843496537
-0.24731745881262185
0.07593523234988762
-0.01739919075684854
0.14320757712923907
0.3888303096523211
0.11054203105606521
-0.19299466128545356
-0.044602944176564276
-0.2027594303556155
-0.19992267111083317
0.029943258896348038
0.1236753870480512
0.19588023719269926
0.11898409685834513
0.28493998741816384
-0.14656004235982828
-0.02990337217349731
-0.18755730918818786
-0.04842359546192204
0.1740404246626093
0.07165268085416805
-0.1612991265336074
-0.009660764223850827
0.016461497838860153
0.30544711913089106
0.13517373428744242
0.24910308381855822
-0.09815091277784167
-0.07224025853593224
0.07072725902706879
-0.0010712480587934071
0.02860936288449673
0.0838115742121055
-0.0006399193986510192
-0.2154389304370116
-0.2187262104404356
-0.1315772147336022
0.10795940622339577
0.17287782748257358
-0.09914366913337774
0.09148393228279085
-0.08676991453878051
0.1768060149101787
0.1288575133809452
0.09945357297625564
0.08335899583971933
0.0181204672766159
0.045705942714309805
0.13138065625869202
0.14787404297714243
0.02438359212190001
-0.10470765426686858
0.04515160074656519
0.14634179049860171
0.13516225100853604
0.1269010269941365
-0.3236276063659276
0.06336649323289435
0.055447532505708205
-0.20677048475824208
-0.2411068563827029
0.17858070553815128
-0.10803100220092016
0.31906201964405173
0.040513338408166795
-0.1823592661971311
0.026244516346552414
0.040145705849467174
0.08667230236105099
-0.12557424663380232
0.037693843184924934
-0.13974192344440636
-0.0629078739486485
-0.21721012126223077
0.03184934835979679
0.3091548863382133
0.28335551782205354
0.054933976397440784
-0.0343831861959098
0.11318864805490184
0.03745094271063759
0.0031591980785332175
0.13905102622743667
-0.15473784085818582
-0.12836394769250545
-0.017910190707011796
0.05126504818181209
-0.2603866884275953
0.07904965525173982
-0.07971021882883879
-0.13162533310031874
-0.1073472112031659
-0.11345184937858897
-0.07113229415815671
0.07538598196756961
-0.2023821558199315
-0.24577706741468922
-0.03573650661723562
-0.02695029046841416
-0.020370629950253162
0.03200183817895147
-0.21784303506471198
0.06706374813771672
0.26468927317191265
0.043990891182217905
0.03740579559643255
-0.012347726165893169
-0.028894352064375507
-0.12357850406226654
0.15592968188537065
0.21575116114303963
0.23087332444270114
0.028918006857774698
-0.09922873210386969
-0.01905362451516436
0.11836859892957569
0.09829637429740956
-0.12500074670194045
-0.06022879446940007
-0.1377961443346991
0.147839574772263
0.10994369711660046
-0.22959071825121397
-0.09879489211404158
-0.09191404495000798
-0.5272496424579481
0.06464780953349418
0.05344206070604095
-0.19686159024324643
-0.04583886053057812
-0.1448301422945226
0.11708724060338523
0.023563257236413136
-0.22924204822813574
-0.004371153096328699
0.0885537621410392
0.16164142050013025
-0.13136231809562596
-0.0008911680516211424
-0.0831642229381984
0.187781882715504
0.1530137429608068
0.04580040011819989
0.003983771704969038
0.07303390242665947
0.03100096532143311
-0.013356651968216917
-0.09140880288176403
-0.14254581531163119
-0.059973765649204466
0.0777601191016979
-0.010027731844739889
-0.000990849227227586
0.08760360423628365
-0.09587595781380337
0.14239088917133275
0.17438893752796616
0.08535366800984936
0.10511442065811685
-0.23004670239002134
0.1670710840487376
0.05401207870755702
-0.09733528493368822
-0.181560338134617
0.14177056192467172
-0.03760251279026663
0.09519833924070009
0.09475829777390155
0.25448508690523863
0.05484232057787289
0.14657085508579967
-0.043359261341015046
0.05164965990228706
0.16931955428352286
-0.08880235658738865
0.21341034576451803
0.22728664382127867
-0.09974124104074328
0.21793121294620263
-0.030942702511599206
-0.206654060904686
-0.0920106591630815
0.3909623957207574
0.035474410376553946
-0.003396169637298283
0.00883169518752489
0.031629294288030255
0.0840110649438909
0.0583014685743448
-0.08811625747497547
-0.19267510659298873
0.039837071172299766
0.24722068592339402
0.02186805347441847
-0.0812554692552745
0.0032332501278480668
-0.18398661412185868
-0.2171506575159085
0.1713614852548718
-0.13948324832416906
0.10425097588427033
0.5142001037500527
0.024820449249999637
0.3403143274393359
0.26154657986313357
0.26343593918925334
-0.04364337493830817
-0.0545207414335723
0.4022453991214953
-0.062037495810248394
0.05519950797508765
-0.01393308739450281
0.08049408360316324
-0.0029172154347839644
0.09860203612450386
-0.16384878024077176
0.0578312331755893
-0.03426674442217793
0.04757085639183402
0.09924425628661118
-0.3575358406732602
0.06241007793952387
-0.3596753814393754
-0.2971342368687303
-0.5147783347666007
-0.35032800249044677
-0.4719196091455148
-0.024078054510122335
0.05548416644556416
0.07058524084046267
0.008526524476793453
0.20075297554003974
0.18181821615400257
0.2556991846978214
0.046877137459161285
0.21378265453795936
0.28800844809678694
0.09564042372156448
-0.006439946174335334
-0.17849840821813562
0.09708239427925218
-0.002857120404095048
0.1530317117962229
-0.11490843550670639
0.11249366217893962
-0.10225278268135483
-0.15114726378626148
0.2514904729876673
-0.13848172485589763
-0.5061353339668073
-0.3099127555533065
-0.002864728310387578
-0.2393065171808316
0.0399341427087489
-0.30187065518530243
0.08988560885112638
0.09640253408331956
-0.22919692286146512
-0.047314074204975784
-0.09838782009210752
0.060383473182414917
0.26983275643998744
0.04948758854705211
0.2611196432516908
0.2666220655264285
0.025363120601776198
0.15452636473834247
-0.07912442825558949
-0.05064179024581551
0.026791692754988182
0.23696909392120127
-0.13901587046401112
-0.111878238440323
-0.07099620902025836
-0.6066099374127686
0.045893111803531755
-0.06775786578147827
-0.39523838487150814
0.2478484524100141
0.27847131569972666
0.24331984085349503
0.016401753272791985
-0.17281054308107338
0.1307030734774278
0.44647630775491853
0.47101864983905856
0.20649876620587435
-0.17770426514465687
0.2397769125122695
0.11968774082853256
-0.08922300076843273
0.39669894400069944
0.5596663763963861
0.12013139272977799
-0.11478038256177193
0.04399136467776237
-0.10573540777668994
-0.20125927245727376
0.003651867949347949
-0.06318129624212339
0.014292796619246238
0.2566808616043705
-0.02011767919307935
0.12277146780504355
-0.1426760050845954
-0.5056862516213014
-0.15211302310858935
0.040463167620987124
-0.1522115716539413
0.15981761254233953
0.13971645834886737
0.15414677888926787
0.24641093772457512
0.4435136716433011
0.2058148933261789
0.16429899614900026
0.2343478353764043
0.10733016058055442
0.3016716121009674
0.13200136740049373
0.2785580168537665
-0.16187782034352963
-0.20254868220466446
-0.14406655141653385
0.14745261853876537
0.013473412841723546
0.08815340423716791
0.35136717405458007
0.5856422822154398
0.6328928902382434
0.2079565422570366
0.5269256034995647
0.03430177517957254
-0.029751889597200827
-0.06006225752955704
0.18685742798571797
0.31105753834762195
0.15568006180071353
0.2989250519889831
0.05114734388560446
0.2664027085301879
0.4221475713907259
-0.33669866749147626
0.5077895966501262
0.5275011388125537
-0.011348019047060119
0.16652681382518963
0.04936526979426867
0.3257536455120591
-0.1206246984247386
-0.34206924589867316
-0.03025344096034196
0.010167558171545289
-0.030577514738612487
0.09176994487522132
0.5524571501989122
0.7028964527940029
0.377657175249287
1.0694135024931442
1.3500360546909076
1.17683104666776
1.3391020438868924
1.1304441465079806
0.7993065572654849
0.9504182996462636
0.6334176696057252
0.40904241732376
0.41996637849317303
0.15585520543052825
0.1991988109007618
-0.13149333268213775
-0.16426507431993453
0.01284238047806492
-0.26756928980158146
-0.1987781988414885
-0.09929618393336473
-0.16254376149138786
-0.540311625221662
-0.261961375793035
0.01005808599968822
0.1010192475008261
0.20207173520375124
0.07070864333077853
0.2234024319708987
0.5475330408568587
0.4346582569955293
0.12104496464460328
-0.33246857080714476
-0.2633602479121919
-0.8435942174687542
-0.43062322583147483
-0.3749010551190496
-0.11561544232024593
-0.04198755185727727
-0.1972952313638621
-0.18259339901423927
-0.2705424321791218
-0.04358370669141929
-0.12320611655555685
-0.4476469921515623
-0.16741215001180748
-0.3744491010979231
-0.632867437215684
-0.3642235019159506
-0.6467522597406422
-0.3539290949240323
-0.2932324205889696
0.09060002297308567
-0.2103518061140981
-0.39542802455602866
-0.3859339169390746
-0.7667151753516309
-0.7179126443585109
-0.6320511870329519
-0.3693027347991467
-0.9387585523558017
-0.9897900701510839
-1.7565259759160303
-1.480097982908715
-1.1909231823358681
-1.6886994844370717
-1.1454194884349544
-0.8286300165133764
-1.1744657035049524
-0.7215784498857101
-0.7672493232438149
-0.8049308490167018
-1.1444201580732323
-0.7948256236126153
-0.9368011117368232
-1.0144088128054547
-0.7846121748105425
-0.6716885044411768
-0.6333061099016252
-0.37793312842308735
-0.057074322851738656
0.17876694320308908
-0.15734569407651905
-0.672465652792569
-1.4561887684299941
-1.6256779734666884
-1.6387825999542684
-1.7850819802249351
-1.6712241253571793
-0.7946649166287397
-0.7571092929456428
-0.6163088543142385
-0.4162354212237418
-0.43741969017529625
-0.8733547006023147
-0.42672188204183653
-0.8834623926141243
-0.923891637862921
-1.261294501077559
-1.265967212491616
-1.155778315175319
-1.2706644521661106
-0.9920305775836028
-0.6072254819135993
-0.6474206840071659
-0.4133290493551307
-0.6565260492092846
-0.3754187742602331
-0.14525105996194745
-0.047706134204737134
0.040785196054872706
-0.8828301307816362
-1.7828060130665186
-1.4711534048202075
-1.318604711470418
-1.2491714381749388
-0.5407680891054202
-0.5706408830574914
0.2099226234070598
0.05596093178600228
0.08773916739498887
0.3638258685686586
0.08851876428886282
0.1160864599381727
-0.1667726459155006
0.1011293271538254
-0.006713266618226107
-0.23087281308694566
-0.3498031398693294
-0.7488655047213986
-0.822133956279305
-0.5031028318160549
-0.2780682509910585
-0.2632990118181889
-0.6135266195400825
-0.21895803499602212
0.03513294735970229
0.12696762730479463
-0.39737070798392565
-0.620352015495908
-1.057856331538964
-0.697450849491201
0.11469346005089456
0.2778728937583444
0.1402884076251462
0.2339650277750305
-0.09606802983149272
-0.23498606303171732
0.36068053744338757
0.04763047372728595
0.23104457769069264
-0.09203852941586407
0.37688836729134395
0.018974221501926753
0.175802147695168
-0.14660469820225827
0.3406339244631299
0.09668738704748137
-0.03251697642959977
-0.36167900573795414
-0.1952570420408481
-0.2051876337374629
-0.40450604431433806
0.019835563662451677
0.1520268581910634
0.14970781726715007
0.05494845676796905
-0.3953060842719171
-0.11484392867124403
0.10477002644467691
0.05623305005133136
0.026516707048134063
-0.10415988909917491
0.20621568334504323
0.17632249284835055
0.4248055479536901
0.047766671901649634
0.3881211895161458
-0.057880354016539376
0.17210569543082632
-0.0955517494798794
0.020957283720882108
0.003285729882580515
0.052276051059780726
0.2615681636745947
0.27531126772498654
0.24289053534913713
0.16037195795346174
-0.3031873473545889
0.1299431378316299
-0.12046348698348723
0.19940624052358658
0.04958308881310486
-0.0029714424186497
-0.1342080217969029
-0.30761530672541676
0.20732145249542525
0.4298897448510991
0.5447884255159738
0.012195846566328368
-0.12346392731169062
-0.034813747133029385
0.49128521306070744
0.04381036419801578
0.2061801595742833
0.16114995655094327
0.12956832309036037
0.18070158766153788
-0.1672699518992218
-0.1483528407662297
0.4383637707979096
-0.033726123063902595
0.46057812982636864
0.24924037263268817
0.481641570216896
-0.25520622988811026
-0.27882577422665883
0.10272522661633239
-0.0291367612843505
0.06867776507451322
-0.0854988067655809
0.12972852421780512
-0.13001809287316657
-0.14166597086661525
-0.21886404951006017
-0.13582048908818378
0.7479155723091571
-0.1640159438122947
0.06604814741070489
0.5206145011247604
0.05358829549373633
-0.41485960146475215
-0.22135198837214637
0.31108235296244313
0.09214723061776726
0.3992313688828853
0.08948317505912828
-0.1359155772903638
0.22015637000406146
0.2922202328038977
0.16779592949307573
0.407478835262225
0.30827350814228305
0.001451924937216752
0.15284007201913444
0.29869957842365075
-0.1540003227842439
-0.22583775904804193
-0.0709974262248252
-0.031998120673191244
0.4435231652277327
0.24519466657054653
-0.11160778787394471
0.08140489834969424
0.2493686187483727
0.21372745506807336
0.3362812514723285
0.35179623333443616
0.055035086092943136
0.06795124193644657
0.0598263861686923
0.5221085813992715
-0.23119132459332145
-0.03282864665991255
-0.299962396579754
-0.26869104711303926
0.3351812134581879
-0.1420809977112031
0.2032394992706635
-0.1463545663798193
-0.20912857475532645
-0.2700285574382377
0.5258730447047666
0.3663046097911775
0.2562136428153838
-0.2212986818608058
0.03632415979804367
-0.011903699602136473
0.1453453522700414
0.03701741118036244
0.3055636245888112
0.008119411905261687
-0.22622119425132373
0.11042402105089082
-0.037730944954851985
0.22004344367457787
-0.023792399568516906
0.0011434987304347593
-0.03352824178800472
-0.136424024578234
0.11968336053513043
-0.045003399181241875
-0.052452307414469684
-0.009963830334258987
-0.0443612027492366
-0.374624028976313
-0.27219577212376866
-0.3438151799453808
-0.2939019878964919
-0.2910176962690531
0.10714920593839306
0.234441019380825
-0.07690865010971355
0.21918120125383547
-0.0547483720092939
0.21546962653785615
0.27981665081565493
0.2900395304691386
0.18243637523676745
0.24491721080405934
0.12744279728674524
0.25377440594828743
0.24212966259067206
0.7334846531454884
0.6303834365171462
0.08931777520675412
0.06385226045729249
0.021496411452046452
-0.07102815003932864
0.0007195887301980503
0.3220650250898827
-0.0049887216377502
0.08058220223342166
0.045433193334390665
0.12259517122705273
0.14522174642924784
-0.102054412378121
0.12018607090157231
0.1548814469505462
0.056082064533375386
-0.020135133546021523
-0.1463158218278249
0.04066388707963144
0.1229802177563605
-0.028771691133225922
0.11089428278091866
0.18931820769728214
0.029580383383476957
0.001735065650376648
0.3684187740211684
0.08376673503310678
-0.21243360899901956
-0.21768603909600362
-0.22305786727882182
-0.21348105902693998
0.25956164140862914
0.1839338360520897
0.23774682819903512
-0.16755850734417124
-0.16692929350983945
0.20598155272734986
0.25069757754120986
0.2066536365213953
0.27444503735718107
0.01904405761803916
0.2784454864183982
0.4456874795841139
0.3695026273327148
0.25564116932227565
-0.04639626321969739
0.0057034634709681965
-0.2655802152630917
0.2414378774382163
0.2949264706575083
0.40827784703652087
0.4097584599097455
0.36113482408312136
0.0737303199929184
0.2071891849120318
-0.00859655824200235
-0.169979696394508
0.05129367399091758
0.7183832560204614
0.5827833232193615
0.08235757446355359
-0.06601877992381147
-0.11739513741009433
0.4467558674340547
0.17673765285890558
0.09956898110999149
0.22270644347097668
0.32576830156744707
0.22207606620296005
0.15067555947508807
0.15643547356990034
0.3323355761003175
0.23824774004911956
0.03826741609343495
-0.24074953144131342
-0.1542375356694772
0.02453799023373389
0.005839788450523179
0.17107994511383695
0.39321867820341877
0.2512501661111021
-0.0943750320646467
0.1432247341733641
-0.021880458215879153
-0.138214055091872
0.273031213579417
0.09525557683226224
-0.04379537641542524
0.0813736227098038
0.026934559761108555
0.08691857922162931
0.125504204806817
0.25460774184694707
0.21074658448014943
0.351739042491841
0.16854471528183212
0.022917859185801113
0.1378282904627248
0.13957535647973107
0.15671242172708086
0.22616018207201846
0.10326790466072407
-0.00498142081745176
0.05760701030085427
-0.15613837351435228
-0.24146651984017234
0.15553011996535365
0.23613470300409375
-0.10721215393620712
-0.34714287862975357
-0.1696209886214717
-0.40965986252925835
-0.649799894505716
0.18465830135768288
0.05425335187234478
-0.10539788295267237
-0.13954863651079477
0.003858252317407048
0.5243872463778473
0.043463985376445455
-0.01849396575538973
-0.20536417831624942
0.21204651212002765
0.23920864164150893
0.13053720080651254
-0.21049609003631883
0.09397322974533243
0.15660647157760718
0.15502388121591354
0.3129681624480567
-0.10365293995863019
0.010885359648854924
-0.3008892064836523
-0.012265211968681659
0.3064899295071445
0.30116922613068187
-0.03133378996146244
0.040252417486206844
0.3460607834231764
-0.20694067518383774
0.15015488782925301
0.36134367568169984
-0.02130454362213009
0.3598138041794413
0.008349868606605216
0.26131829732813694
0.11909993244994531
-0.32866234267597644
0.15666076990455602
-0.3581684231983745
-0.35202966294250615
-0.14730468196373978
-0.2544521605975168
-0.3668843671996705
-0.12118101738810744
0.008492791518001629
0.21972679030563447
0.21608686378781955
0.061732380046572
-0.055390906168482065
0.009546628733761697
0.011896599667682943
-0.11738839587239587
0.0264346615869151
0.1961964903338311
0.046444051229722165
0.15928281158387506
-0.2965343498161909
-0.08037503475213999
-0.05028567329588788
0.11912096236610181
-0.14316158892600622
-0.19695311249922787
0.07327657005157229
-0.053277637224837186
-0.2761216875781343
-0.09171573421101294
-0.3177855195819172
-0.24838172574927256
-0.12793819508514723
-0.668072667730428
0.014661264802787876
-0.17777626345391304
-0.04277516188668956
0.18438494784076764
-0.12121328974247914
-0.05949588100867937
-0.36897242889811244
-0.1286081364941611
-0.04881998497117635
-0.10733002747171634
-0.021774065759718884
-0.006587728055042442
0.09559987451520724
0.1706949336149754
0.16603060840786174
0.17058639293483324
0.15620353715201088
-0.09163527898254518
-0.2481052076967039
-0.3486517390511476
-0.482322746664633
-0.5058267134202653
-0.08269249793908569
-0.2067763411669395
-0.1328973906877455
-0.512667484689001
-0.24235316040489605
-0.09542019444276231
-0.2641936592267691
-0.18887371115751733
0.021778269010328363
0.032065793946435044
0.10234493076471236
0.11492055470844398
0.1002715061874061
-0.2102287538545622
0.06109319281094839
0.05515830410618315
0.11582313789486434
0.12872180445356868
0.08457626209723756
0.08212492717572345
0.04862085655925164
0.008976194895408
0.06332786626786946
0.41296843949512535
0.1283836243194724
0.07978749677316747
-0.22897807366954884
-0.020791660045354356
-0.0764360615301585
-0.07942646523765168
-0.1920837797322963
0.02772127148807274
0.2282479219408974
-0.37129561729291144
-0.12426311973872789
0.061494289169504834
-0.12957211014520295
-0.1595716419653582
0.09194406695585873
-0.14303599901094435
0.0300946134652189
-0.22847481997633276
-0.04751186298113092
-0.06889624276117387
0.08984232872412161
0.07045284953597636
-0.02639645663002243
-0.12204817576965377
-0.058570237182086426
0.04187374431442949
-0.13860995863490075
-0.028290646976913355
-0.12154577691491525
0.04848206620225353
-0.016588226625092677
-0.027930973535874634
0.029391131942256503
0.019031765573201135
-0.1669275775492707
0.0013420240391989163
-0.040032921313090726
0.17565049016882667
0.019732036819265785
-0.1440684091963869
0.04921991229069237
-0.044213484520651804
0.1509943743684571
-0.12723963295428203
0.04845161911849148
-0.11580100106112888
0.12005649904172398
-0.14886273267410638
-0.07207621317698913
-0.0124769895409729
-0.08186289574466175
-0.054469615156300936
0.09289996824505349
-0.05851583772394129
-0.18459234354048157
0.13146968551559382
-0.005898125648340567
0.2956275299670302
0.06897142643718647
-0.0013949189166582298
0.06856068952837722
-0.029710464476143818
-0.06722881571301628
0.053190992282844005
0.07951186879829907
-0.06570996038728168
0.034879854862810096
-0.06843223342964609
-0.030579149962342875
-0.015973851838395788
0.09630563404030025
0.1365762772034964
-0.05893490621680718
0.14748720609471555
0.0021931580096528685
0.017804002552438313
0.07977301339183612
-0.1347386603219806
0.04510386464370841
0.00822031030009401
0.03597060395100305
0.09468203891101952
-0.006550077705614023
0.10252074438740273
0.10126994173073024
0.08261557756823638
0.26035400924986946
0.1786591949521392
0.008035721556867074
0.08908654721221135
0.1698492042088451
0.20058692653533483
0.21670007157133792
0.06597402232925098
-0.04835256479386375
-0.09572795550124966
0.08968281488952345
-0.039463746276410853
0.03687031468017885
-0.16722697472969428
0.1320557241404799
-0.10054364723757152
-0.053870497565922916
-0.03233254640542251
0.10173952344988639
0.05182979092339758
0.09231688703991169
-0.23358919752421753
-0.061052610258667046
-0.16344726054960448
-0.25410255613626825
-0.09494798219232885
-0.04302037074693831
-0.3011852302258907
-0.2574078082503933
-0.07631855635366952
-0.09554547695391041
0.07183282553183404
-0.036527032886392814
0.14522317898724654
0.0207927345472362
-0.040695083731634024
-0.32091827056411915
-0.14607225282526687
-0.09707729073148709
-0.06667084100748315
-0.19756301303117227
-0.2840281611466706
0.043521415621122495
0.23437407481761294
0.09756348101836346
0.021290626151730357
0.12250089769165784
0.24227179917912758
0.07697942994701824
-0.2240196110432385
-0.23933785374241195
-0.22367432337346557
-0.2763828206698368
-0.3044511392604232
-0.05197879891216937
-0.29537626215522983
-0.29376245446823773
-0.19407312166812057
-0.0955844718199393
-0.13135504755823363
-0.06713451063661459
-0.006095584148215945
0.0013022352010088798
0.0038930155878656187
-0.023880727257531587
-0.02374278717102806
-0.030807459703203904
-0.11959932458419188
0.04200273135199543
0.048317666382630076
-0.18329538199760073
0.12084450241037022
0.09101879239995016
0.13926684318155577
0.19440975550205136
0.038285074111052975
-0.09464965038090978
-0.4044184873583424
-0.8070373370173725
-0.769794402083909
-0.6424528471004866
-0.09810003578167119
0.1622279781618026
-0.08984159520287803
0.08813053618204186
0.10094943620041094
-0.07723190759986266
-0.02769457234632795
-0.22898650071133644
-0.30154466065173574
-0.05944617512569396
0.20420677600123355
0.08747048534958629
0.0015994340260454822
0.005989148088497317
-0.2004664900412091
-0.18273412641525374
0.2063029837447296
-0.06399740809574904
0.04879279444294137
-0.04571025518817217
0.2392568702554151
0.43222692139398194
0.6538048855211217
0.07043831687117329
-0.05264943710283024
-0.30319772680948326
-0.6326237864465069
-0.9211665764063566
-0.6459373276313906
0.06384954486820976
-0.22368945056564202
-0.05475377818206912
0.07464167626923315
0.00408162808212995
-0.31546671512823754
-0.4217426371244454
-0.040990177059768325
0.13157084604595576
0.07280949998861605
0.12052007555263954
0.0927293566976582
0.08769893522691975
-0.045191528462803686
-0.40477970722532786
-0.025398968984900995
0.1301456030454774
0.015280172579795281
0.19644817426180627
0.5034803439297961
0.740666647600405
0.25581112989981303
0.17962981808126993
0.03507942818010956
-0.23367695276585435
-0.18984667447159484
-0.7185161119513183
-0.8271854562775727
0.16637224711276935
-0.37268677468509503
-0.5039787320678967
-0.30413959421132736
0.4333138179614064
0.1660671233721342
-0.2427987240243716
0.0608621155469036
0.11694820589546304
-0.23269316507437063
0.06829480795188614
0.16462935944366558
0.23889682165017603
0.09005696296257189
-0.2633167424324681
-0.003121104909923112
0.1686994950020451
0.30089818830114917
0.7563684975952922
0.5866248507721175
0.6280052609877769
-0.09185760015294492
-0.02561006585004822
-0.08624021356034844
-0.3138047635177091
0.1332507105962628
-0.07289520033168759
-0.09498291295758136
0.08720189372073062
-0.09788112212057527
0.10128013929276865
-0.16958432702334603
-0.4105956249154361
-0.5239557250409053
-0.5275530430603302
0.20247800823520276
0.09868141633240074
0.12225459857148692
0.21312797815054876
-0.0394771883284825
0.054658207310029114
-0.22640450094937398
-0.2676755580052776
0.023546329441386713
0.17233286499126754
0.23851082429888149
0.2681143612272588
0.2921043933635897
0.17386144287683553
-0.4018357499544741
0.016836206305223436
0.21650289512556706
-0.059944704258070386
0.6254677189116717
0.8396140339459431
0.20893336622237163
0.5719428188216024
-0.007945114749864588
-0.6049066486203498
-0.16790804506261817
0.0677369112757873
-0.1325052081139545
-0.5171737738615049
-0.011204191391410503
0.11983071955907326
0.08068059277960339
0.09958762438648722
-0.19944969373471036
-0.3073318802574926
-0.30427841872341865
-0.3929394390495615
-0.02460993765706203
0.014644498044148599
0.08173679714590094
0.0642147704130076
0.3703922597279022
0.030047845738677015
0.1280860017236086
0.3945079908195628
0.6307901892982347
0.7678365449739913
0.8295328737191217
0.41256475485434874
-0.014616924854941534
0.1980408896382155
0.2613299801173247
0.09376790579765909
-0.33431969816693374
-0.4799603816079875
-0.08907334562403398
0.015472389653644248
0.43938578339830014
-0.2026983118640166
-0.004509114506811736
-0.08266988763800959
0.07052155149977932
-0.08653885799372117
-0.03677697542500008
-0.12286604031594607
-0.053106209861047644
0.024458210463459817
-0.08486508934133398
0.21560495509822117
0.201353259900825
0.5175120176789314
0.5571515251531293
0.562073699167211
0.8156497190849402
0.6730480329469488
0.32741750464225255
-0.27654306892739156
-0.24680883543721618
-0.808595141672367
-0.29537971375390054
-0.4290744868575164
-0.48439339982032126
-0.3038102188845439
0.1857172023377565
0.11617786688594654
0.04912912503530535
0.2132072893904031
0.2664350161349706
0.18477630098643844
0.41263969175546733
0.08641845271699555
0.09968546116417429
0.024268385813177
-0.0004949394191395658
0.047752517608992386
0.06790253653824586
0.1456482919726176
0.20613412478405588
-0.11430264767360172
0.06276686420142101
0.5131442301317776
0.04838520565564691
-0.08250594069721852
-0.5034239577464475
-0.7305014494789952
-0.22594790701478576
-0.6933515667762196
-0.9739909260085383
-0.31186960694270344
-0.08488239075463155
0.4333414037411254
0.5696063523369376
-0.04444870831822936
0.31211965554669807
0.18933077394851838
0.18069679662987773
0.41046811518063747
0.25698371617484317
0.21830870544912687
0.10728804894093577
0.02771593513477282
-0.02629398988323738
0.11459422548152276
0.07513186955003384
0.03349841815487562
0.2866160440959129
-0.05666731366963313
0.03329253499742185
-0.6673097429637653
-0.548798339941387
-0.8707148362842222
-0.7950775703876393
-0.7680584832909214
-0.7407559502974084
-0.09060198278049054
0.2505501864743686
0.4970268451141785
0.4095096806536074
-0.1331367261366192
0.16256347859918732
0.2896319963994736
0.4249487538726714
0.017010092619499883
0.3854217510289632
0.10042331865642605
-0.13162748627186258
0.08898584429837171
-0.27501745736509664
-0.22496333221245693
-0.04171849494287124
-0.012283320958404974
0.002888686171300685
-0.29807605325259834
-0.3793637951233081
-0.9257308560270132
-0.5641468245348921
-0.4726302128676354
-0.9694892627283195
-1.2561442951448392
-0.8633567492075469
-0.28285832143035006
0.2609638232091069
0.5493207772258629
0.28227754500530194
0.491439369898165
0.36958831529922054
0.0894613795531006
0.002409890406772785
0.4265994326604647
-0.1599739804779928
-0.20084607335332985
0.21301944259184966
-0.013515393165501483
-0.21703480884119183
-0.23239222992423034
-0.3410160492761099
-0.020889659746532712
0.060015479169530164
-0.16737576403964075
-0.13273510515487894
-0.3143913429182771
-0.6615122012349458
-0.7519809068815841
-0.8149119146512125
-0.7958301268383681
-0.5594920494407627
-0.6047780668234769
-0.23699885008814833
-0.14566975555577288
0.34842029364625093
-0.028341495521878736
-0.23020484507812156
-0.2139369351404261
0.4028164811971262
0.2560433797992809
-0.1176262461727682
-0.15453726538423956
-0.31217405254720637
-0.3510322554163722
-0.0312873851852364
-0.12200912167589473
-0.2967864553656344
-0.38422060916677425
-0.42616982112154866
-0.13303932590476736
0.06179999165849973
0.025605096134622012
-0.05957730888006367
-0.49322821224255603
-0.5354424350782628
-0.8971887813975201
-0.8509842181361402
-0.6646506553343333
-0.22682952370447482
0.1795076395035054
0.39829190879634613
0.4385203875418252
-0.05674422116657522
-0.030218619785918527
0.2102494133933369
-0.18343189711398647
0.22160282963228883
-0.21056341855521568
-0.08203614747765349
0.14817981191415988
0.03721821763967385
-0.03298543521605691
-0.175069551538063
-0.2694306087233182
-0.43693205763761445
-0.2414863190513272
-0.21028345319660155
0.1907593007533872
-0.18169035699175917
-0.0953284827641385
-0.06501545230928063
-0.4271852171292413
-0.5263017028328048
-0.383582352629433
-0.40650871581734227
-0.6679262052855774
-0.49894630981313864
0.2012768862159616
0.16306914760616475
0.07867665922517772
-0.06850192340355866
0.18762362030848562
0.2884744132052785
-0.07859795367597434
-0.2988827367928277
0.08609493850455299
-0.08177083881771575
-0.0012290871711152637
0.2326378870462718
0.08582385457564809
-0.028330741224270824
-0.035839493380400274
-0.33342626138280473
-0.015856672480204764
0.2854738189452653
0.23005744271129117
-0.10054187177888231
-0.24320160311056543
-0.2288241099814446
-0.2815836771911833
-0.30014879337800315
-0.19911935771057643
0.1300358110764537
0.17270298747243157
-0.18855948202048856
0.1563101083666184
0.17836063361976745
0.4091912239998492
0.06873483673863598
0.19016280006747563
0.38391918361550387
0.2653412436940939
0.3069740037862662
0.31598745675076917
0.3390563452968542
-0.03369318786169009
-0.02124057584094454
0.10244697728348233
-0.08567483361208018
-0.06407277046837179
-0.08571968260556957
-0.018103172728398804
0.2206532004931997
0.17747675835204854
0.03199123847014019
0.035448887658231794
0.18378406359626767
-0.17846239465592298
-0.16562778172529205
-0.08838990516505114
0.07398731768296829
0.3730639187997988
0.3302103390986578
0.5626212245905305
0.15760764970247199
0.07643570590470286
-0.11372909703263974
0.2660820498874544
0.07779419487965183
-0.17845338410521244
-0.27836864203505596
-0.42613191613657553
0.26981629269803076
-0.17292216326041196
0.10625770765948525
-0.03937734027432672
-0.016073827233824847
-0.028521505519461757
-0.07899582396746956
-0.11510701472728374
0.101911160694385
0.1372148350219444
-0.005837108550916587
0.07487749660669703
0.0816185667752914
-0.1304163303478217
-0.035260230650964945
-0.02045717207092313
0.18447259888389603
0.18436609719848365
0.49032151809643515
0.1779169361516044
0.35210709690896624
-0.11817978293478452
0.6808729181379364
0.1478357537413146
-0.09483826226758393
-0.0527607066140288
0.11753487481208594
-0.04875458939593207
0.10631246779142353
-0.10756978755481385
0.32579183502531905
0.1255498801027439
-0.01613803493442132
-0.01710515731491631
0.0768525909518018
0.0880332801895401
0.24697977673842691
0.29326720383039107
-0.0010440386386214341
0.11824179914656716
0.16187746446074444
-0.046086266600987795
0.02772162981539791
0.22261652372056945
0.40838396875787875
0.22467069634800396
0.16268392047936298
0.10010179831428478
0.12958742844910648
-0.22795549302389373
0.41681265426426256
0.29446493976011445
0.19524492533858018
0.37869834850058404
0.6195342800774929
0.07294350784196624
-0.36249725303433084
-0.05923279796400822
-0.06086716131653509
-0.04087945026082232
0.12658562152417166
-0.06251703463370992
0.05530838982688805
0.18333848814150933
0.3168866235343655
0.20764707461270274
-0.07761174884651884
-0.1869800895084331
-0.0107651962965017
0.04996218313059215
-0.1899025000324068
-0.2655145549868757
0.33405596711311764
0.21196315058150253
0.2735703722108194
-0.21207535698216035
0.13516475196883515
0.052645762906223484
0.03200295511667094
0.12130848198489627
0.12533428793756554
-0.04582545588140475
-0.1126340575260644
0.1649060609777625
0.3236269692118922
0.33495303004489146
0.5330789324973313
0.4428287840150617
-0.18033072199345931
-0.17085467979684177
-0.006075197817798568
0.30223096454869697
0.16875428357155006
0.1975311864067114
0.040026955508462234
0.08735377743539158
0.24644559767758073
-0.0976161331097689
-0.16415804826865762
-0.1484466579294849
-0.1758518508332813
0.006175967577204221
0.011053338305420678
-0.18193416562866385
-0.10008396828406982
0.2622368264282719
0.2095812141688678
-0.18380490629561566
-0.09726959880760627
-0.04029067455471076
0.2968287899930917
0.36808802097083165
-0.0008177129360225179
0.26388715314162364
0.3957168271217452
0.11676670363707604
0.03212419456151069
-0.11699831161157812
-0.2062969120329651
0.03147640500219418
0.1227026059981956
0.06512010216964484
-0.06720207445326136
-0.08273279022417948
-0.06700069368253772
-0.048279492260022386
0.04092996553382825
0.07572638941466954
0.1533397832476555
0.1823149569055649
0.31901720816238965
-0.13414028105383605
-0.1034951646905803
0.28103075579738923
0.2619896769876636
0.055594397631674015
0.2284562220457833
0.15248234814279102
0.03626010851254688
-0.1457783586624598
0.11115068890116565
0.05516165796319826
0.09313728362506966
0.16303923372364923
-0.08489994207834567
-0.2528068103673716
0.08784102477915727
-0.1278493361345501
0.07046031598413485
0.32966094113914285
-0.11489867250503767
-0.0758933189056007
0.08179088880904714
-0.05777703531195964
0.08143943516096668
0.14393196197595062
0.10729500431933148
0.27301489834875814
0.11393820348326071
-0.04745590983763257
-0.1911689544475012
-0.10642173004726521
-0.019125711234500877
-0.03200248898827853
-0.07420149329276683
-0.09636915122303923
-0.01720927570300957
0.09588750062700263
-0.0750098591321929
-0.19299634569962687
-0.06110829727991237
-0.013945129551771062
0.1123227371554255
-0.1671826190241715
0.14786335004951962
0.08102559055223332
0.2773687464568525
-0.023218715276708494
-0.10228106712351251
0.1057516417018615
-0.03184687804396939
0.08734408815824403
0.15469617308475928
-0.04577716052835794
0.05301864664578095
0.12798002989292998
0.18247667346850488
0.16061857765780194
0.1782618665888236
0.23532318734764462
0.16220605949183098
0.04095285998709116
0.26177366173861016
0.022792367112095556
-0.06995027022702416
0.41888811204010046
0.5037776420816044
0.07368947323423347
0.08452987658761527
-0.040462691035675284
0.04853634320307686
0.008078178674183353
0.0010296672043985787
0.06788217570501164
-0.10810316020873176
0.1115962890413263
-0.2763278883287995
0.1254157395087372
-0.15701296492796193
-0.03680957939027871
-0.0834135914475098
-0.17935404978364275
0.08681242709232179
0.3092929473942874
0.25840427048412135
0.168501246822205
0.05754763802997943
0.3066275984709373
0.14663770741994228
-0.20390612718441764
-0.20910189225674222
-0.2884770957981049
-0.14322543912948751
-0.024340669621607986
0.22457975832377702
0.26846544985129017
0.09765779450714304
0.14301304740175946
-0.1508420102866389
-0.15152329832571737
0.02229105309548292
0.11215424928295227
-0.12694549987603504
-0.025416267523078555
0.018515856704004855
-0.02771632886340859
-0.0538845142178327
0.07411188956886298
0.3223346772501955
-0.016263299286897657
-0.048293040483139
-0.015736244832234514
-0.03281174826634376
0.20534662440421383
-0.2140903446630901
0.17867835267699586
-0.18242491053809948
0.10242385937905607
-0.20658755129404177
-0.00040045435709160787
-0.20486453578742087
0.03675773102067182
0.046398341963438894
-0.04095102708573797
0.03327666784817522
0.11109506149651738
0.07489766896397346
0.10414318107004422
-0.10972419690201257
-0.11673305221303629
-0.24047354960781891
-0.3790335247670918
-0.057260693282460674
0.012564409606007958
0.12454156090857256
0.0871153060451452
-0.08283431918689
0.3912177097903854
0.1461924811218136
-0.12310152072305097
-0.19517304648638947
0.024828638067640366
-0.3807476734349739
0.1287968767580135
-0.11606785436098219
-0.17356792869966012
0.02361750481517919
-0.17931557508926643
0.14633734871457377
-0.14898442775155596
0.03716437426807259
0.20907160253168885
0.10372657525352838
0.2741972917438265
-0.06994587635180133
0.2364900018491244
0.17972275309009397
-0.013330441278316394
0.210925907233235
0.009132795184400399
-0.3312907964178112
-0.013483097450486764
-0.10705468006777757
0.015822212019355016
-0.056434110721064565
-0.25054571603879067
-0.2606309791833406
-0.17875715817753257
0.2290775538460441
-0.2919160688932964
-0.29718601180656967
-0.3096946309197107
0.07541543876869396
-0.2730098205893808
-0.4152610235668723
-0.15022490997970664
-0.1509067776403879
0.05996115780819763
0.17967333036498578
0.06267042986364656
0.13813852954859793
-0.1565815861559725
-0.035355220823818236
-0.13748010882002795
-0.2841208516317353
-0.17798108130974816
-0.32486590803026677
-0.10140404366531405
0.14283906838689855
0.2805576681587047
-0.04074757914971933
0.21035589323564405
0.02927613611768972
0.014998922265226892
0.06273041071622072
-0.11873462455180865
-0.33404096993143134
-0.3749899952203032
-0.7306673339961505
-0.9231094060260572
-0.27700508794281986
-0.42348000512868633
-0.3608653561516825
0.04241465270548967
0.09172203219441144
0.19699054075567177
-0.1059876616731854
0.08840878088309964
0.0681129741735725
-0.26709505419006413
-0.2439724154057989
0.11006004979172528
-0.182720876410481
0.42849838053501077
-0.19493984540791084
-0.04666930977161525
0.014307206744734602
0.08632660811605092
-0.09201316941756815
-0.2190635492661859
-0.1774219902910389
-0.2971141511153676
-0.036687849745179926
-0.517645771649351
-0.8535067136800226
-0.8798293706352546
-0.7032282878948436
-0.34294292361079076
0.16431441375168002
-0.18486440416673128
-0.5228682848748333
-0.04800514114588883
0.39033159406656365
0.11514124724621842
0.049437779716849845
0.6065563710006572
0.48344041597222775
0.40523794595203916
0.20229598878047025
0.07980423018584488
-0.03623013698656733
-0.12241691349287356
0.013155647567519472
-0.18384743141524745
-0.20668403188315174
0.07433897195138037
-0.15186461246961933
0.14619672346875684
-0.04492114787669871
-0.564875887389874
-0.2030050888106777
-0.19620457864334306
-1.1891686250896505
-0.4636576822993102
-0.6958918896805054
-0.2540979252250398
-0.2317392633987127
0.03173553644480243
-0.5529366138115815
0.05518158359156646
-0.33404540550794687
-0.6286777279693272
-0.04269492417941541
0.23435186159886937
-0.017849318315724318
0.29829065129476867
-0.012089279176957459
0.3881166101054218
0.2297392922481797
0.1584859985954759
-0.15303403986048766
-0.10104924411514413
-0.052978467845235785
-0.02179552366925661
0.0699028939363158
0.02449894598830689
0.015600952407985327
-0.15895266834745914
0.08943005144829766
-0.01795809132140899
-0.8713169793958417
-1.771420615425247
-0.9601091649101741
-0.6609201336445377
0.5615860878045664
-0.3092060387892941
-0.16049481541230487
0.3366510760887976
-0.025793493786423195
-0.05036504827825991
0.04001225616467646
-0.15880961608380292
-0.06648973235018378
-0.12913796561576413
0.047004912999147816
-0.22576942586604068
-0.0578248709595303
0.15669821421759314
-0.29391430672948893
0.0769298385514661
-0.11544960928811857
-0.2040865599777391
0.013691305483138095
0.33466226797367965
-0.08949328820535472
-0.03638169177692969
0.12918170169187337
0.22755548550267782
-0.27477570627627135
-0.8905276339804994
-1.9989981478709227
-2.148109015816625
-2.090258529324993
-1.0323159992333886
-0.7553675654305407
-0.30569893978102575
-1.120182182202759
-1.2753853211276938
-0.9397572958691606
-0.6965417707700605
-0.507254470541499
-0.4799087110522948
-0.3656520604408188
-0.35211267222234016
-0.43124322137003696
0.12987066932210473
-0.1567074099555069
-0.10530633243317365
-0.16351257331947291
-0.07139939689700875
0.472993324344276
0.4308233785382146
-0.11491044138772954
-0.0037315425386683404
0.1867574248354389
0.399798006017536
0.7971337091706667
0.3918825547483181
-0.18316101993331432
-1.0001411094801858
-1.906599129549111
-2.4665599711797603
-2.6047770065685443
-2.822043352718205
-1.8993960688805303
-2.2729085643654856
-1.726827263312834
-1.5035217225220194
-1.5324310513549846
-1.0313414985133524
-0.8189676947672854
-0.5343792684555136
-0.438424756822878
-0.04847192987352975
-0.024026956941651315
-0.004710377295568713
-0.019228014348932107
0.2704897546533188
0.08114834878308758
0.02807262329827434
-0.0421102924649468
0.17205496986019983
-0.36186619091224875
0.09117438276584666
1.12767065380305
0.5421479816105159
0.9401908852606469
0.828843654584557
0.6667974481070278
0.4597183666182815
-0.08815850841989194
-0.2809304794816537
-0.6494291479029014
-1.1841018390614686
-0.9113741838545013
-0.6309761918159046
-0.9583210836556898
-0.6114626830486586
-0.8121607103287196
-0.6056005307207792
-0.3281834725165459
-0.16012712512359914
-0.35162377019092517
0.026445402962160268
-0.23544211799759096
-0.10224947903772082
-0.04717696075614504
0.04473349093887627
0.5153528885010404
0.2103922795310434
-0.03316998874273507
0.17805525944943174
0.1661270289727501
0.5150133190081677
0.5627186140419957
0.9566886484924403
0.42648608297513646
1.0565690647870067
1.179779770286537
0.9325717127551021
0.9579795009273752
0.8419370150583295
0.44823137111941447
0.3169014429438317
-0.10180671345613895
-0.18161281064356624
-0.7805693134658747
-0.3932714583276645
-0.3799156846929346
-0.42978422112567155
-0.23052850651338788
-0.018185012937625616
0.1342515867382982
0.12326701374992614
0.10111543666331432
0.4215822022016367
0.3116727053696091
0.56230664675136
0.7044577049436981
0.05352705065316756
-0.09890891203426894
0.7902067440936102
0.3927779653587059
0.4479368036924742
0.42261222437390134
0.019645302034533792
-0.13632633099296215
0.44082210723516446
0.4297824887750726
0.9850795483571223
0.39373338729535384
0.3265900331276023
0.29629396442899014
-0.30187830317243447
-0.0975035652356145
-0.30620090919181964
-0.26835699149097936
-0.4509217835586399
-0.256296536099559
0.08807079483958995
-0.15193693042414053
-0.24346735419620208
0.31802083689084254
0.4813021211368416
0.41377798638502805
0.1095707806665136
0.4523225056141653
0.5256112644527593
0.02542794077197643
0.19950364522045055
0.6142650453475975
0.35779694201837825
0.7115295773074427
0.5187245810462403
0.08049046373095367
-0.280679172211036
0.06648470209080648
0.23918235666584498
0.36991074734071405
0.3562237058930265
0.34984232694273104
0.019385390586237925
0.2179717471295436
0.01253888490921935
0.21438697508286889
-0.019792117687386573
0.09549294456053897
-0.13508621026207987
-0.1488795270343475
0.04323931884272737
0.0836787859959547
0.2645252934149509
0.06967289016838275
-0.17344947354855886
0.4465917948708815
-0.05629495998280328
0.4371045740118003
0.14652480407436458
-0.20245514196448408
0.41580410442261584
0.528110751365852
0.8904034320690988
0.9898940089673016
0.969794170070316
0.059744539511996236
0.7456663638993263
0.06914838586655839
0.388805486874999
0.6860509548624398
0.6857935613595064
0.07846155921073442
0.4242537863286813
0.01242148542465094
0.17503761012347963
0.04744416026980442
0.08768407805410443
-0.14345887387034706
0.46642940261381155
0.2564837107530809
0.3340920771582126
0.11192550819278843
-0.08311317911021479
-0.2705324894243546
0.7884054324938172
0.14654951997282728
0.5007118398794267
0.21327757655892504
0.19833652211958822
0.023046991743109257
-0.013579785076777694
0.323077414465931
0.3865271912700353
0.36062665011060197
0.2821382894453709
-0.0056064407293478224
0.1165925557758583
0.19241111030031688
0.4919906187733469
0.44143268651336787
0.12312127265498661
0.20249783459537593
0.10115156447145274
0.12772571472751412
0.20881127580104303
0.02397493658484328
-0.10988915944649061
0.08380683010845097
-0.03446515751053897
-0.0025038017138618793
0.18675788480716593
0.11950201969645588
0.17950774383230064
0.20133588176536357
-0.02979057275307261
0.32191120332400863
-0.024530333407599844
0.41378310666570606
0.009594012018362045
0.21306105286827257
0.5302173582774328
0.07158040990864475
0.31381276226292953
0.49029881650184887
0.4023991753127143
0.26451780568287553
-0.01684156381543948
0.2792304389535095
0.1924159946686053
0.15706418554011622
-0.018322132400352815
0.14695195567413546
0.5091037376728936
0.18521474540453578
-0.05765701418790656
-0.15740568063475974
0.18170012546386005
0.06455170171705482
0.2228916416402146
0.09893307631079666
-0.10880963060486747
-0.29152346155465886
0.30107779941567797
0.34957082032433295
0.20631962231449974
0.146524866540056
0.35409433413111346
-0.16297062760588854
0.753864640732892
0.15954291428509326
0.8152551539736048
0.8111213753152022
0.3754596681374916
-0.2048908391828536
-0.05902439654511575
0.5678837717264777
0.4757663148726652
0.31102192101768217
0.5207521571775904
0.31895111499523565
0.1512830807533334
0.014673700157405023
0.016864185598785886
0.18117606962971503
-0.054353245906438676
-0.15546897990621
-0.2967778605131001
0.012740944349406437
-0.1280354767685238
-0.1150089914229323
0.10924333838828326
-0.2809202824983198
-0.29835102856916185
0.21355544240065572
-0.07761217128911492
-0.12277396148187503
0.11380523816247096
-0.07608146624327121
0.6227035440570382
-0.01115073629360618
-0.08929189530960453
0.16260355399521653
0.0216738951761539
0.45792448068310265
0.6715338431745218
-0.047348862098444
0.14214417529654724
0.3225776517708598
-0.1443827405267823
-0.03714213621717731
-0.07619241518995222
-0.08397555172697578
-0.1670528086663528
-0.2380047595464752
-0.35680334493574567
-0.09558167094102021
-0.38550847856411075
-0.030353212999282383
0.20659320893189018
-0.19403945961352348
0.3196022469712912
0.34564152985199953
-0.03577316701341379
-0.12280228163570105
0.5183997281529971
-0.02637252213285359
-0.36690599928566486
0.030300702332589375
0.22764721915577407
0.11910892924247876
0.6648332922057585
0.390596355522355
-0.016566823378612427
0.33401262290948075
0.3220780858257907
-0.06180771884070761
0.17126565303473015
0.07419636384142508
-0.018980697022222524
0.14937173538788892
-0.18693675036153187
0.003061195850913895
-0.3534891071526807
-0.19668605852979612
-0.16445718558038033
-0.1137192120500398
-0.2794808642507279
-0.3580789141628982
-0.5658170380089999
-0.27171734287576665
0.12327769320659478
0.23074197596063553
0.3651497199150286
-0.42467970218127077
-0.16667243662036965
-0.006444329227481763
-0.0340324934036375
0.6366914548978514
0.2117800053246114
0.23149594988035982
0.09703809627731468
0.32360758181367977
-0.056669763316371455
-0.08422584441056227
-0.0975145503515504
-0.08349469998871953
0.10020162739306883
0.04764489298090373
-0.07222429313183643
-0.19310943505492853
-0.24443776300727804
-0.13280744071224068
-0.1015080911603036
-0.1185695472018265
-0.17545226779904724
-0.03189776431957734
-0.010838720579314943
0.051539338433391424
0.3606840987993386
-0.466513234606999
-0.05785155693632083
0.29378250141963014
0.5263501962882497
-0.3330727394220618
0.369947792776834
0.1995770706751082
-0.015507401774820833
-0.06432555654503178
0.20075061251901288
-0.1394869504521375
-0.05233196699038082
-0.16694637779065072
-0.06958930557971953
0.11799366033115478
0.2272478465642069
-0.3301693403793746
-0.0860573356802033
-0.04132557102602274
-0.2029431154889977
0.050320295065532344
-0.4233091339481252
-0.13043883065508965
-0.6902061664545996
-0.16087722752897354
-0.01602847016372273
-0.0030682513425679815
0.05575542601244669
-0.15402001169092397
0.0906969538153058
0.21338538143175592
0.3019203753312741
-0.23084815323248953
0.1406167452715083
-0.1262385137410598
-0.14474446620455525
-0.02276730126513265
0.03633165665107809
-0.09162003068286942
0.2947935156243128
-0.21282952309386577
-0.15726925611255546
-0.10038888604464344
0.12092493266413823
0.021229026771010337
-0.054222233937760836
-0.02421408502940953
0.059316376801805716
0.13089438130695288
-0.08894233833161444
-0.040405612425323166
0.13255870915694357
0.030002047574651157
-0.3231470797731273
-0.4197282955535304
0.0805437203458865
0.23587496965948496
0.05310952188874191
0.14515326658097188
0.23773516767138428
0.4808252940197653
0.17775689204171416
0.2799113493969497
-0.1413450498451431
-0.18441632104825076
-0.034852074186117146
-0.12971135254648175
0.08645701093055722
-0.04219155075124647
-0.09530434015900303
-0.09563214194538966
0.01520659223369963
0.29055506214546534
0.1424098253836218
0.006221360636680817
-0.20595024728535274
0.04327419162511781
-0.012958064774057242
-0.0012649572189616987
-0.017151731704027198
0.11332565396897964
-0.35030652040047583
0.2006164479931378
0.018672454365773306
-0.05924056550159675
-0.04921940694371117
-0.19226020081972048
0.14369094291880208
-0.09840547161657849
-0.025476530306989716
-0.07697346780804747
-0.3252485376011983
-0.26599307124846505
-0.3751532095701022
0.05643322749932054
-0.12432584841567537
0.10835816994086164
-0.02875048275836494
-0.16101732422898216
-0.20421749027651925
-0.24416021617902478
-0.24656461702411017
-0.1414609056405224
-0.046366757356574105
0.07570171627233269
-0.24695794400215162
0.2036307941129683
0.1123399621512236
-0.22208880126211383
-0.142497664770571
0.14737299233348392
0.03227732125068897
-0.38592092320977894
0.06236619665634787
-0.2903563517895815
-0.17501379586814889
-0.046914660717696434
-0.07751326882237936
-0.009208704526469477
0.1935466897151979
-0.08324144983357701
0.1737758188563031
0.17102734417485113
-0.14290055104362692
-0.027698113767624804
0.09271061090831136
-0.0341710933415007
0.06290524008217355
-0.2612842954703367
-0.3037539418690131
-0.17123841962082095
0.21117722073285536
0.06025899756122773
0.038926354320253466
-0.12485510404783053
-0.34746872947347557
-0.6666042455808915
-0.1385020440499117
-0.06374967539993606
-0.09530109837186673
-0.3538062563855658
-0.21178852098861464
-0.034732978564790226
-0.1986857877949171
0.14148350107856023
-0.0779133386973662
-0.28168120373833244
0.13895691577922878
-0.0467047271683413
-0.3785158517396632
-0.0005254449522811312
-0.08464748489958486
0.05568737190244183
0.14266584040133518
-0.11839948429741129
0.17070648525455367
0.2287119508036843
-0.2440783596087604
-0.0409102757559135
-0.004905753597302788
-0.15686193285671843
-0.2541612795303253
-0.03995895189096026
-0.3132234541275396
-0.007261097154121878
-0.3187353150140361
-0.23333162887542083
-0.16425676832122282
-0.0849017683506091
-0.0040759385061636625
0.21613480346506583
-0.006639532870905748
-0.070394864528186
-0.2298868821782113
-0.4605011647459517
0.00578506468723643
-0.1789405480392922
0.049035062518997495
0.028438565344921105
0.03557731708698251
0.0673072709142625
-0.021599915855008697
-0.08326785712219256
0.009944642569794286
-0.24692267205192867
0.13412840122364147
0.052360670430638835
-0.039980008284014976
0.15893176034023232
0.03885373372567428
-0.07325643620082721
0.14327428952316063
-0.15142497786440082
-0.5190279414000645
0.050581352500160985
-0.112456235307309
-0.16072303426125406
-0.3204528797654089
0.0392575414702821
-0.19638725386097547
0.04205581306423557
-0.048005513030467045
-0.061582792478609295
-0.15097664823727697
0.4058983019170443
0.15563909705670967
0.3283521996572552
-0.1398751681367564
0.04797236156994287
0.19498040918091572
-0.15568079314703273
-0.26586543987820693
-0.2595654992274421
-0.2625284676216284
-0.09268263592425428
-0.1389856691122974
-0.0835689519105872
-0.04078333235403376
-0.06609829681816917
-0.22811959029684162
-0.04506707191065246
-0.04160066510502409
-0.0478678366897619
-0.27418731662191687
0.021410334795545813
0.08847761567128246
0.04646227105873235
0.24179085122363944
-0.06921926270621302
-0.059476800141408735
0.1680119134160567
-0.23524339200216973
-0.024557312631857738
0.01064854679027384
-0.053657922255068415
0.13755727447822713
-0.038269812456176194
0.059274738770911925
0.01405698006082671
0.03656497759484764
0.06712747713008302
0.13944763160332282
-0.1091515849887192
0.12240232219601548
-0.04351182923400778
0.01724082350204179
-0.11822326693117005
-0.07394980563464999
-0.0577238293384541
-0.10567351585605328
-0.06801866291947274
0.029680284313220184
-0.0667171533755691
0.04038243557626926
0.052167693383936585
-0.0334705011553269
0.20462171997289422
0.031153912282269366
0.22803767946899103
-0.1855701748242469
-0.08031674342582487
0.3467084356554119
0.07825170118010896
-0.21105941680320525
-0.13352154396914398
-0.05657487173018803
0.30478700027956807
-0.10735645660117722
0.05599219107083747
-0.028086752066463192
0.06649165212348197
-0.10495853298725952
-0.04095470268834933
0.001613164764241447
0.051655348799282824
0.10101608453732257
0.16398789143242642
0.29589066314784584
0.14205195650092936
-0.10443196877354108
-0.00018700203223690598
-0.09255692796328112
0.09258861237836678
-0.2107321391008123
-0.02180686105418193
-0.10029238367693766
0.006248008938724504
0.11748859297467555
-0.08251410518787332
0.11643991397856007
0.21951510518861553
-0.01977444902720652
-0.02367155070038682
-0.0023043377324040385
-0.21360676974308307
0.2845740327777029
0.013914509524488262
-0.003640270684942143
0.15765674134558408
-0.0915768870477436
0.05240195656268392
-0.07070570415576154
0.02263516610634854
0.04078743006437006
-0.07021682698938447
-0.25762053053600015
0.30504240045934844
0.22033565455469534
-0.17120945876806873
-0.2938682733572864
0.32445427053818343
-0.0282411673192223
0.2724357934509005
-0.07735996468034259
-0.11861866218507065
-0.01968324156951966
-0.07490620093641474
-0.05603636761155625
-0.023704236915226422
-0.12970385109640958
-0.1499256405860604
-0.06240121246841756
-0.04639510604929195
0.27079912261254024
-0.03879982343741139
-0.030435044393253303
-0.05511268967420261
0.022909941617646614
0.0285810974443126
-0.14315294872392323
-0.435921805058116
-0.22877531540882193
-0.3926682934008196
-0.14186520214444406
0.15390653156631726
-0.31627184423996946
-0.4398250041016819
0.14448621268053566
0.1987506718612566
0.4262680860097433
0.0729668591565205
-0.2979866230540686
-0.040774451426608745
-0.20419861044693371
-0.1823463206726444
-0.3757864359951037
-0.3686956280495967
-0.08815140699719848
-0.08023692591141382
-0.04695454424371645
-0.11679929545445072
-0.1275073861154946
-0.004653456319595029
0.12254232014107436
-0.2958760509658063
-0.1337764575226815
-0.08741129324046712
-0.6155159724881056
-0.21648626683606592
-0.25061991581608467
-0.2708955244892119
-0.2404503530325999
-0.5603918433701904
0.166309522512153
-0.039506381225235046
-0.39199399514157157
-0.28260189397099233
0.08415442050790038
0.1210785138527117
-0.5835586672153421
-0.38197036257349315
-0.1674720267675336
-0.29201784351953014
-0.5370695684307363
-0.5560186125971348
-0.2840896382442713
-0.11575757198157624
-0.0824894126075432
0.2062354261784114
-0.052950004207680486
-0.1920540893836571
-0.19893486734962937
-0.17287523795278667
-0.06486193512133095
0.17133190631021403
-0.19010266692974126
-0.08780935001777344
-0.04813973179083275
-0.3065769828941522
0.15012687982963155
-0.32432082128406187
-0.05632156566662313
-0.039355186430621615
-0.1350392569657296
0.0014198680359505886
-0.21340931245861092
-0.3588006789153119
-0.47092591704098796
0.008385726468739653
-0.28023006265589834
-0.7320124750316802
-0.43663934283905254
-0.21753466540860514
-0.1557692609772318
-0.0988954173751004
0.08734803012806684
0.06259172874311668
0.19686428798350913
-0.008406451095333835
-0.003030046508226893
0.051356840316213265
-0.5627267586188258
-0.07567183940781645
-0.08719802087507522
-0.013197263838911415
-0.047241815645627336
-0.1407543029136848
-0.24952559678325983
0.11579741883351613
-0.20167505119339355
-0.027408947947083637
-0.11331452040833452
-0.11182832065014534
-0.10574671374710308
-0.4110084983769746
0.2572124838505752
0.005527036912210742
-0.2511053724786411
-0.6366300603221504
-0.4724326178892744
-0.4368689629480212
0.1041915009764268
0.12212609502742201
-0.13268300767928104
0.05777873700578238
0.20724920481857634
-0.08980572112032056
-0.08776971487699567
-0.27114707404105026
-0.22962287541331686
-0.3716400498353681
-0.11209665186441672
-0.14639043717010067
-0.13365656429972778
-0.13902451283454592
0.0538036939140008
0.18702316438890645
0.00457981843525311
-0.11246036517989678
-0.18527360539433613
-0.10886345611571523
-0.29742320798367156
-0.0918973283882119
-0.21885114611716314
-0.024740778414187155
-0.10916987514605876
-0.1882168122661555
-0.09121694325660373
0.04392273321938089
0.22078599265208992
0.2515367816614279
0.282814212768341
-0.064953406981632
-0.021255825152862194
0.02533412415569318
-0.11205860124369796
-0.07123119849419737
0.1703067119194709
-0.1549419370768358
-0.009905520407231382
0.0993061523643997
0.43079265044195725
-0.1784526924672728
-0.14285201898925023
-0.14966656193982644
0.23655753432682444
0.4538255119334397
-0.016768526425205165
0.08980487286806822
0.22421595971183345
0.06830283289195672
0.055141068447882594
0.12069279461410339
0.14476584233350012
0.37029900113994607
0.08194509301685472
-0.040900895020218334
0.13637768717976181
0.005130463724424467
0.054559005537785275
0.30518114571810484
0.016018424150175934
0.004654987941152996
-0.16384407684341873
0.3545742528057184
0.015220259447605987
-0.20382770254879756
-0.2758543542468971
-0.5031462312039371
-0.34100727471339687
-0.3827194062754724
-0.24193817195882192
-0.35489019771180697
-0.48880402344042856
-0.2279864774184814
0.4207096754200526
0.002928996461005396
-0.04710181702887552
-0.16218728004855154
-0.005281626423616414
-0.23445004934421934
-0.14119464487992042
0.09293225787240178
-0.18541646619161614
-0.02101547908071156
0.16426251801728461
0.23121889025547024
0.008751936322302327
0.10290977558709226
0.1431113778801669
-0.021071648416136873
0.1862339036062997
-0.028159856215515502
-0.16628303271869935
0.28179278217854714
0.2803893873147861
0.15318106857190011
-0.32496043415843034
-0.16158521551452837
-0.12646794245113974
-0.5106191249345343
-0.18442648940837805
-0.4733236757635871
-0.3902583125482524
-0.4247933331770713
-0.1222135924956058
0.16737948234378774
0.1654848690305844
-0.21917847255083606
-0.0043591882874125945
-0.05655697223277617
-0.3398218440838987
-0.19044034016816783
0.18118632642389804
0.20693507934060282
0.2037552757181131
0.24115220665460213
-0.22293615568105168
0.23261929781973098
0.3735749876979892
0.15833081111858147
-0.47550269039219406
-0.22596693516728789
-0.45058929766192113
-0.2986615600383219
-0.49596050070650216
-0.4150480609109895
-0.360404126138801
-0.648695518505997
-0.22719805033172694
-0.17163309700094112
-0.1956127150068303
0.09017321689740433
-0.5149393421334592
-0.015015028246551125
-0.4193955625126011
-0.681673743326925
-0.2853382279253403
-0.31656053404260764
-0.24322233168988464
-0.051830783034712204
0.12590012400516326
0.05973591459208066
0.11516207399035629
-0.06163287618579904
-0.0238654911137482
0.14553930197697984
0.13387568262491367
0.22907301812378322
0.19919256663880544
0.17852144149032836
-0.711334097025454
-0.448515933857005
-0.978081908314285
-0.7836085070855713
-0.4513678933664955
-0.2096884374259923
-0.018349659982054525
-0.19327823043791148
-0.2743103995772553
-0.31970124435941105
-0.5418031648225696
-0.15486359363921837
-0.7009874541903163
-0.26218642260001773
-0.23307337457389854
0.1482898054261233
-0.30380736206989345
-0.03642686428957972
0.13620008500055336
0.14115518475945388
-0.019489059295171484
-0.15152847275866976
-0.07963524628544356
0.36021875044160645
0.2833784004311727
0.3819680858234034
0.26901955677603007
0.6678152891478161
1.1558551992519666
0.03175164234060713
0.016906874973043533
-0.2078047982642872
-0.23349176035990377
-0.6605783017428354
-0.6505229243801784
0.009198605837995717
-0.7652315885875441
-0.2712246703260404
0.08683955849947138
-0.09436776813350975
-0.1120035602817146
0.0652234468226094
-0.13470920885769286
0.2576542668143975
-0.011583730918577348
0.009278403107057858
-0.026891987716763786
-0.2125171460920969
-0.025601405844362362
0.18375604502456064
0.17807400938171572
0.2341564522226723
0.1304716939436264
0.5550050269212192
0.6722851872219723
1.683973730877984
1.6167582312520261
2.2887594147819024
2.399867982144205
1.3741753063522062
1.0314416130986899
0.7459842164167341
0.3612462525451506
0.3045336729797923
0.40065370903679914
0.8909733499200472
0.483429385329703
0.14734171217362665
0.13329116680685246
0.49835222015322583
0.36295396836847066
-0.08502478276506911
-0.08381455935709785
0.15476966096370723
-0.003580901234194769
-0.07300674280170363
-0.011743014243130774
0.1426933223777751
-0.23712771386888654
0.06833421494022035
0.1060234561834991
0.1987842815629848
0.4028326910217604
0.6201516799771255
0.8759628977898639
0.6660868500353001
1.316120408214571
1.6365095669304601
2.116561277693728
1.9002759305078283
2.24545268550785
1.3849996503817235
0.9435662550119789
1.2222098955327783
1.030859481622251
0.717245100060832
1.126858248697239
0.5317650012309236
1.0474036865308365
0.5344242347216762
-0.003095187832453945
-0.01948190579474315
-0.10151176234177667
0.08374010433626032
0.043476929002735226
-0.03634004340947709
-0.185932662823493
0.03546705950237887
0.003146072991733076
-0.3634558455473971
0.14532986452940413
0.3920559742200495
0.1769607021729351
-0.08499664961791621
-0.0060261403966067936
0.22746091023011386
0.32602841333882726
0.23278278659277363
0.6852332356959363
0.6965488927058485
0.6126740569733514
0.7151589461447567
0.8616454149766929
0.7841140406211032
0.8146582111298699
0.44850333114518426
0.5037028094898635
0.44651295020663934
-0.09414604576491342
-0.11274094208380746
0.021960192291136514
0.46405228610103605
-0.12970305606698956
-0.24271246096952148
-0.03728637089972868
-0.11005282072230307
0.08278299059286405
-0.3292691139552711
-0.1969510508625365
0.01897048835267768
-0.1395035715369879
0.15315429803205807
0.3653579653384033
0.3569949046312204
0.6369221440223871
0.0524250256207557
0.3334298876466293
0.35369587484513654
0.08453460464540997
0.4510954250911471
0.682602417529361
0.4781439179738108
0.5320448735897589
0.2598284888719494
0.6723224991282077
0.23948394242535345
0.01483344810627129
0.19704348799347315
0.12255027212252688
0.2244901250175963
0.22896084139659498
-0.1550880354818437
0.05133302668959525
0.1403912469483537
0.05398502339375716
-0.2318938918078324
-0.02503075287495891
0.23729656185557954
-0.21088465030405987
-0.2699588841508259
-0.159424051775342
-0.25638195144779413
-0.09358703865432512
0.011745124036726909
-0.0038800158935294784
0.26662872051816744
-0.021549768775434977
-0.07001691503517588
0.17180091627510677
0.4181507373841613
0.2869844100477926
0.25692034833582805
0.590874516253181
0.06401939062278905
0.19699856000429758
0.09274076822114861
0.2454285392856717
0.10153677526583858
-0.11964026267554927
0.10844640565734628
0.17959212968858984
0.11500758914734173
-0.17902162443265668
-0.1906936826487474
-0.19293225099540653
-0.03555244958346905
-0.01196184530130484
-0.14467574528639987
-0.00904698485964901
0.22716960348260792
-0.29660348183469504
0.012879818289387382
0.040993935428653205
-0.0547343127910784
0.1131925437842832
-0.12059247188711318
0.30859358028244455
0.31063634316240296
0.10329400971946902
0.1792197762071122
-0.0025287264361565447
0.1385481677585852
0.014878783522266546
0.1216534662822267
0.36490832085501623
0.16249597984961278
0.04224426560927125
0.08477085912393695
-0.004364445862497649
0.12237593498948111
-0.03127206128888082
-0.04906709087591712
0.15173139047959908
0.0889682556185771
-0.07803721911351377
0.14539363752639656
0.38496046387980526
-0.12348502478060934
0.02197170690020241
0.0391294493263537
0.22739331914532537
0.2554818273763985
0.4144130964696044
0.41445670428164927
0.5401419279648015
0.29552905814139324
-0.146287344676865
0.26398929692248796
0.09414601459999983
0.4887227038692605
0.04677646159653741
0.1519216323865078
0.2608936919073403
0.332863596154112
0.10636893495068056
-0.11831744808018797
-0.04180695717784285
0.14081608854592906
0.1565288025235919
0.01039147766328577
0.012646591051882424
0.13926390782301243
0.32393425227123346
0.06825479191608291
0.1754686912532746
0.3466129299265626
0.19078075096112837
-0.07993151010944005
0.08541308997274193
0.29456151419535154
-0.15850522145080215
-0.30834627362481576
0.07204951231748753
0.14851310320483158
0.0231324681695891
0.40519453792462556
0.18108607545920646
0.29655788135599037
0.28610777239187757
0.16006698427523702
0.1261942244101405
0.0790801717400875
0.09818232616935678
0.13395732634406368
-0.05321654873186912
0.17358125084780093
-0.05142557544936285
0.0066888037430478066
0.23081130336423133
-0.10026926873729537
-0.26685634166317795
0.12574572802937306
0.1317026940432309
-0.023891654511440416
0.15182520564464747
-0.07584248273474102
0.1412793969414231
0.1033455327780551
-0.11289953574397278
0.12458507591670483
0.19902091004231243
0.010086336942150328
0.22328927327271622
0.16330038308061237
0.2934452776379588
0.5493563427323219
0.43142273259071856
0.052275767815160516
0.209397691957468
-0.007114191541890513
-0.22084145151359708
0.09202357138609776
0.0324081472620049
0.24281229794690368
0.060396078613150064
0.15648979011806036
-0.13022293853821695
-0.004931958860904748
0.02797909208447532
0.2486984494188585
-0.13541355095073693
-0.05166923510603026
0.19820881943166735
0.24979390284821262
0.481224743084969
0.22996209507424145
0.3794726174993805
0.21202556777643014
0.13229599139308718
0.05881681929558467
0.14312362792225009
0.25691628308794795
0.31534191438276615
0.0951181204896859
0.21378745325030918
-0.06777290787121212
0.07914527099519149
-0.21868194323435203
0.3731577017883248
0.010683124547556199
-0.034873796942232874
0.12933218924634396
-0.06072198946160534
0.2676381311547424
-0.24699537928900428
-0.01033423462365809
-0.025440636368516584
-0.1766750877164265
0.16509764204578156
-0.28311883052798403
-0.04216845498268735
0.3592933984279669
0.28325037478389553
0.05649893317255188
0.19731660106086152
0.33987291184729
0.0061078706523049935
0.16200647315916467
0.014844562802521982
-0.08583020036328926
-0.006527713936351668
0.31342960905260653
0.2654965766646089
0.11049275876378915
0.31418949907813887
0.20476826492086375
0.19854831327672712
-0.05876345285600856
0.13076281232713885
0.03734654616417176
0.061589242615156976
0.0899052124507483
-0.03298755979471037
-0.20333624961605018
0.17003935363575337
0.2466179863067574
0.23154200306560344
0.04954927244362618
0.08569732140258468
0.3377543104022502
0.2600241654936192
0.26766864000620594
0.15411908221681045
0.3444222717437977
0.37750141439812374
0.3755464192870326
0.2833894525656286
0.2987332694191875
0.3549807808280141
0.15083369942456407
0.10613828264483738
0.11769554113399602
0.016078190865950515
0.02462105460608783
0.2142635456622984
-0.09265176418604826
0.19664819733836364
0.03241513323598459
0.02876542246657401
0.014005585598821223
0.021913639983931348
0.1701406731480502
0.1160402593580743
0.14283184723817077
-0.0730985967290738
-0.03533213275188879
0.5506319446806308
0.5524012247921148
0.40316582716147165
0.19818995770364134
0.47925510431054597
0.1536128600343718
0.4411388054058301
0.1343618148601193
0.04894556967021169
0.13511226585055527
0.011530739567814958
-0.2158783545100793
-0.09596116461973306
-0.059861560691537086
-0.008418291336833512
0.04392998598399119
0.031033101722167448
0.19189305538709492
-0.19658364801393746
0.08407102000237893
-0.10805129760741555
0.0798330248765451
0.05318539252080719
-0.188470631637451
-0.12824113725988598
0.005165842229255513
-0.1040131223633026
0.20676039190459125
-0.02523414851603686
-0.20744370517635022
-0.14818134157156038
-0.06036348337020283
0.174853164039814
0.06668838139057577
-0.044217747771839754
-0.06120890275463018
0.03291333914032633
0.06835408527811233
0.07709430788088814
0.04553431791297682
0.03897816425213971
0.04331815618271138
0.2581194168144869
0.11631292166470085
0.04650050327208282
0.194365438808502
-0.12083170319551749
0.12098982218887826
0.14809913571490452
-0.16441364034465525
0.37536674450647783
-0.21678095295532201
0.055180561670590024
0.07233651104724144
0.046539598920275295
0.013308341056111749
-0.10546146939882597
0.2210550768480725
0.13299190639141564
0.04764182252787811
0.12319883949367551
0.17258331256566442
0.23829684680886118
0.08419364092654956
0.025965166580439635
0.05549958051336248
0.31029719573128495
-0.07726131702823555
0.05472155748258335
-0.2963248041746718
-0.15122058090843782
-0.1012062147687933
0.04006044008360489
0.010014529463033684
0.05479515410988424
-0.2736200784944933
-0.13139780033512707
0.0553903827453222
-0.08369277849892351
-0.32347188324096726
-0.12231024597882857
0.005284125235417255
0.019479895894504017
0.1309728962449683
0.29920485240911987
0.11972298654759168
-0.005302862093261676
-0.31611679641311474
-0.33837657990299225
-0.13817721909795216
0.14264071959834101
0.17650579419543533
0.0258345476219342
0.11425356213624137
0.05052463477507898
0.05252103561009578
-0.04154953677934209
-0.01744282006338247
-0.027927485248005667
-0.12919508720243914
0.13471062759205682
0.19736672012013845
0.15563297806950888
-0.012919494029483045
-0.0262249763979882
-0.011514545446977142
-0.14112934696183135
0.15376376384614435
-0.403855535389938
-0.5393989866703096
-0.060119426306020254
0.1305887746235041
0.005370405407978998
-0.2683374464065855
-0.45762239641808816
-0.6984585155112834
-0.42283395861036094
-0.3011669743796446
-0.35400813116466956
0.006149069553368416
-0.07889574653062385
-0.08018525352979385
-0.1499203436747144
-0.03483927832811944
0.1908450250332805
-0.24284994166207816
-0.04530902818898627
0.03652565890374734
-0.19584624843169027
-0.040769501132679
0.252511256011958
0.05795478414623295
0.2555642915240612
-0.20249935759787221
0.2186882856746681
-0.4018177419100007
-0.41150093716789304
-0.2815198349778081
0.19979018181853214
-0.13338218029084895
0.0637026714887831
0.09252163970727932
-0.23035901266300432
-0.4508201937799112
-0.01616352990475556
-0.20860809733719682
0.17789531098759714
-0.022928248365649825
0.2053598815238552
0.2763004169573001
-0.13881671912094992
-0.1484658426745893
-0.35662526190378135
-0.4946742996170127
-0.1544306234153535
-0.16826313370749887
-0.014115322997677327
0.07386960861418716
-0.15075381274060007
0.05886578956169097
0.033800457162081236
0.19629608448219496
0.3132825636173414
0.4368820874882638
0.09461811849684261
0.16380755802608654
0.1393718977520075
-0.015180471247473435
-0.017405276340983905
-0.11296374874471979
-0.35159522411844096
0.09755908837022163
-0.21862830156841115
-0.38531043443994967
0.05810924023937489
-0.3991717294645757
-0.16559300030328938
0.2087378234217351
-0.020701614542962814
0.05880910182862402
-0.34765335437434464
0.0005662783624908343
-0.19501750740094237
-0.3539444828535575
0.022108942550652103
-0.31899728122589666
-0.2611400491168522
-0.25784240273355213
-0.2156247472058218
-0.10618709781755813
0.26652373366791954
0.3058300821768802
-0.13402814248010733
-0.08426021095594206
0.11425511903990271
-0.3046423955710867
-0.05896166252952131
0.07235629826038754
0.24347502635028584
-0.08091914575103051
-0.24684255116538284
-0.34108159318931924
0.12884316813318533
0.09976585983103534
-0.25568864753957254
0.18201782226106208
-0.16097760189861676
-0.06163380738011784
-0.2573772397735753
-0.1576340331519214
-0.37207954297006446
-0.4218658259122908
0.20311743293170592
-0.11141937120770154
-0.24616782771174892
-0.115936609953037
-0.1580275995367886
-0.0700256129039591
0.25362743255130227
0.43773426386792247
-0.5033489090479942
-0.30578287794849235
-0.0945248926504017
-0.11433640402563709
-0.47147188216471925
-0.34801403158504635
-0.1916273426693464
-0.2872747718284987
0.01821489826736109
-0.03884546202131118
-0.1549186830566348
-0.0789122154942451
0.0189593740269888
0.003749573466991136
-0.11561749470913878
-0.27723359618994936
-0.0394889696227776
-0.21066549922027555
-0.367791726812082
-0.12629105919850234
-0.3217063198642916
0.08970534987733032
0.02753426025543191
-0.026264359662652
-0.28534998054207733
-0.1974120214494754
0.4325813109797561
-0.01347544959929891
0.11138053497780218
0.18422610321740476
-0.9281802196712379
-0.10835796200081825
0.13564041025066445
0.1032481793431058
-0.3837383926873043
-0.5762955301835715
-0.11519279191045412
-0.2539735595269395
-0.08819351546053983
-0.09406281643076472
-0.1224052317657751
-0.3579951426596891
-0.1303240764077561
-0.4360352050465869
-0.10719414786878356
-0.42677487333264136
-0.35515289205487865
-0.08645614165255285
-0.19567928709094
0.12656952652947734
-0.10157310468937021
-0.0092890740898029
-0.4109463520393726
-0.24552290031280097
-0.03709409615784748
-0.019505569565172996
0.22207206708882266
-0.4590720953913968
-0.7174374056149514
-0.09443067554090014
-0.10654702328076017
0.1281744503204448
-0.05179711237970917
-0.21819549970055357
-0.44618346025529465
-0.014137115924104694
0.35010158179839695
-0.13946055162190218
-0.2084901000449303
0.3262014341341514
-0.10606249106499756
-0.3665204916709276
-0.0007505020720483661
-0.15940288449046203
-0.18399416051385703
0.1291098601141134
0.05879192180301181
0.10186398294716288
-0.1651007349072252
-0.2784989276453875
0.2842746888288937
-0.01027265838169487
-0.36949926785655224
-0.2751097168419643
-0.26351895285536553
-0.034916037776079704
0.018079141225311936
-0.7505615812379384
-0.4265375566083506
-0.5851204686117256
0.4911572392131401
0.17408847286356038
-0.3068716665602449
0.1907112712849363
-0.07684484231492011
-0.49429436619977274
0.15377021207055683
0.38528011588204136
-0.032204111210603174
-0.21089108614412777
-0.12792434351401125
0.017240892448678782
-0.18050736891921892
0.07025983246041075
0.10149598043724818
0.07903542489601023
-0.01516108068543908
-0.022284405305429838
0.21134639898846663
-0.17957292071442843
-0.3881961034993806
-0.37423255534180266
-0.6060071419545251
-0.5466834309400749
-0.8609752790144944
-0.37088148811186117
-0.5872351937046505
-0.6513762632404636
-0.7569986901577169
-0.5976037006879038
-0.602375101270984
-0.36742697024003856
-0.4240160466837562
-0.14338473604257157
-0.17483968839674274
0.42356024368771605
0.08598281146216374
-0.20732370617147822
-0.03774194142810986
0.11789983162381602
-0.08788703681770843
-0.07853267516364741
0.05287014345437513
0.010540731756481571
0.009483636313933997
0.21761343190367757
-0.08162542113895313
0.1738719031312276
-0.17905333590667497
-0.3104087499240717
-0.7253883626647515
-0.20882247331677795
-0.8563100885182608
-0.15889510033901105
-0.8715133192036805
-1.3134785326617655
-0.9892461343946963
-0.3244347629743545
-0.3633486787337256
-0.7053671530517128
-0.4127226028506632
-0.5119709226595546
-0.7139420205566137
0.06494119345398228
-0.10028480859523449
-0.49179188264449053
-0.12863742078260576
0.14009135562613148
-0.314468192055859
-0.1042407604813442
0.02063219661296482
-0.04066137415898982
-0.21921242642202973
0.3191314167265353
0.39409872126075524
0.6057827655159269
0.2650957607253787
-0.15399837134935385
-0.17240604285924147
-0.23858634876580295
-0.1863261303164015
-0.3429944261642151
-0.10964480128099828
0.26521405633717726
-0.20584748533838515
-0.286911173556406
-0.4208530577522555
-0.5671833997147949
-0.4462917644597866
-0.6034499664860493
-0.09329192747829515
-0.22871534015667982
-0.3117473938243589
-0.39916616421450396
0.28297091833991456
0.5533586015033704
0.027835086490414787
0.1068606538331038
-0.010379176701779246
0.0794733018315852
0.058270181403024465
-0.09679670765336976
0.3018235016075735
0.32536296959550237
0.4973326117399448
0.60537757496044
0.6168606300132616
0.59142166522335
0.5716916082090986
-0.3310315771752485
-0.41030066663009257
0.03565866405816982
-0.119717983082151
-0.7667454374378658
-0.4935161970881237
-0.08798500267930767
-0.0873278432312869
-0.38661630270497643
-0.20537300846014725
-0.05456895336048128
-0.015557513917312932
-0.11881721850221331
0.1139326306101839
0.36616417668060197
0.7600592469573122
0.33945589700022166
0.25992632862720094
0.11426065999816129
0.0663676041772585
0.09251480690018271
0.4515171544504605
0.32709336848493903
0.15714660655447749
0.8998174827540696
0.5250127562117194
0.4288264074115252
0.5483703066366846
0.009003501916121578
0.3082631759146484
-0.7186391422555345
-0.24357846777018113
-0.3744574545097676
-0.055759136211231304
-0.679514303388523
-0.6273709547705372
-0.3343383301688706
-0.36817601629692753
-0.36602578086424864
0.38056187583893664
0.34104179866811735
0.1560587670609905
0.24813365702882004
0.44593966598602985
0.31047658297433967
0.32811315685123044
-0.02265983875441576
-0.2742360933741049
0.06951096210237412
0.3794915558444026
0.3409466823499652
0.3945003522956413
1.0954337070160678
0.9348082918619851
0.4521269735040142
0.7139717082964279
0.27681400039057974
0.8937988504928925
0.6448389451307691
0.37704708714142876
-0.43066919156702593
-0.3599283399129746
-0.5590466992000306
-0.3820900332374656
-0.14406458242778827
0.03635771249428907
-0.08796807233152362
0.258522735874924
0.20744227626338338
-0.08259584270897205
0.442687735391623
0.20748242236046538
0.48723367642237825
0.1832865116508795
0.28131392339750344
0.3053857766917359
0.016885352238646373
0.3145128385740669
0.23997528922353636
0.3058479989119225
0.19191787203616756
0.5255138854472258
0.493948409889622
0.24413814604545175
0.7409288971231772
0.7336117723433347
0.48777862356142265
0.7639480998938201
0.7215238835216075
0.2647786373325052
0.8137480624655562
0.09878583908187036
0.20931224226787778
0.3791467680119579
-0.1707608848930918
0.5891949921514993
-0.23340327197840635
0.2760318159014771
0.3677917765330369
0.3703632380724852
0.13515222228223542
-0.20175018597233513
-0.02153595938710053
-0.3089908161000754
0.03909370891733035
0.4014678468959732
0.9708314872558554
0.43418348948376706
-0.20281123151262082
0.4905174255170393
0.35938336865863507
0.3186637088313001
0.4404597838438179
0.6071897252941792
0.17729447883854524
1.0077912368443827
1.0997614195088423
0.14582267274442096
0.6857996233627159
0.5588778217831677
0.3771728014375635
0.09778256336841833
0.4700803999537884
0.7880130991580144
0.27366794512572523
-0.17216715153545584
0.4775512849168941
0.4098955366827257
0.08340916050756092
-0.08090038083308101
0.03196980499092755
0.007862866587661074
0.07343258133102516
0.42298899074612734
0.1391872563202438
-0.05861200506247672
-0.34036939730533666
-0.09222396926717251
0.21946640525936242
-0.19619520285872138
0.6328977013242364
0.708584767452265
0.1984709390487196
0.15591272217817465
0.810131911402987
0.3451432142807874
0.7039413130941674
0.7860554723482065
0.41731968089619575
0.14038111738016745
0.5500888697509696
0.7768825826134497
0.1833511463584796
0.1940200775771393
0.4136956301670037
0.47877716547872445
0.01901035916628869
-0.09354388319945862
-0.20898766533875196
0.33816061742199627
0.13812966552935801
0.27154096077773693
0.11765957999341413
-0.0059548566332250025
0.17206421570709504
0.6129758195126704
0.39648587330357293
0.24832195798385648
-0.1989984530008355
0.07716143475947447
0.06384165231474273
0.3665899492505366
0.782640886493425
0.44356483495320914
0.3511425136128624
0.5272323625960423
0.179254750053247
0.23075462930454965
0.4838928580358321
0.4049729484624075
0.18250955928109197
0.4515403667201959
0.4936223857110452
0.3610807657457161
0.0008818905306282865
-0.02646502692282357
0.01910913727747299
-0.040038510182403765
0.15855995042108825
-0.05509989304652125
-0.003745164155732721
0.04974428272791125
-0.10022724964989631
-0.13890275691045081
-0.007706788683761026
0.002512183644588954
0.026915559156810265
0.10748444317141843
-0.39377910588608117
-0.026676943572857503
0.3190616867228328
0.799399881565194
0.4434846701177154
0.35959152155593277
0.277627114742279
0.38240321548651185
0.21261177607715512
0.25781652662675525
0.36848266880953684
0.522640956705961
0.40211354645241965
0.19653674891171216
-0.04480514547712558
0.134365479787718
-0.17167122123457942
-0.09088504406801357
0.10925103983079892
0.18709744536984432
0.22246989322492394
0.14407440655267367
0.019011832269234776
-0.11035394279469156
0.03811099331501839
0.12024826035806685
0.207881890809938
0.1835117138866848
0.0018433418265969737
0.35270129354310575
0.4684473621935006
-0.06893931666489164
-0.007520664269401631
0.22892869747143432
0.20719869796238613
0.45189688213551094
0.5303706869750886
0.2691190001888716
0.5055117510696631
0.5765649541827544
0.3132510941719134
0.321550415135301
-0.00683868202295199
-0.030675249034894308
-0.054291441719544364
0.15352418297427367
0.2568564550375787
0.22751640430483647
-0.05100378584817378
-0.11706323105399055
-0.23735749764345512
-0.2573519661054941
-0.36979048678003756
-0.0016172764832664385
8.791228291102121E-05
-0.3450035520153483
-0.1299199989117191
-0.1242703105981658
-0.43047838133977784
-0.559619355955618
-0.34452327608212496
-0.30535017273953513
0.28749562479093616
0.26547829940436735
0.08519624298959406
0.19999266533475488
0.5552033839284491
0.32348047494521076
0.4283034959469376
0.6118270880901961
-0.0009404195509371595
0.21146837957438874
0.16144992120114812
0.054119856298064276
0.2565551285040871
0.31791896568498546
0.09958034609582922
-0.016255653955677
-0.0499330268944787
0.3453939146542766
0.21325724627207612
0.38598723694579806
0.22683141842505147
-0.2245809814125065
-0.19742777201238007
0.15069861706002932
0.199079738215417
0.014543739497696205
-0.11468161320419702
-0.1531201437777191
-0.028680423835036602
-0.5944667307543734
-0.33990730251525186
-0.024188853183520428
0.1661446141633702
0.15570396622329935
0.4041407502975516
0.29025957378479356
0.1158686921908606
0.17477423851862597
0.04821469618663821
0.15936666360570584
-0.035886466734174276
0.1294316089056627
0.00951402135692939
-0.24310860247176794
-0.16124005570307218
-0.15105965838025498
-0.414358886994077
-0.2951184479032864
-0.7474566787890238
-0.8732346742908633
-0.7143094832355701
-0.49575159207654734
-0.14847714719136887
-0.06380611610987263
-0.4829493676430857
-0.1877092062919026
-0.3693182136809956
-0.6340484684938972
-0.19686146316578762
-0.20222092588023108
-0.025538978208135613
0.13981236842600728
-0.014825559595519852
0.009508810994629632
0.1439217045044365
-0.07495607986424205
-0.040088986617984615
-0.34789494948099153
0.030738258495102012
-0.026404230432542093
-0.046264265774015635
0.04574286047215604
-0.1443978169335421
-0.1741465824012642
-0.3822615852641135
-0.3507942596067788
-0.6356884277149781
-0.7412632620192154
-0.6005114829816469
-0.4995496188721714
-0.3807854415069219
-0.4453477374683482
-0.3039634058540144
-0.3325393500565321
-0.2591508302260544
-0.4131777358885271
-0.23931786156399196
-0.24540570081827603
-0.4991940795078031
-0.12917805491508785
-0.14869611858102805
0.34132295108113825
-0.05861735237377885
0.028645874153106883
-7.361467652540607E-05
0.1386298551905627
-0.11465527021853844
-0.0772384980494599
-0.04834972406575522
-0.045067178641621713
0.13154117766799284
-0.05039385528179225
-0.15379975762919468
-0.18699501026639215
0.15697056240451068
0.09367228365804917
0.08027081614937018
-0.11920907381941653
-0.1859247696994161
-0.1489257991730991
-0.20347806386503536
-0.2193925000451113
-0.13687901768748667
-0.2838724764252794
-0.2832357265899605
-0.131915534783729
-0.27580235958228616
-0.02720470140205887
-0.13640843423602572
-0.04705477528035868
0.05286495741023006
0.015231141455067407
-0.011677492991090152
0.16501011542017996
0.08712933720988192
-0.03440188782188336
0.18665566922252794
0.033946665534368675
0.01861538192434607
0.018155123618921392
-0.07962997335317466
-0.17036443709474322
-0.3543813300663488
-0.184183870670971
-0.09871969176078732
-0.011085414485242204
-0.08106001595137821
-0.11438880425393301
-0.08570780760561893
0.233570771980213
-0.022427856864248804
0.007622728238900154
0.12465745844935694
0.025637286398943332
-0.005701543286853968
-0.015876444450011996
0.018451083290694056
-0.2893381315047165
-0.18118249007205275
0.07456392000614463
-0.1710376625904342
0.0561067370595222
-0.200553265202006
-0.09588139882317036
0.029792756496773955
-0.018633193971851595
-0.21138269117795064
-0.09873237877361725
-0.22057724022590672
0.00015648876507117157
-0.35190541731028335
-0.011958761646385131
0.058375440511524726
0.10498278443163249
-0.09424174335170094
-0.186613090291731
0.21688245210610424
0.31379767053878044
-0.07421223537856514
0.14053678376758857
-0.006771019683009702
-0.014869463496780515
-5.774415778993123E-05
0.05599922301000127
0.03903719548375835
-0.09964355388887958
-0.05292015255872023
-0.18294507772846688
-0.0489582784196198
-0.053580530359339434
-0.02912342071799179
0.1071729932223749
0.04266180298451732
-0.04065800888597311
-0.10355307867385839
-0.05632163000839679
0.038016968217824416
0.05105586632041878
-0.07943584330262114
0.09226099932977795
-0.003475610515890748
0.03431038174548214
-0.06209432431942842
-0.13490479053428264
0.18801683865493443
-0.17729447422508857
0.10412851283015798
-0.0048197439955658195
-0.11955343034798066
-0.17305803488902133
-0.2069415812311882
-0.1940455997777747
-0.015445495233748089
-0.027069279924977242
0.14377419146473985
-0.04113909717677977
-0.08989189546627896
-0.1632731905646858
-0.01912317485126487
0.043069829158182506
-0.03167328595309716
0.008976988611773776
-0.07976021949030837
-0.21156717289035645
-0.15020440233099325
0.024065506317230312
0.022192002315409493
0.27541308252759744
0.39707034655886264
0.15786284965207337
0.11635221267253831
0.20229192092655965
0.21984474678905938
0.015919584442587672
0.2679984050399901
-0.04836162686257503
-0.07980491172034415
-0.18484713708049935
0.03298200754760165
-0.23988303457466464
-0.28189523544631245
-0.039327453067848725
-0.011946813338801893
-0.2837744488319945
0.061880073170472366
-0.032828684836736295
-0.0013230140749613006
-0.07190431652566415
0.14078146516268739
-0.14648482255752543
0.11035445302134722
-0.2856548261490775
-0.2517337198658056
-0.007208126932689911
-0.007828762793456045
0.5536571876021597
0.023759657583267573
-0.42280801188808625
0.18978710596413695
0.16034217817267601
0.12675752416760128
-0.06621453821148879
0.26579093203749105
0.34139959528015484
0.21196508087110422
-0.19791812483444046
-0.23069168537101675
0.09150108332478132
-0.14161849614570554
-0.3155607808221142
0.08233201802694216
0.26719519703678585
0.05484018949224069
0.007441537180244373
-0.32546115485145977
-0.18712295710914598
0.04854812857150959
0.15675674407572412
0.1096965128775426
-0.11207463126128048
0.25055397352730063
-0.12420575747731262
-0.04669041646261497
-0.049641157862302096
-0.15912101415398672
-0.0941260142863803
0.48524886225146163
-0.2544020624782456
0.32061741317715925
-0.20842972697669704
-0.1406490478689701
0.1203016590792462
0.06110227174367188
0.08380515397169289
0.09876585462713122
-0.06868488056849
-0.09736031805755804
-0.22876428494924214
-0.09580866758318406
-0.1721016835497124
0.05825918956930255
0.05506676114768568
0.14434313948921923
0.2848207094212982
0.4029274816268098
0.25658756832103896
0.08711700538831488
-0.11377332797461585
0.09597531284830112
0.36487863685746286
0.38516822683154867
-0.028911791437396687
0.16717637655199535
-0.2648139390315323
-0.080384394540976
-0.25248551512702355
-0.014558455396791917
0.3966573191064329
-0.0722722923664336
-0.14751316830191144
0.32870700131191105
-0.20657699128183962
0.25274342114073206
0.16878118975621934
0.007499301082832091
-0.2280101523837195
-0.21444044260016445
-0.19073816178368183
0.024101344853180263
-0.09987402123961961
-0.06048650124073492
0.16368443905117278
-0.1474446118878424
-0.01051269497835081
0.19714414327545543
0.09667401382227274
0.15918506685893521
-0.09923286585282523
0.2834343262633857
0.17039711094396168
-0.15619106595166968
-0.1800160202217823
0.09099115533531442
0.0029332492463423677
-0.10147962122907701
-0.35036187671375535
0.3663413213899862
0.04927021638219009
0.0018824526938798936
-0.407795835412252
-0.017822033915551993
-0.11640923251710251
-0.25025767262123383
0.05701215982171661
-0.09933043459044075
0.02010998937245555
-0.019550046083126816
-0.02827161295258134
-0.233981177252746
-0.03349025648846411
-0.1909228355385454
-0.09429849766678496
-0.11555387799982807
-0.292442908415612
-0.1664899837866747
-0.07247747310437419
-0.031443096137449715
-0.0880752840456379
0.1252776379408208
0.14499406803994208
-0.09877114796050437
-0.21458962276632496
-0.08240098444725459
-0.006848197441085903
0.07810465161591418
-0.07217369759720493
-0.1747357867910511
-0.03774275505164593
-0.10470761475462396
0.04314704448364659
-0.09577387780870227
0.06458550448933958
0.020721949061582517
-0.16212264834339735
-0.12382390450805
-0.004078156677411718
0.16919366631250038
0.12004385172385247
0.07207569318617515
0.2612020157896624
-0.4001070596610901
0.0939154226321246
-0.21539264601393307
-0.23110989542809074
0.10342381665794387
-0.027057415491878657
-0.07406643918881584
-0.17179754744954154
0.047681130657882716
-0.018264178165855006
0.21026228189823332
-0.12079818341152855
-9.321432099010667E-05
0.1322460365964442
-0.027831633548084506
0.32674923274593715
0.036247631816864835
0.09398135568916877
0.04034653298130036
0.2299597433174764
0.23921211118598043
0.1941958185783131
-0.034690156053993636
0.015694904358519977
0.16920319018999377
0.18326554005703982
0.11820495013863018
0.30985917995858564
0.4982256141476407
0.6807295973484743
0.27611491590696485
0.46739558303408124
0.2870462906494776
0.11878465291229574
-0.007792809590944954
-0.08922431140420278
-0.28075739611119627
-0.4111490723203086
-0.12396822040236112
0.13293036095761415
-0.23819315874090283
-0.3438403093828569
-0.14466831891990511
-0.029973455923580933
0.5275932476831642
0.09905823057483344
-0.10127790998951304
-0.025340279949751927
0.1371846925424432
0.14606674512328158
-0.050172084772991093
-0.06109572487619726
0.27937702558163335
-0.11391134757645888
0.3817160579601589
0.2889592685958153
0.3412899346189717
0.6289133537919265
0.34143527700586623
0.6294717039794108
0.35943044225019705
0.46206530647905286
-0.06938496692562884
0.31320103041376196
0.37804519963575456
-0.09911033920439846
-0.2589702568940066
0.1118165330234732
-0.14405089278029434
-0.1522902630734365
-0.22010470901611656
0.21591186896477793
0.24535118159560057
-0.15720973307368782
0.07695555228453507
0.052086909758375266
0.02160055247438661
-0.15215362361504844
0.02119739363475767
-0.1986158147298917
0.11012107236888256
-0.3190196106439083
-0.18874877099288567
-0.2396389652632259
-0.4489160373990492
-0.8178675684492903
-0.20795519925977576
-0.4505955175526063
-0.41311719461720015
0.17092606418675138
0.12523952916343856
0.38711792350322305
0.12025480037123018
0.195909706962569
0.3290258500407187
0.39480361124374713
0.6428650747290917
0.6566680699597988
0.19792644797959383
0.3068243894593155
0.2551348619992874
-0.08739577435958948
-0.2249916471500978
-0.3035705973208446
0.06660416560671
-0.3408281157451118
-0.04695958735519422
0.11565997421022216
0.211268657443089
-0.3389066362267264
0.035668837344713496
-0.49035343824327166
-0.8399539553453045
-1.1274914183935727
-0.735744316014947
-0.5828087598878618
-0.37333809784888045
-0.6691401035216297
-0.6468327153548455
-0.25031350126787455
0.17880854195747695
0.6271104345174053
0.169066643911249
0.3058553547822094
0.5754199707622464
0.08249115785391768
0.2734037691369572
0.13599420839437848
-0.08076741017517985
-0.19128434116693854
-0.581472019480997
-0.5147816010614888
-0.1674800813499449
-0.04232218681031456
0.07851677202127698
0.17148561191905465
0.08117957676692816
0.23972514771669015
0.20815504773867533
0.0679639328030338
0.239949200977131
0.49050687183569786
-0.14316512265468243
0.18553192234494514
-0.09951205429402822
-0.1267171707918268
0.23369281623309954
0.08100303925461005
0.4762896340989568
0.19022704934048454
0.15890100401884755
0.31259378779326463
0.3677133219314523
0.11687735641330509
-0.3452893297991415
-0.19081574325816872
-0.29414814998968736
-0.28896050902020587
-0.3035450564274054
-0.37256929595230714
-0.017128218475028524
0.01503444293430682
0.028836138718267623
-0.029214677322031892
0.10842269283821371
0.18442190319313786
0.8927700040926614
0.9983904532243826
1.3624814155158034
1.1945086702313175
0.7708725780581703
0.6057431733392006
0.9602374313716517
0.6427696553659245
0.7979919563524901
0.4786725490946197
0.5153526455212998
0.5378710529773176
-0.17967911231982872
0.42660023480126574
-0.03989763707562689
-0.46467913844822134
-0.06535237197350463
0.06946510671165287
-0.07661025156486956
0.08801785899808844
-0.2260720936737341
-0.13208874018455213
-0.005265546997150887
-0.06352229501498055
-0.03336482354915898
0.1290947741375756
-0.06983566870831884
-0.1818311645268939
0.3607822991058408
0.654292838088996
0.6367547666463064
0.6608987319327905
0.966104482472818
1.6531001905840337
1.1495559427421491
0.9777116081920877
0.831751252575311
0.7395694140760535
0.4026313395588767
0.48349722092694736
-0.10697367153764194
-0.30046398177305134
-0.18527525396598973
-0.28175724474685876
-0.24146037457781516
-0.02243196270554805
0.00937849452332016
-0.12917250139161926
0.30130678487777823
0.04725686180753198
-0.08034677102275765
-0.02822014874639677
-0.058570124180702614
0.04580286780631747
0.014955777735150635
-0.3513530808282069
-0.13085645862195
-0.13580763248858094
-0.12165326912351539
0.18297813034160876
0.522119479369031
0.3576038536963819
0.06907453735018743
0.36807118530841526
0.10720498484366943
-0.18710332280215936
-0.05206685810028525
-0.3107336125745808
-0.11028217918064136
-0.1725774640512584
-0.16272659769091144
-0.37126256571382155
0.01573780439669789
-0.11873679268368656
0.26012935251950603
0.08125425958538651
0.14732379378713156
0.2183185253646157
-0.05212192578003741
0.1649527110166505
-0.4629917709776015
-0.03260209637292763
-0.14455829259089423
-0.5328958148968691
-0.5872458712933191
-0.5931809796117345
-0.3935700616501043
-0.3516227115429874
-0.5544103051992494
-0.28172549372085615
-0.5967699089295742
-0.7376058069553421
-0.9565341320858027
-0.6750204954689811
-0.05903640041393508
-0.1259080837616782
-0.15867611014541966
-0.09675166412494285
-0.6031943387992034
0.08679056824685993
-0.10951268579722948
-0.01731085685831386
-0.18075762597896822
-0.15342588556239856
-0.23635956502770822
-0.05227870897889774
0.030599172888692478
0.14931758476630091
-0.0065779331221781185
-0.2885680072294049
-0.15759305940882856
-0.4269229350427963
-0.2259313147921338
-0.1313590369427195
-0.14889674372816059
-0.21496835775491796
-0.23670472196820816
-0.5708707978251059
-0.7053477851364454
0.10248078722443489
-0.6158465300720037
-0.4304306088341437
-0.3911346000772371
0.17192696431649404
0.10207438306100666
-0.7630331027149989
-0.0959169664763615
0.000273932756662307
-0.3273446388200099
-0.298969994359876
-0.4584564820239801
-0.14342408113101818
-0.2192379162901112
0.1710965209154711
-0.10243862940253227
-0.12054299744675197
-0.12359626279910255
-0.16338574874631634
-0.31251430695690147
-0.2528875805389101
-0.1279007388020562
-0.3594469059223163
-0.3436773818505203
-0.317615705587393
-0.020501694779932193
-0.6009027896625382
-0.12464123211229908
-0.41952682123263524
-0.5253922621279261
-0.44479040161111044
-0.7075302371469311
-0.0719889272657387
-0.06856672846130028
-0.23078069897897344
0.046210313776064715
-0.08000216278333201
0.11583841356564346
-0.14609382339690805
-0.2185865551765724
-0.1395439981033876
0.17368208082229566
0.10842112012171931
0.14426877141134098
0.08933497190320264
0.1893672548089149
0.2265820943070413
-0.2391566659592673
-0.03668994856898574
-0.1912438357116704
-0.18302975555424741
-0.22917074065189474
-0.4347476393190375
-0.7037922802274318
-0.7305039365692554
-0.2768083160004099
-0.21180139660813824
-0.017714654998314507
-0.408484779124388
-0.4466834377853581
-0.18637954179217886
-0.059369404930334005
0.3412037761025937
0.09030296791557607
-0.03399043595864687
0.17999855123046518
0.025269536808258462
-0.05741628649107486
-0.10020749177547984
0.04177127085664391
0.05147704558723518
-0.00818177786183797
-0.09769668028626341
-0.006985960042689266
-0.18629526882450978
-0.06533761309524055
0.2150025804964384
-0.08481106188635355
0.20472774394767349
-0.4249995106461998
-0.12363911760103288
0.06604174854406107
0.22849451968300907
0.32455395103878826
-0.36713076133054656
-0.25596253468703223
0.09371967516368378
-0.09728335018736332
-0.49166672316558785
-0.18178588886652142
-0.08982338179925484
0.11766595085780289
0.25430117480741954
0.05569572580795552
0.08956288073279274
0.11960218303332872
0.14939595025997046
0.5177650093811176
0.44583738585491123
0.07801828024453035
0.04316966925179349
-0.10749786128200556
-0.01860539777622414
-0.10325665340361811
0.05786860873722224
0.10087734123085824
0.21767964878547985
0.26911667091108776
0.3164772424872172
0.1285064453649677
0.20533616287182838
-0.11417130801072534
-0.2623385769120947
-0.020490552016938144
0.2364778428319137
-0.048805381050150455
0.1586050978173309
0.362352146246608
0.6075497638167667
0.7860076339767414
0.6326349489803365
0.6844083363677914
0.4243905871102592
0.4122468678316908
0.6317413430207831
0.17861102225853634
0.1122058249951936
0.1414820152150358
0.07738077931535846
0.31878119710988506
-0.036736717284760884
0.033994991373573764
0.1256977148417299
0.10195513290627338
0.2471068162432472
0.45046584780801996
0.40849418944482535
0.48116164890739904
0.3794402852249586
0.4229678804474157
0.9471957601712268
0.4375597426481974
0.31956740321264865
0.5748309833739508
0.9593902393179976
0.7577481964718085
0.9454522920235563
0.8275549568657918
0.9238344568817876
0.7942947437833888
0.7212560493063979
0.3453909848818769
0.35215126784775225
0.43449099445243755
0.11385196566267397
0.037398228887441674
0.07706493327605711
-0.0906896323838344
0.05970384088254321
-0.04958930592728746
-0.24778067332812623
0.4360088559631956
0.09567336876892905
0.46921623772564014
0.6470372454006663
0.7171332108212101
0.8819848274210729
1.0902522599520192
0.6780212652631622
0.6155677797512081
0.8430879423320028
1.052557603503237
1.0327077612229034
1.0107206872461492
0.9525624367919936
0.6856937964934765
0.7883193112963957
0.3934298827046624
0.359734615751537
0.7805342868032693
0.14379586972891628
0.25290537063511453
0.09933799185302764
0.029515098853150932
0.0409143685685661
0.03054239801773771
0.028748270221449053
0.16309265156755945
0.17021666993264695
0.24855127472486507
0.00749577752688102
0.3328043442755987
0.24530811453985885
0.4596470998236187
0.41305324969856605
0.6252509737452174
0.8034919702727593
0.6004328638208509
0.6634303572937243
0.6512451858086449
0.6952170722070647
0.7366120725095527
0.47966091622823626
0.36280026718309477
0.24896215689805376
0.29672436428902094
0.48638666389512364
0.49246260497711986
-0.11650123461199027
0.3023312092485016
0.08809292350544749
-0.3958525610787534
0.10688023326294127
-0.3226019667455092
0.19321623644658634
-0.18945760870190445
0.2064863109839536
0.15555337201338743
0.09029902230320822
-0.09472202370216626
0.135147569483982
0.06352779112958308
0.4851334723720384
-0.04242007026858221
0.14203777973780782
-0.10448153847931269
0.3249454796226838
0.08228431610534245
0.27880773436019896
0.2687991673608073
0.38014297683586223
0.4179796903248876
0.15230589137308614
0.010042536452299564
-0.05279389785201408
-0.0009199361683581981
0.11942199362253136
0.1220304735656218
0.02395854790235334
-0.04155538816411283
-0.1718111299243156
0.02525818532207477
-0.1553733834656793
0.04481541256587718
0.17065779701241854
-0.021745718845012064
-0.1893091813966679
0.005131445872963943
-0.1902710910384503
-0.15217830710390237
0.005662980485888759
-0.16388946848246685
0.038723510129225196
-0.07929127172645037
0.084853115762703
0.10484768554892278
-0.1861136918300745
0.08167611415969951
-0.12830414611811902
-0.11733516001523984
0.02243076104833711
-0.058211571747770335
0.09863278890679303
-0.17614000553761658
-0.08331464453142469
0.07460466218437861
-0.032440211820928905
-0.16956485013720154
0.014642779007896466
-0.19118480029863688
-0.20466540110389525
0.17785972753727203
-0.2086710819210677
0.08053570302777643
-0.1326211452572662
0.17567170869595258
0.08749148410635453
-0.04155957748991616
0.06338716636332853
-0.0076951191125840274
0.12860824974021973
-0.10692035251406122
0.11181405163182721
-0.0028409355548345973
-0.2446209209063916
0.10548542500449343
-0.025913349082702892
-0.0019466733522941599
0.23166976608725623
-0.24165001124917496
-0.01784267740566158
0.12072935974236207
-0.03543626781566755
-0.06692841965850721
-0.09789422547160168
-0.10161026871338923
-0.03645607704508477
0.02528432241016723
0.18236891416570156
-0.11907271863292945
0.18515981140186785
-0.05210639402502018
-0.00979588200218285
-0.20286129721847018
-0.15589570729940372
-0.1227762744509712
-0.15665526144196568
-0.027982157928331586
-0.2042863600258338
-0.09291295843872296
0.033388803140576656
-0.08839306569404497
-0.3144527519256765
-0.2502901430785752
-0.16981721494822677
-0.2292626004398701
0.008322780376484904
-0.10763277501291695
-0.197087591600678
-0.009327381756151545
-0.11167998562840481
-0.005514384487657335
0.026926498739092707
-0.015524034198975096
0.030162659732280876
0.015752525136809564
-0.03792053274758091
-0.07054391956202907
-0.11464013299360604
-0.05851663944481153
-0.1432086172789361
-0.038670505235552204
-0.332302613979669
-0.13608408774714395
-0.11560642693800668
-0.3337666291849314
-0.23391896732600598
0.11886249635998368
0.008165026114474604
0.10920724203829683
-0.19235583951711296
-0.2785151696125232
-0.38087852840877345
-0.34726168780816724
-0.25036904237775814
-0.0849335674647096
0.11302795524175498
0.39763026768564963
0.5617996436759864
0.13412416580709463
-0.23814617990106432
0.015368920594101616
0.04058645740200065
0.16489263323534237
-0.14580334588764576
-0.05242024880652838
-0.024875928529495283
-0.14505894195922467
-0.3157216770190873
-0.42691378678943814
0.020636331419976728
-0.08880343036725122
-0.0582007116663294
-0.11606361079929474
-0.16048397313852503
0.1925600447996766
-0.3270484964173653
0.16644608271261285
-0.055250722331188946
-0.2040902378053647
-0.03590418765220431
-0.15690364468295281
-0.16931670665085963
0.061499805142779695
0.024395906068647485
0.1381426892280751
0.2642833019371122
0.262130455444857
0.32978503535254694
0.12929938427407595
0.1345912447475512
0.03911660895605892
0.3141796630806248
-0.31892242347048494
-0.4283629594817532
-0.5004956879076564
-0.39321723114833235
-0.16398799012512044
-0.2050339159882651
0.16976263777504808
-0.049428213680805105
0.011180086140554636
0.32734175846277114
0.6215201554478275
-0.1630332366064137
0.14337046497415185
-0.02824941546548646
0.5892017726562226
0.8644767435887042
-0.14351397724494644
0.34010393982342685
0.5413866694469052
0.23254389872309303
0.49015768181266445
0.2881551511493967
0.5643331549242946
0.09751297162068238
0.24097363672444402
0.15957868467052744
-0.03376121598579869
0.12149289827544901
-0.12278382039722013
-0.1632349167615098
-0.255551141853275
-0.35254384535449423
-0.03534534572276016
-0.17998118823497145
-0.11278602289098598
0.35807663915657695
-0.18854855601723522
0.08161218700277605
0.34184312864528754
0.2816545912598645
0.095486009484261
0.39341197188154037
0.051051296670902496
0.7162752417960581
0.30424778469342206
0.35196026869911945
0.5966778844193197
0.12093303427022754
0.5448760247031498
0.43674454287039727
0.7242344415988287
0.34704341107169645
0.30214671698891843
0.35685533083346876
0.06412788125585023
0.03435944371877463
-0.05863265640946655
0.027322321161794786
0.16745404193145993
0.2270375281112591
0.0007946331244274804
0.06259197627670465
0.29572292497348346
0.31361546276989044
0.08208062561531043
0.4119466601977766
0.2615871711098521
0.21844280104976702
0.4474868048337627
0.7264480161698919
0.2037199138737728
0.14280216366046897
0.5414704835102891
0.5245694402593446
0.5731925776599844
0.25472807873699466
0.6687275106299023
0.29814255533707995
0.6534109447014083
0.3743057242096814
0.1688639561138053
-0.024831312487075766
0.06612271719526067
-0.02064269887556317
-0.09301606993035902
0.15577255539572066
0.09164995737687144
0.20391464146954336
0.1043226360542516
0.5765583245234153
0.4808553919353979
0.5508044788396103
0.3114626461056902
0.2592513844160293
0.6590937669130157
0.32129608557415645
-0.08203694787459873
0.2559419144566945
0.5733220649536022
0.6684961717296518
0.39584434084098497
0.5196139452043992
0.9465151051293786
0.6813531427154581
0.3384608171471397
0.419562625071018
0.29794629073145085
0.48665905868181913
0.3271347582188873
0.14943848644856703
0.06613847787283733
-0.11890021205851167
0.15165382674207784
0.40936242736344014
-0.1793483325448711
0.2925414839658508
0.2710897829889863
0.15557436838544675
0.37630453040968354
0.4747664317926205
0.21854985564412366
0.1970069629053596
0.3240493938278653
0.2868835913127258
0.6020402740878932
0.025623688599039404
0.12655756024181586
-0.1620268976544584
-0.18074462929058335
0.26409845395800385
0.33319938580550157
0.22729311571605196
0.15057284635111937
0.3097162941154136
-0.039568842212036485
0.22989395390596878
0.43089919200299787
0.3098323899260608
0.3656578494621555
0.06488364757372025
0.1959111937428618
0.41508796487297583
0.21510447378843173
0.349047678779006
0.29871919183378826
0.1405154893840136
0.6783355624062363
0.5092903503529637
0.35552895417769587
-0.020409815848844246
-0.2017552862595579
0.010743215735844289
0.40691085342333816
-0.10778807542061462
0.16048744700110515
0.47030635957875566
-0.2476129122206914
0.40775021430738756
0.08909706885481694
-0.23071639831057578
-0.07295862755868687
0.41713155440985017
-0.1991967793071944
0.16052792213213782
0.3493962547993686
0.3994269932201121
-0.08048840786594648
0.11238542423712546
0.12150175198609128
0.45814907852500003
0.7330516991472558
0.4265747243403047
0.15957107919984093
0.5014698605893522
0.33902929654156133
0.27657318627358035
0.044496384233556764
-0.13557031232175218
-0.164026524640824
-0.14927933847707947
0.17151956836518345
-0.08319143778194639
-0.15151638945170517
0.07535665723449708
-0.1943879966821564
-0.03526901750047802
0.02746844789036896
-0.06631682387589172
0.22594695979057755
-0.18946513227751077
-0.30460147884785344
0.13552405896398073
0.25899374892709953
0.5223436771762786
-0.33431720798318054
-0.02160716155395292
0.09953845631022624
0.49465416654975575
0.9336541054569815
0.8641229000365613
0.7247575510365851
0.16954905916894933
0.403838987698101
-0.060643488714237026
-0.2505866002599587
0.27064853025000907
0.1989591338570124
-0.4351422730610149
-0.22716739538734645
-0.2741874026085444
0.10449511408735891
-0.10671291097608329
-0.04703572415221454
-0.16283288592622966
-0.18625169402756436
0.11646995147967475
0.0987381537301338
-0.030593578824527252
-0.15851743682128436
0.2527454426039894
0.40779005896961007
0.2041189990255616
-0.055113786845687754
0.013145999566923788
0.17790128879150968
0.41725438124044456
0.3441145962678388
0.6220499499215322
0.3517257533973408
-0.14939143929315707
0.03921203531201981
0.01659972918206497
-0.19506553538450597
-0.5893629672775893
-0.3073338024381392
-0.3806924939607891
-0.34413812793955356
-0.1860302538171193
0.0965552922781227
0.08009984089815185
-0.16889628325326017
0.18794492421683467
-0.15288854941956323
0.2265804902705124
0.01395237614315665
0.3374342766361844
-0.026753936784902992
-0.10103188222151104
0.2526908885427172
0.34678358710604695
0.00027784300933809345
-0.17488256908313723
-0.09266442727580117
0.11867083698835247
0.1470045916742043
0.2596831455941968
0.700152589076618
0.11071772855133133
-0.20711649395140852
-0.02990959740756608
-0.09908153067210512
-0.22242745536511105
0.16434437977350178
0.09302563157815101
-0.16301857132957157
-0.2390826786031657
-0.14555758268897123
-0.011163303480970953
-0.32094232622120245
0.02244312397576034
0.23120301191469805
0.06001155542547222
-0.34015899317943604
-0.2546699453550466
-0.09673473257443956
0.013088135872910574
0.37549229748149315
0.37846215678158435
0.024419684211070714
0.06413459923439044
0.015277997473168563
0.021409598098767493
-0.14131574482060336
0.04296765933321487
-0.57645099307572
-0.7924529208199959
-0.509922774151999
-0.023882390035502986
-0.23945831238714957
0.2683459787641934
-0.23816578836121735
-0.0754328606545595
-0.17683755627665246
-0.13266984359170958
-0.05014564369613034
-0.5404167412403931
-0.30390707950163076
0.08813746440541001
-0.12458621291427692
0.08947075676707668
-0.14045786091967857
-0.2937271643268438
-0.37788522486615417
0.02636068332570613
0.3973908825491606
-0.025951099091582774
-0.28041955971296306
-0.04592386039906133
-0.09213173978443849
-0.19060346111409676
-0.16136686582095294
-0.021068251422406516
-0.17282551775878355
-0.8102146358195019
-0.6251813668316785
-0.15264888696026627
-0.3752987824642369
-0.3642311410937399
-0.42588714902246705
-0.6719352949635232
-0.5067725833663723
-0.24648072479095687
-0.068353826044993
-0.20461160746642093
-0.3378147939268471
-0.1422447982338625
0.08108458144067544
-0.22608122122123117
-0.08736262900847322
-0.15753117462041882
-0.14703889440674447
-0.01078027541635892
-0.11643717146765262
-0.03925962059266323
0.08698031311340361
0.05211689845269387
-0.3710461830554138
-0.34341080226631887
0.006898100315871435
-0.30900025584477336
-0.40027257272630395
-0.4415514573638499
-0.6314902329723407
-0.1828639252005839
-0.0167396100905744
0.05022688620934348
-0.14998609256576914
0.03807732088138757
0.018634436476042848
-0.07741146897124199
-0.02670947655206485
-0.19959666063921025
-0.012049149448110735
-0.6036393185820025
-0.3770354920159408
-0.21398959196911144
0.15342034064911964
0.08245515583241517
-0.3065664941638579
-0.06891327412963257
-0.2291124936728039
0.29072777439175124
-0.054227232911285346
0.014368877166504479
-0.3349720974105102
-0.3079371547136212
-0.17597417020325104
-0.29798369673441333
-0.7118442832511751
-0.5398488157092993
0.020955003772483733
0.03715811097719602
-0.11640147374662407
0.40774231175368225
0.10970666128302338
-0.05758000029843576
-0.20380033160240277
-0.22236395886688945
-0.4020802792198958
-0.1117610074386596
-0.19761942193005075
-0.20490189039446635
-0.5059615242665282
-0.9555671295426031
0.20152386742143322
-0.05059810737992503
-0.6556300138621314
-0.2752771133202802
-0.15540500285182557
-0.15391906768928376
0.18680025807057365
-0.31647859757853614
-0.6597884129481589
-0.427682660346811
-0.4390283945937402
-0.0722122426018777
-0.269477334141089
-0.7024960708784959
-0.2582360604363485
-0.04652707442961779
-0.12009922884948891
0.42649436772043364
0.27425986324402873
0.3857699862882282
-0.2929101135988339
-0.30472024415501886
0.022840941585308767
-0.30316103677969297
-0.24698384684997818
-0.2938192192330586
-0.5424383262137573
-0.3946493037300452
0.08073891523951267
0.028209252822709453
-0.22750173510733032
-0.17869536927992888
-0.23530657467630545
-0.18690233897220748
-0.30620485794301056
-0.15640245396134067
-0.5082161482904389
-0.48164766919133933
-0.0899949073820969
-0.07630776003285532
-0.32961170151380303
-0.3461799333669176
-0.17777248129708648
-0.04628889675999474
-0.06184097364959646
0.01406813067796424
0.008294503451891179
-0.006096611172892482
0.11309495036234249
-0.10436943070591145
-0.0504604349111281
-0.19993446023844832
0.06470877382599945
-0.5591152475854887
-0.619962125840518
-0.7927108128820763
-0.3791777057622738
-0.06263449973962852
-0.07271900962384933
-0.2802506087265602
-0.3308439082373862
-0.322050619140155
0.05438314386871175
0.012592867335635286
-0.5668207022453022
-0.34599482853632185
0.20962160302937158
-0.07797971027533361
-0.19887665303653046
-0.07490680054014556
-0.4993429351450332
-0.38795468993165244
-0.2015839123171242
0.26690434247850614
-0.15381279436588194
-0.44703303526836163
-0.0038394412012017665
-0.04717461996113886
0.09773202720534535
-0.1477874429303277
0.05225201791733948
-0.333380270376241
-0.8320635784225754
-0.8473291675823831
-0.3197856014785156
-0.14656321017293453
-0.21589055323808934
-0.5606634388829881
-0.3595009835161048
-0.3704800882925133
0.2629315594389563
-0.1938836041979837
-0.3427078669093425
-0.3436386455163897
0.11483398652500237
0.5827290176562385
0.0013029401966211894
-0.21568868666512203
-0.4116257236699324
0.2242747090267153
-0.028575332810143805
0.03140506916970501
-0.0969361434873642
-0.05988682999009217
-0.10318693081982577
0.10897390524437582
0.01850667964183808
-0.09739857563818678
0.08721886970029272
-0.6154898362774669
-0.9465430515439769
-0.7164993346741301
-0.4251260852433011
-0.4923856250297032
-0.6731985778175986
-0.5345472006705783
-0.33071881159193756
-0.09980331414057884
-0.17375622248903536
-0.05598064232005798
-0.20143417594375057
-0.04409703391661212
-0.09618075591006296
0.16615750344331842
0.31239954816497445
-0.0037414033733152246
-0.4131817720741295
0.012430218348940671
0.2190087317078527
-0.01927058717537452
-0.3467049994893557
-0.5555152258566524
0.025261550766548988
0.3658607270017784
-0.15735156493935362
0.07063382333448495
0.21101504484611625
-0.4002965382593034
-0.5994560525274656
-0.6263347800401137
-0.5434128813014099
-0.4278627208886904
-0.4243654101759717
-0.2829631025267988
-0.13939187918921614
0.017658173623826295
0.017269332132651073
-0.025631444366521403
0.031718637582630216
0.13299982619471776
-0.5257974994192555
0.10810465559112445
0.1301986135732734
0.15425316234122774
-0.1851151854933715
-0.16738104589189123
-0.2594564715526359
0.10174104509174556
-0.2856428388805148
-0.16348044053753263
0.011965928294954733
0.25194950653230147
0.12877213934057233
0.5360779944995011
0.22410282393425351
-0.14501165362697324
-0.3243151006649947
-0.4436969622258787
-0.4094340691322527
-0.3449665288868127
-0.2191357425042502
-0.022330410131123576
-0.21521765876005355
-0.11919148227951869
0.03645503082335113
0.11524277004251005
-0.12790179590594586
0.11460868997798998
0.0638958500974829
0.12223420873979458
-0.07488009360903461
0.16581451072737732
0.1775656559460128
0.1382748291843654
0.0623133932930663
-0.13266708310024067
-0.3253510709075631
0.02718081675241015
-0.17669142620957198
0.03406494422043763
0.4842765373260396
0.5424790767621528
0.32870397444369154
0.3585607284119566
-0.07694623461604538
-0.18042166442280425
-0.2424909944191171
0.02588244873020466
-0.0778215512995649
0.028092054439949027
-0.17817118065534887
0.0782012524712802
0.35412302573189114
0.1608557341467003
0.2691806149998826
0.19922296376257134
0.19373999067673545
-0.049997129489026716
0.03885530122748871
0.03855814805108651
-0.05859671358055265
-0.03342502984803261
-0.12972896269598067
-0.047257757381563334
-0.09212555396691313
0.39816952165581004
0.2967611828409501
0.5077583290606403
0.5233646052799915
0.0655473090376665
0.028673590723465335
-0.10779861168480329
-0.19364838771432555
0.21061398473482795
-0.1461136497525477
0.09114910883143983
-0.04796199809277318
0.10143484784733718
0.3480740728572417
0.09431053902984848
-0.04421547433964254
-0.140401985330479
-0.02342596297108081
0.15995808690204547
-0.145905414868503
0.23373703896962597
-0.21318928741496446
-0.3301040424242152
-0.24905261222958291
-0.20413059700875166
0.1341052229914608
-0.09997417906550352
-0.3469439843205326
-0.025801062178075807
0.0961242332460972
-0.030224603844739285
0.026688789094569888
0.33219453690894657
0.1587789859323811
-0.3832940750818574
-0.07599142264958454
-0.08955825576165512
-0.11142454650711943
0.24320238756081067
-0.1400631773630578
-0.4973843840024595
-0.020855823500441083
-0.13447044732701055
0.13001771207613952
0.0834135406726589
-0.08060807042166955
0.030420643797810388
0.08116839902153782
-0.14508924427384703
-0.13136677049478185
-0.18339440657686717
0.048014031440516976
-0.049858676610000895
-0.1025279593299171
0.0250322725311756
-0.013633819514607902
-0.09208792438812563
-0.10848189944043457
0.02925436762752647
-0.1049616068467021
-0.0390636602504857
-0.12393949336642536
0.28146460576339577
0.036095887295037765
0.15095934027041258
0.062462406240612126
-0.040289800953056294
0.14306797576085625
0.0762361401156826
0.031644027970416405
0.14043931197264084
0.07671049241911196
-0.20732198159389428
0.04650826470444908
-0.04649339032799258
-0.043449358813652174
0.07167303683378355
-0.06770006199581051
0.04477009726979087
0.06686624794016909
0.13540770732769888
0.08552778410350595
0.1349203201083633
0.2278716136457063
0.06869078415203202
0.04315502955985369
-0.12581157765907783
-0.09103409015542249
0.006511115605971964
-0.007825669333270256
0.1008453572877464
0.00017311183162812584
0.038079817663828314
0.15847858755343916
-0.01565246336723084
-0.11693576127533489
0.020504108081363666
-0.05588194744320859
0.01459626480840264
-0.08958585693148666
0.011177205844516739
-0.27491717824073486
0.048725451947645985
-0.031811010082976404
0.15442186790852225
-0.07972580944477894
-0.08826432582435968
-0.09541789416535075
-0.16163092959357148
-0.21404285252334124
-0.03888923968969321
-0.3812902753717859
-0.1438391710871084
-0.2988438224213769
-0.5337925317777487
-0.29877774336181995
-0.1980337034361633
-0.1648678133638898
-0.06415899879867035
-0.17699137937925796
-0.033883951741613634
-0.01977560012641131
-0.3114357362025184
0.23106014615249587
-0.1420650140072092
-0.012224154840208513
0.20380843884398167
0.02110046097526034
-0.2805491326342317
0.1345050221320067
-0.10990534776525565
-0.1632051268580448
-0.2398849300359102
-0.1691267871521874
-0.5955432719107303
-0.48723164898217125
-0.5604823555649897
-0.28720470525024416
-0.534413503785279
-0.4745719481547764
-0.3746150133352517
-0.3100114015382626
-0.15058771339837881
-0.12772884390862935
0.03897209106344941
0.016351066901913788
-0.09299011575832616
-0.0712924155438477
6.117338425565417E-05
0.24104070782206663
0.26149662936613377
-0.007613338159757726
-0.290181181376651
-0.05757251308433349
-0.0002991503216766056
0.15539230587706493
-0.02840126377098963
-0.22289869536515394
0.08096390030147961
-0.16916268580569566
-0.1290903266365786
-0.38441869543086316
-0.18739370988662635
-0.2627584915835639
-0.2843058420082655
-0.24684406508981982
-0.02758066005237101
0.19361812346841442
0.028232121542096988
-0.5836262718006895
-0.770428459765174
-0.2138947430775672
0.07200866868998311
-0.15102269818514755
0.05524002438407261
0.04123619977529893
0.023892084891059838
0.18127852843171555
0.19162293830572483
0.005539501426297868
0.17355918913964694
0.07929276031423363
0.1403930367772088
0.22821420057294453
0.11705966583275115
0.0036608614934091014
-0.06901015200586476
0.12383350911035827
0.08095680358153347
-0.04918182326869701
-0.34493461185200913
-0.20454285377051867
-0.0595958413778618
-0.21864197907940391
0.21002845583881422
-0.0404500761285173
-0.6005009047015524
0.12412810976327336
-0.3692066424516751
-0.26821873206234575
0.14798206574157782
-0.026841473261806692
-0.23329941419187636
0.1229809305527606
0.10462549256905208
0.2784912934479503
0.19964980637869553
0.36898582827204857
0.03563693767540467
0.07121173528788241
0.21575723462778515
-0.27533351724085403
-0.022973290463157756
-0.15604650707815546
-0.1004701531681559
-0.3491474495075594
-0.23905944094552617
0.07994700819299393
-0.0650169512580787
0.02383381379923023
0.10012516881547072
-0.43189150130069964
-0.09155922367353365
-0.1607012449796604
-0.19574363460467994
-0.18439677111949937
0.0534976178354539
-0.3094665003618944
-0.010904787768760539
0.14303853860895432
0.25933411073114493
0.15898334932113894
-0.12986198107127622
-0.08144379798166243
0.005316344291317968
0.10220012222646858
0.24907629801942477
0.006768726643130041
0.30312139360332024
-0.07252467640724948
0.0007687448971900161
-0.006798785937432797
-0.20939974682124188
-0.07572326668138656
-0.33808345994064326
-0.2853165112156555
-0.4097445509998967
0.46503906604567824
-0.17712721654313793
-0.6796545721435739
-0.06994495502547442
-0.012039523241066635
0.06338517874617192
0.20937150125023435
-0.2850067186960656
-0.11594894059188426
-0.054698589466200404
-0.08704277917690148
-0.2240211864564199
-0.16063533671114083
-0.1288780667991626
-0.17792743297089206
0.014511019698215102
-0.051998304017918634
0.004033418311347099
0.1301585465062209
-0.002863960885158197
0.05955612290838248
0.11571896332460598
-0.24775111543204867
-0.16624630307660446
-0.15138991177370428
-0.29938051881572286
-0.23960386378439094
-0.6150382969530069
-0.010747323671664585
-0.2964305660569857
-0.2464888153258253
-0.3470888459024688
-0.559674879359372
0.2642811268816631
-0.32993718740368205
-0.10271614544930131
-0.06724774703041485
-0.0555118499050915
0.1423255363613842
-0.2426637755022293
-0.20708134287251748
-0.3788182402653746
-0.46886746363472537
-0.33237496672810773
-0.38998433306643027
-0.022469196793961036
0.33349310429447593
0.19364635091012472
0.08514989044765409
-0.018025130476475856
-0.24652219788939012
-0.07960148877547034
0.18034249682338593
0.10421270923921856
-0.12068308588400252
-0.9185401428500933
-0.7366209451509064
-0.36793470100644976
-1.0947617443638489
-0.43198928880211074
-0.33249547975811555
-0.4514664762716605
-0.0898450661980476
-0.4593671150761217
0.05108703867889666
-0.14498953415944774
-0.29013159546104467
-0.42437074333512653
-0.3738332374650412
-0.3226197711394512
-0.13424733182902715
-0.18850169449887236
-0.3328378154067272
-0.2628227310935805
0.3104103695248752
0.3289852100583509
-0.007383300192833641
0.08019345843734543
-0.05148552871386342
0.4302450360378923
0.3629914524403388
0.10764417970801377
0.12523892020503558
-0.35199583973997484
-0.36148328258742596
-0.5909396236641787
-0.49971281532007206
-0.2107618388647234
-0.748204660081159
-0.47428721389840417
-0.38896429943856436
-0.5550681941263998
-0.35077012178079015
-0.6400361281312174
-0.5039248159037607
-0.7134230976879872
-0.5043222984823776
-0.20239394079656503
-0.001710911717430146
0.2691575621559127
0.25010643676388916
0.033870670543200344
0.2740667290708246
0.459001471742938
0.06070970782839651
0.12486157077253346
-0.2119529483560758
0.016668278589239742
0.7230129575704067
0.13397342619740663
0.35600220525867293
-0.6113426244585086
-0.6211824794659524
-0.7831113473240017
-0.6125144416524609
-0.2972761109359638
-0.844816146698582
-0.811858000387962
-0.5514963309520541
-0.5696521767913659
-0.4794831513671619
-1.008916134262902
-0.8408269003484355
-0.24233419292511396
-0.3452029309104154
-0.32033042945484347
-0.16394050347516242
-0.101474031666344
-0.04522842419970199
-0.16143740513126775
0.3273508695542758
0.1708683780645467
-0.19350869413300498
0.04057574157754496
-0.18061041370178588
-0.09587276358225931
0.5190438684088191
0.2401094891015005
1.0508691114749344
0.1767108494622568
0.5320865603370717
-0.7405206841514324
-0.3087876062868202
-0.20989743126679977
0.16870296942069307
-0.46447680960408727
-0.8847094549740109
-0.5371763112650918
-0.29153597179551854
-0.5192420575983406
-0.25179987030840106
-0.14395094044679663
-0.5064416680833239
-0.07863128959809124
0.3054260584818908
-0.2732805266827884
-0.14951091498929428
-0.20368062229308695
0.0218195963473248
0.23086678975776628
-0.0549097377921322
-0.018832010023644513
-0.07545783929294356
0.33013503674759
0.21611200962445143
0.3950709055016367
0.48304502750142464
0.8171395666946689
0.17407520413922475
0.5002180887685793
0.22293758530427785
-0.004703343697572087
0.2071444861590804
-0.42456325045145654
-0.011277914895969927
-0.07203228579562654
0.3015326218863734
0.5491222236131549
0.006302948315968508
0.5058056179662903
-0.18370834582202236
0.4463151793944667
0.1466085879481359
0.0927601837555157
0.11981532869978866
-0.12863170676122923
0.15393603254134428
0.1696728755887408
-0.005871884561548323
0.08445224833868592
-0.0987479063475399
0.0951997412103202
-0.08360259389725243
0.20527199027887194
0.4080511892890058
0.7136517537722463
0.8692726362996323
0.6698028751831059
0.3490436344787005
0.5615802537927872
0.26696130371272714
0.1296588682540537
0.42336731570880304
0.5709675150267032
0.7712637927885738
0.7748052431399642
0.21236772502437778
0.33826777223796994
0.21840019384333995
0.38184369422721043
-0.6049861756529684
-0.3657546067174421
-0.20793319633689172
0.12453213444424654
0.22611613412330467
0.06553196306651111
0.015569326030574865
0.027753311451597554
0.00329782061366555
0.4230084408194916
0.39906258011446166
0.5739455435833833
0.6708262255845279
0.7278629381724941
0.48369190709240856
0.5816614735934794
0.34329293530108473
0.7554257325412084
0.49759572045234784
0.18538532184266227
0.27972617345725886
0.4393287126119316
0.5654300086098641
0.6465500372390484
0.6628968888440399
0.38387769578578146
0.1803302836028998
0.2920505823849819
-0.15078498860431536
0.008721964093099463
0.05274427654974541
0.029306743083337947
0.14474083866441176
0.3660326077333825
-0.16165501065544702
-0.2933388728899453
0.04909145586130951
0.13114443009181756
0.24884602337838913
0.3194796731608202
0.7171016613630633
0.5575733875115311
0.3038299846849313
0.6038638764864925
0.42695073941116685
0.4689969196533749
0.5161796631310975
0.46688022567216386
0.36844083399172795
0.5455922601873134
-0.18354472820524548
0.8023340940524145
0.6754918224093254
0.16447046870993415
0.4051708097755574
-0.10433970358620177
-0.16744879451148512
-0.012601635774874604
0.23030955877328063
-0.01874494202508446
-0.2047175878822544
-0.10825743320975771
0.05813683369866971
0.012894368559896266
-0.08127824445590479
0.3494695680838998
0.5425471373499969
-0.08871573126758146
0.07140572549869553
0.14549878568161367
0.011585383799498828
0.30657121427748796
0.3251081913444668
0.5231698433041353
0.6386364697079984
0.8782032564705037
0.08533752902068478
0.2361966045818923
0.20423668751226817
0.3576028776197762
0.5887332709206977
-0.12292490903324596
-0.20428855847949942
0.21831886662794459
0.19598933178899808
0.3480455975824257
0.18668754695200834
-0.06285969044158202
-0.2569834541661516
0.06800180891931754
-0.053145951550191174
0.20888613881896254
0.07321727099114494
0.3921031852982215
0.4285128300344571
0.14383037106950236
0.12434614133039079
0.6118624445360431
0.39834187153131934
0.24014455926731365
-0.23385368072835425
-0.15853360472570788
0.3552667473704766
0.4328238319029341
0.24046908143063875
0.4856020624440059
0.1289984552806203
-0.08091003223987249
-0.16347116636709424
-0.21833844906240807
-0.07420996466718831
0.5768625551365246
0.5847392679071256
0.4123519888502731
0.06821319066699563
-0.01896037837867922
0.08202244469123333
0.07231641387473162
0.07174604496699141
0.07156261712238456
-0.3084452547203068
0.02413881639828146
-0.04112692843784573
-0.027559935422604976
-0.10459749867746501
0.017463225174488558
0.6434582571870093
0.4432841365513828
0.28167528107659495
-0.06982423428991887
-0.18631342085663807
0.15859526137325025
0.2585439275460191
0.10048557722207933
0.31400168001655054
0.07849871854939557
-0.03505865124026879
0.4488109540351233
0.4616034528783397
0.6097714396410653
0.4501995260967686
-0.01833794609748505
0.13855049002386033
0.12392464436531114
0.17933943095914143
0.2327190708791309
-0.21040293197658366
0.014879190895911925
-0.18896661890388156
0.07444576302282913
-0.01537931633029179
-0.18815109470356528
0.1379853881588627
0.0708804798998773
-0.00704834746494664
0.1330272206723105
-0.05572209460065906
0.10091258121492304
-0.32613073995311664
-0.13700477799591848
-0.15436239959335146
0.3225013888114541
0.13530215624348282
0.08781320438874549
0.8360978183756365
0.5295294313509304
0.35668079159193783
0.26084854461285234
0.3557165209612427
0.5300073325713962
0.2005410203319927
0.1281064978144634
0.21476369405819373
0.11855381586840712
-0.11851641377732758
0.06552817212182264
-0.004007918290552978
-0.09879484655241945
0.18104379508561352
-0.10222199824197471
0.1597694520016125
0.4340060088962625
0.4019557386836151
-0.22043127846166224
-0.09548767726835863
0.10150776447770671
-0.051227374614084574
-0.22269121665690794
0.14532653563778408
0.11951777585693121
-0.03739953340925881
0.03251785476842461
0.44751363592503385
0.5458763409755061
0.7384779437622441
0.4707027955144589
0.5819844249039006
0.6335581891305593
0.31792529609756043
0.16936521036505298
0.39877619092171795
0.04438562960900957
0.060578679311308024
-0.06914781934098951
0.057013749155446374
-0.06891731031970191
0.15458838558154328
0.08201739471932248
0.1592479781033457
0.3276409531159867
0.17320595405582953
0.3479148338624577
0.16500956097752822
0.1864339887252308
0.5292503680740429
0.23000145909407294
-0.017797596390101394
0.0901121932473578
0.29239160805484044
0.3668072278466596
0.26793095987110127
0.8511624726594202
0.5730436530318606
0.41875173805479887
0.43982456813625576
0.5306794759815716
0.29611547005904915
0.23649860033614056
0.32414809769458847
0.20211723583592045
-0.07200850473813433
0.06861664749238931
-0.01103370347029803
0.017912827810959497
-0.029235511495769594
0.01642582755178559
0.621507870478113
0.36057712371983264
-0.049486332300800906
-0.10705931478101811
0.2947139494325559
0.3520562679335242
0.31364068038254933
0.19744448329816516
-0.19420831860048227
0.14707376359300448
0.18927481061131082
0.010320311023616047
0.267930043212167
0.3919383594633577
0.550242081039096
0.3394608502988848
0.636413037903815
0.3141464883550108
0.37579608359649025
0.47262161455419444
0.18006629542809843
-0.13207814012727637
0.15202237568418484
0.05754427723747593
0.05720305985924747
0.05409972566960964
-0.3919017051798498
-0.15390486887716348
0.06757372635068488
0.23049904064149973
0.0006354145276587017
0.11096953680644636
0.0671234194449881
-0.08493799010445918
0.02215342503858446
0.058541642832511336
0.27579342803690166
0.5475159676157866
0.2095554078230618
0.0900348748183993
-0.23242908109350824
-0.21166576690376498
0.3573448265035838
0.20626956798865828
0.4487958886211561
0.5255805732758134
0.4011291758996179
0.3472265513683471
0.00751884447737554
-0.008393602352408698
0.09395253304276346
-0.010481765508599694
-0.008863132088418983
-0.0037542043545476817
0.020019618078772353
-0.11309509810700684
-0.06532491521811302
-0.04308347730128883
0.027656886894568307
-0.0055100954366546755
-0.0709054649663593
0.2536599215763902
0.3087333578986153
0.40495275637622014
0.3493157786772328
0.07134741593807503
-0.18074551637595135
-0.13369110742021265
-0.15544404968802003
-0.1316499169455141
0.06772266296167831
0.04524677807192176
0.38693809405924456
0.5105731812227695
0.2212883780175177
0.20131906005779165
-0.046628170107603256
-0.03163400091013817
0.16737616674288852
-0.04599972071984863
0.15462719626342236
0.004629998639021341
-0.10151022641259025
0.031291852995139466
0.08992449284579267
-0.14479954104778506
-0.4198010058218097
-0.285046688271128
-0.3580166563495956
-0.159014936711749
-0.15274916363245597
-0.05129013792857086
-0.22341815449593538
0.10292875011248652
-0.226214577572533
-0.2182458793633616
-0.1110629660618817
-0.44130327393313
-0.20027480932054456
0.08275361143550738
-0.05035148793440802
-0.00872817242829074
0.04697269250100947
0.1490502598049282
0.07724975260100228
0.03878152395544372
0.09426617017832548
-0.05827369439897557
-0.05665075881948406
-0.15698792460701552
-0.10540225871437474
0.10609596712531982
0.09509680692375583
-0.2706371745755469
-0.2614561933541815
-0.32400789598907925
-0.12682403995169447
0.009875715647812852
-0.2498073695577341
-0.04016547924857021
-0.14278073556741583
-0.4279812296462938
-0.4057943784601036
-0.22389464399023065
-0.04432631593985575
-0.06138388964348981
0.05011927727293849
-0.08384115911230358
-0.20072911519806894
0.09848402107510507
-0.1755004574321382
-0.10710291084389324
0.07307748711139324
-0.10813402473795863
0.008108523118603113
-0.12136680015272026
-0.007174495831272179
0.0363727326590894
-0.02391240344544817
0.18774275941282967
0.005210936225492616
-0.09630744101529327
-0.2683634377185091
0.06741960817544092
-0.08039730239405465
-0.05248825342133634
-0.024164735361592467
0.09245749155541033
0.12531023588142506
0.08848416828700091
0.13337113318785437
-0.12497438012601078
0.06312422907928805
-0.08296966019127318
-0.02071085353852014
0.012833402208920206
-0.011842858433467753
0.0038159483382246575
0.15499190573317978
-0.055815556546191775
-0.1526745112191565
-0.030599263250878684
-0.0768359188439316
-0.15428064327139432
0.08210153869882993
-0.012744943319059895
0.09147915531207991
-0.017973519950000332
0.12401132110330916
-0.11362542207323971
-0.07668950921507117
-0.18349363968454285
-0.18221059281845134
-0.2821639556165112
-0.22479855846073343
-0.2635032408734724
0.05185761917329906
-0.19666981779254875
0.24326630401864613
0.016401885394550484
-0.26817173660004207
-0.1593240698090325
0.07609550802224863
0.10585654383198713
0.2534023363184645
-0.014574285113892426
0.025336316715127555
-0.1271680221109366
0.03536823863783495
0.3208024951544862
-0.2389492894922196
0.0008665777091221734
-0.07167336676416156
0.17052437027041656
0.1849653880453688
-0.12735617404074287
-0.17343761317102122
-0.14895635478857183
0.07793517040712945
-0.344232077049238
-0.33954201855965277
-0.6001349373348863
-0.5489307667768506
-0.5166924807302018
-0.4388956013738825
-0.4293007990735017
-0.3951649626888969
-0.22580461606613988
-0.15818385336545307
0.1819499036168093
-0.10465409331585494
0.029292104298964436
-0.13259068464611432
0.1316942928435273
-0.2131350427254347
-0.14870154456921364
-0.0289664560587153
0.09980293357454971
0.036530288379224986
-0.19822807590729494
0.06564250967267585
0.037785238110301426
0.08698600549864999
0.050447872631118544
-0.5788269151089924
-0.5671773140343119
-0.47155133586729014
-0.49151528478717604
-0.4845874947720872
-0.5902702890266966
-0.1428702480507412
-0.19870091931153722
-0.5133390091870743
-0.13398495737466376
-0.28050769285946003
-0.5265035245128262
-0.1533690550066007
-0.02047071384598257
0.1651154188774369
0.08365172413223264
-0.06345350678048522
-0.16352617599431699
0.07696333978366646
0.17889995262331526
0.1240108528822491
0.20041023922253817
0.15209737333097728
-0.10151954029785336
-0.06553365534317408
-0.2977469577924306
-0.057118595710062656
-0.16621634385183062
-0.3470313853129356
-0.4283023236128232
-0.32398633655059633
-0.3357524181907213
-0.1490677947118619
-0.30290186580063094
0.037735292355244546
-0.5847389795448183
0.07089414409616375
-0.06820508847008763
-0.181821386156229
0.1801825673254001
-0.02356076213256254
-0.03096335924342356
0.14097676170595544
0.23133997705006892
-0.009373811832866875
-0.06685054096853553
0.03512408094977633
0.1803902659031854
0.25269068678155465
-0.12917691340198828
-0.09292615436535108
-0.010448324975075782
0.1320297249807387
-0.058429992803114054
0.2534149809304301
-0.11168233556795423
0.07413062565296205
0.038115217580962535
-0.4470938489021896
-0.45493911133067677
-0.6415136325273962
-0.7437860144238991
-0.20583182842433861
-0.4162708762889347
0.041306233466356417
0.007777782533721552
0.19476282976862178
0.17534914562455253
0.17808314974119663
0.2886738779166875
0.287653871541835
0.2615026413439933
0.10677817408402684
0.481128775584023
0.09426978996883373
0.2594758219653438
0.11033751257029413
0.09204722855820531
-0.035620572356976084
-0.020671343870563446
-0.010881389215743581
-0.06936749598563394
0.16791820682604497
-0.17285785377595397
-0.5929276454636936
-0.5658225978115695
-0.7404530853380864
-0.685477536827646
-0.6502035288342076
-0.5210298202769436
0.022419253939965654
-0.5977264818019493
-0.5239851990045732
0.25757936539237614
0.21503081088318785
-0.17344488340242067
-0.015431621680538741
0.2606148971611971
0.6310459345981896
0.4973548049721727
0.33419278245520817
0.1766777941839541
0.260881263474287
0.307820405151658
0.09442313594962537
0.12099332719833396
0.18755137995406632
0.0673206863460609
0.020730415715271733
-0.27321406110110236
-0.3122739091460777
-0.5170957159070231
-0.12557474749990763
0.19832760537862407
0.3928215682880107
0.1661856570648832
-0.8712504917745924
-0.1471244580051332
-0.771470317465112
-1.274674084485093
0.34019825818508675
1.1440175762859852
0.7937351167958919
1.4080142919859733
1.2980984861442209
0.929495836610689
0.7283486602010542
0.635554542517002
0.764492637350831
0.8416147965943456
0.6468059983831129
0.4762851817510158
0.43050528187016407
0.14991093309205855
-0.106600064238022
-0.17067757076034504
-0.014799992181578502
-0.11991282757215553
0.10505344079887334
0.38277726042379745
0.8748430737745233
0.4203234627909841
0.7741806076483111
-0.018990989762043206
-0.4282350465150141
-0.38921302889428216
-1.2386483438931495
0.5109596125696881
1.1011027134418145
0.8412775947439185
0.7184556765568932
1.1619266786928941
0.5278409956533294
1.0525955397411448
0.7983917894787916
0.17996645793174776
0.52446349541972
0.30347189848017087
0.1259554286231594
0.41706923686365494
0.3303985314087059
0.013211063748149328
0.007808390382185104
0.0055446319204755555
0.24857524451027316
-0.006187039346593219
0.2822387527382906
0.29207912388360147
0.22252623490981
-0.209968195609452
0.17544772797165792
-0.05184876771061924
-0.4333801812972646
-0.4125166586956952
-0.2593328010077901
1.3688595667282186
0.19384211378803687
-0.15008971370630775
-0.20879338990548513
-0.3253064848358756
-0.7776536872621483
-0.2830125306211777
-0.6109585131853105
-0.4598269168595266
-0.12319683988571671
-0.41475914268734076
-0.3046404357215635
-0.22953551985966794
-0.08683682647121059
-0.2639469960448607
-0.04365982618522271
0.049055652579055975
0.06947140437708749
-0.16612879013865894
-0.4474332066336689
-0.41966097888332415
-0.7582702962503935
-0.5197900449940526
-0.5432947461154458
-0.3456735621765101
0.05911358268598014
0.0035068382511481196
0.31260663227402297
0.4812470065757449
-0.13677096023641838
0.09149365043411856
-0.6023265507007904
-0.494367120723266
-0.5602079922018441
-0.4744908682592476
-0.6396089986372805
-0.9767861326556936
-0.4453969679819375
-0.5213386375787377
-0.22484819413458879
-0.16731587641190787
-0.03004422744820606
-0.26358533617253993
0.08648598118416292
-0.17292176412968474
0.06081316154857572
-0.1683466752696229
-0.49047217869413945
-0.6424949560596083
-0.7978874075762195
-1.0124080441859684
-0.5793593548215469
-0.3091663810325818
-0.017938545259048512
-0.33090096203451924
0.5113906624823096
0.11819675042628006
-0.042877479328377946
0.3106592408988278
-0.07978018429722804
0.14442013388296487
-0.014638312146792655
-0.3187006812410806
-0.13705041368613782
-0.37631686951509263
-0.2092132103567632
-0.391273214936942
0.03127908317823948
0.10903832954247625
0.09641646191395024
-0.26923861900935514
0.13162852526704827
-0.052894375863010365
-0.028198084398963128
0.06371625652618598
-0.02662733475411679
-0.5613489477334306
-0.2189305275129481
0.26782519948431754
-0.11987427022137019
0.3932228317229107
0.15881373308900257
0.37572748249663024
0.2130943463383024
0.26286870083437597
0.0543811657836943
0.16654219166692039
0.20692841370808954
0.13478376369469308
0.2526116231393219
0.014895471579053219
0.16290077793061883
0.16437682405460552
-0.2504748427631004
0.05172235384132407
0.09868630876025213
-0.19696404027771286
0.049880959935970574
0.09734755322113814
-0.2339830051581884
0.11740261933834302
0.21724780490648601
0.41858462092036186
0.4977933354287201
-0.006487235215303978
0.17350612697321055
0.12651671339405499
0.40719714710276084
0.17940950201399272
0.41511187332398175
0.33036162820210335
0.6668250090505613
0.3963014977764923
0.07877526219970411
0.25535823261365465
0.08754639286481485
0.39003989705559655
0.1893042610929179
-0.09608971074440154
0.4243228422296082
0.02494536709741013
0.12280379497749241
-0.022790160681327377
-0.20672480219603317
-0.0982682775554765
0.15027349459848305
-0.13587851248156024
-0.12791787390678397
0.2201455180966621
0.10558210391433909
0.48994943834956156
0.571061036941137
0.0616645518862053
0.07922984902747604
0.043077219929329905
-0.16034093061895283
0.2223910400415296
-0.2796634955935839
-0.30862488411935113
0.092408492249654
0.4451255275577615
0.4714180808265431
-0.11307539648858664
0.04306939340057199
0.027313797949793273
0.22233749510882717
-0.24253708388431885
0.13611502890232033
0.2774623814011889
-0.044831917678819506
-0.03284380881244633
-0.41301458687580084
-0.15899368014827978
-0.025823779139186685
-0.07893273571921292
0.0041429748187072355
-0.1308204319901665
-0.23252006821931218
0.5047438456085095
0.24507702081271374
0.06518694514147329
0.2544889125759637
-0.2664717147407816
-0.023349728323078633
0.20767425751945845
0.09515486336927109
0.1239509601142198
0.49813890557370827
-0.363400551536702
0.1281547795863203
0.055490458054162306
-0.3191351887796801
0.29628338870782134
-0.2032174500591278
0.27116424184766724
0.07734383420548437
-0.20374167664110432
-0.4262914976021424
-0.14703341119705535
0.001997233383169132
0.09876532075365742
0.0995313947224862
-0.04046778577747781
-0.06515971541080005
0.227068264590444
-0.03596255974107697
0.16325112013262885
0.28133886653890683
0.005542640275192103
0.17073824112335273
-0.05264596052788817
0.08070402802552232
0.344800576351464
0.15242407437259817
-0.26887021806617895
0.465472925971467
-0.13959166901718228
0.30240356349183245
0.3440173166453283
0.2167345827663766
0.29383119385468326
0.45334545874716226
0.5261769794350184
-0.17891573485134218
-0.09622817020178805
-0.05395591512515746
-0.21266108077412343
-0.020413975245267783
-0.036594735964796565
-0.020034653530666822
-0.2394469901470648
-0.086343880463131
-0.03813642231693894
-0.030750873375566635
-0.07694811308315871
0.36374167136940205
0.17718394767065476
-0.09863563688762532
0.1994950573789803
-0.35723196300560395
-0.04132938082004608
0.09579164405510728
0.1690895246467325
0.35689101867679357
0.15494800743005316
0.02775254793212912
-0.003248806043325796
-0.0685867408246911
0.17647193107405473
-0.08208383734250828
0.054752563015786175
-0.2691601476710257
-0.037496225129722074
0.19774473085979322
0.28451762735019553
0.1368800279602964
0.014070537647927142
-0.04989227144655974
-0.18306794072754384
0.014861186092732749
0.04497858741685578
0.026438601700289128
0.3003085862653516
0.4544247140821533
-0.024811930429148473
-0.0388780343008976
0.6803265468655735
0.08136108984648177
0.06655403571701539
0.02847692490778106
-0.2578626039848346
0.2984333692485897
-0.08698742005559876
0.1141563786682331
0.09914353942043777
-0.19976595559570945
0.10468571879951062
-0.20185054311091022
0.2510023643694792
0.5479373641056242
0.5200554525326422
-0.014672058438513368
-0.1279638173152002
0.4214682665076514
-0.16018841598949016
-0.08462984833186173
-0.0940845920413154
-0.21180421085826467
0.1229268585918116
0.07271932161013177
-0.026401171596236384
0.18225457369626932
-0.13022489894494166
-0.32091610736781745
0.016957770568083768
-0.07015548715853737
0.14001668855647761
-0.08110074207439083
0.2694186336574823
0.36393122261554267
-0.08224896523255758
0.4555552808669211
0.46590808676561374
0.38889046199008337
0.3782142904725729
-0.0050368995371280825
0.3026977031644445
0.3196044286243396
0.04334944689684596
0.15206841027377
-0.0927205377451483
0.06163142523367573
0.013588421461293756
-0.21448274957404953
-0.07148143685321627
0.241405086657242
-0.07824675388263608
-0.081092065714235
-0.11385703512015306
0.10938293470255729
0.36142889819299984
0.350517595069479
-0.21366372796090752
-0.026618116811454835
0.11448713773453112
-0.12498189621114215
-0.02325483249643051
0.060390587089434046
-0.3239569783121499
0.3555993061628503
0.2772275786116525
0.18337823338613135
-0.20388535534467583
0.1900750848200057
0.07722768026073955
0.0832215214815632
0.19382585295131705
0.0016587739258462635
0.14375991364080185
0.21957835699037917
-0.1557258852130726
0.1035239131179726
-0.056612922262677716
0.02521192358959516
-0.002379213736133829
0.12103928245552406
-0.010142490592958435
0.026136415772424527
0.14916088332086208
0.1389380350345881
-0.1519239898121441
0.22285429128599163
0.21731745379343528
0.21097376993190042
0.186351710081044
-0.35147461903756627
0.038576456582126606
-0.11824074592836943
0.35584415082084764
0.06929575308853138
0.02931532440032792
-0.01025191301257141
-0.09673922169641096
0.12841004128409367
-0.10694238310280822
-0.07198523055331153
0.2538165088749165
-0.3864448570551995
-0.11915121891270192
-0.15306786775958045
0.1694317196865871
-0.12297783558269557
0.1150180205104572
-0.07946455422295913
0.17397656641667195
-0.012753490767375001
-0.15361944885105486
-0.025168051372256774
0.00661628809728892
0.14406039884987848
0.13729800070862624
0.5673882853182665
-0.21013994233023728
-0.049750902135121074
-0.24759384071578242
0.2542455481853315
0.025629334706809705
-0.21513797336959775
0.01698419502455908
0.1028941192331202
0.0498977663230733
0.24146279786669794
-0.09758154147712524
-0.0718188251594918
-0.026988937972122953
0.09543734202905828
-0.09905279962118634
-0.19311253863258399
0.06246796024792301
-0.058442903556479915
0.2372298784986024
0.03113922637313121
-0.08575962485363638
0.0387742443789168
0.04833475409118577
-0.10429510024238406
-0.00868694191518131
-0.25304493401361955
0.15186691122701768
0.2388887319731891
0.05565499549412523
-0.25451502155892763
0.42920684796154623
0.6552937056286195
0.37405021288215456
0.1417095467331571
0.14919551132036188
0.2785243823471841
0.20731545591168885
0.17903104984478388
-0.07743279919358233
-0.1740997224404473
-0.1243068580169655
-0.15245314028391388
-0.039295460111635795
0.12679623347535224
0.08830371770166368
-0.012450561501038725
0.09788513853058489
0.2259991217412971
-0.16672123611799622
0.11179124675559733
0.09506957448433641
-0.08388136934030697
0.016022655445514376
-0.002930660176571903
0.13645741323621607
0.36110469772389175
0.2633611897875957
0.1045940613342064
0.34056988937708227
0.5466234330570088
0.3506471962400586
0.23422872851820375
0.3374298955598373
0.6439106524439817
0.2552807116117394
0.05249908054740623
0.016311450068511934
-0.00965201394414356
-0.01505126901766679
-0.08613933488249968
0.0632789475444741
0.22014078674613433
-0.06735731857234967
0.030245196195936394
-0.016141322653586324
0.04819783692526926
-0.09072200463465713
0.06617558111166302
-0.07656812475703988
-0.21855171374615343
-0.16793884613966406
-0.05759859098024313
-0.08199952394730797
0.31101220637380655
0.22824418071201064
0.1196457772521392
0.2794695221161126
0.36299087079629716
0.2482151669409543
0.4048474876048016
0.38647392770205835
0.29044663504667945
0.2722240574819033
0.09765777178270234
-0.07030375619154418
0.08353321653603492
-0.02184881068319344
0.09379744479817974
-0.014614527735715784
0.01859279900740317
0.023889655940881924
-0.23231347439945507
0.19711042598010653
-0.33984177497715984
-0.21560541025702262
-0.09134273291540232
-0.15364182360680642
0.05685043350840674
0.0030527128284131484
-0.19341847860339573
0.06237855074010736
-0.026943982781198875
0.16215349144664476
-0.05419266399173305
-0.1808147742883614
0.2406649384520013
0.11028454387455015
0.32327560177033626
0.260275750709209
0.269901096072017
0.033298468759544626
-0.1150523549349344
-0.04887885678529917
0.3703355407041448
0.21733247265341926
0.038010472451774316
0.23212604357128858
-0.16592399008837264
0.05173539817153682
-0.056793643290574965
0.05896192948295029
-0.13199894300973158
0.03701599781552121
-0.15749326959403992
0.0021341133488703284
0.009519332042453678
0.020134742808977972
0.157251856852704
0.03508754531043531
-0.08121891346303116
0.38072635624910883
0.16430656311264402
-0.032086015298644396
0.00981388972246889
0.11872391292582193
0.21223365343969794
-0.1440184394703932
5.7581253298012376E-05
0.03316103521161224
-0.1816680817990767
-0.0736987751238775
0.23006638318219014
0.06192661261357257
-0.016767553591853335
0.19424038507843217
-0.15598241244793423
-0.04282983837486367
-0.1398456459682305
-0.004069887793178448
-0.3518321498988143
0.09434164364999277
-0.1447198493264841
-0.07497233418486689
0.1588033420779169
-0.10060874115450837
0.10787134273507357
0.01238122022342444
-0.007693911322264788
0.21741262879749834
-0.01370623216146237
0.07558201206653485
0.01107022728529145
-0.03623294313861513
0.018120286591400338
0.03327425086105849
0.15839398028920093
-0.12295050644517524
-0.044892089448646394
-0.06084914787804477
0.09318653949116738
0.2155698688667368
0.10617590245614644
-0.2977601534335147
0.06200154367672612
-0.11634844936256612
-0.10306863367044855
-0.048179185203995854
-0.1204746412290093
-0.004913866694428384
0.11036615239964988
0.142825591859438
0.34069067359417243
0.18760550151286326
0.14001085921983894
0.016754195466023407
-0.2720998363231577
-0.24598335849511724
-0.10194635979963025
-0.27444548870026675
-0.008443905879155651
-0.1742200036100931
0.19725848297410337
-0.019271433026761174
-0.020465676029922997
0.06362380306143525
-0.2364824814014547
0.07992421813229639
-0.053560633495364926
-0.15839572391910917
-0.12965338455357975
0.15984649621798308
0.06760334439472399
-0.18114100008529294
-0.16013440243861185
-0.029355887245514686
0.16903279031543142
0.041738770782300906
0.19574433111685133
0.03379955961505299
-0.14433564130209792
0.05428229596207543
-0.0465969936900758
-0.5098349058984927
-0.5038398816137455
-0.4082853683739648
-0.285596092546682
-0.34995958885770573
-0.4594991556056674
-0.2095383319879627
-0.2969481789858729
-0.39203726322756444
-0.408160171979344
-0.13982996252390886
-0.20001668297528324
-0.2232890991263514
0.04865299491205457
-0.049339419189865605
-0.1404805617628193
0.13614476689394156
-0.039879182329156986
-0.14756704204502902
0.025141826791112473
-0.0821803638267979
0.07113034969489195
0.04783717203825789
-0.09704829943395163
-0.24612931462091325
-0.25748665388244474
-0.26561890238889535
-0.09309322542319554
-0.545355657263094
-0.7978388751450296
-0.9026183810217411
-0.7036112664431262
-0.5227740446122221
-0.20480472633028432
-0.3035231837814464
-0.5123021250740095
-0.6733631328401142
-0.17547747656358859
-0.05049017208171712
-0.010544000451093287
-0.29237209923718727
-0.29896179004089685
-0.16178690832266554
-0.12279473800540434
0.07476410721143087
0.06148629753122316
0.024240567553578063
0.10636868259120734
-0.1494549225552282
0.3621610549303442
-0.14011025516425818
-0.0687289143715451
-0.09316556863270506
-0.19193523937911183
-0.664634247730745
-0.8190315937911615
-0.7776500696257059
-0.8207963909868823
-0.7082287152802299
0.027459136771534644
-0.6942631179483996
-0.20202255831651586
-0.2705088741384747
-0.11918729900999793
-0.28513186404427704
-0.2795353089968031
-0.004153850564699837
-0.0924262776205053
-0.016897698704147868
-0.44674662674034754
-0.06223494275878709
0.3385068904194511
0.179468075818681
0.053054136210505275
0.24050744080328004
0.01887713199915779
-0.11844304658011948
-0.2119201626381512
-0.2005989843536694
0.08234455750229726
0.18465070979683718
-0.232180763422007
-0.3625328989017757
-0.6457702941230148
-0.3031366826923597
0.09009733773972345
-0.08050182246023169
-0.11460264847098467
-0.47798150772639053
-0.06833481277163933
-0.13874580429480057
0.4129782625833341
0.032939486008648454
0.19197421078037905
-0.1744533735316482
-0.5730933098673002
-0.21166213458772226
-0.06705864280962581
0.2458671781514242
0.25207632073244535
0.4491346304243934
0.01514547056727343
0.44452700490878294
-0.07461267629276877
0.11022086856534208
-0.016238873589569835
-0.01600374297098294
0.1628476702732855
0.3112475080641754
-0.07272336067717285
0.39910003258675286
-0.006428918949739143
-0.30810404271346914
-0.4075177670679572
0.0020753802501011793
0.23100212020824673
-0.17693445078846234
-0.02354082409127322
-0.2801211889303587
0.03389749084825152
0.2569108996782571
-0.6068230842599035
-0.20456531609904027
0.04317794483094439
-0.18455836482106075
0.10669639877391987
0.3360438545255591
0.3776573156615378
0.24826053508880985
0.4603171926255375
0.4433870347672289
0.14185010729991154
-0.11635235664290855
0.03871868363158899
-0.004905548620738242
-0.06878332704112794
0.2110790209136077
-0.07134741843906452
0.0182643163777704
-0.098293542223229
-0.12691682407208682
-0.03261413963845932
-0.025398250655188397
-0.18404870250553892
0.09055142999105337
0.03827439908700412
0.03263065862019914
-0.85620239148684
-0.07124677040902859
-0.55396077454938
-0.3191635411808149
0.43883296856964116
0.04236241382321474
0.05920638949548989
0.3518901642926565
0.5791756070301043
0.3349511378084764
0.3340771409880151
0.29869473465689994
0.06246600079133861
0.15603817682200477
0.09978583905915965
0.14286410292397472
-0.27612177538854116
-0.00882406622221592
-0.2329042290365468
-0.24238591989379107
-0.16193713424915154
-0.2810581418591111
-0.43639023250873216
-0.21653570104922928
-0.29200712828649866
-0.298596601811431
-0.13591078678146587
0.17089165315708163
0.3944789855114978
-0.29538933421551394
0.08219803869127335
0.09665799318843381
0.46277302630139217
1.2407066268273692
0.2601676274114616
0.20269679882936656
0.38607581393669893
0.727427893396655
0.23320064755588696
-0.19814883102483755
-0.006851255551537501
-0.07534781921387747
0.25235916191158914
0.19185741809638918
-0.32090865491192594
0.08919654400857208
0.2962869454031297
-0.04367424445312491
0.11548528248746183
-0.20675125840037123
0.10689263141860057
-0.13554911741542472
0.1530888539924385
-0.011560253457179214
0.3489306673607105
-0.19340147067918603
-0.06062458220946584
-0.04673255805950323
0.19721689501418774
0.03521011300174677
0.20848451682925298
0.6000670318527308
0.38128197460259805
0.21787903711177067
0.23976248334817435
0.29971721642847876
-0.11588383156062558
0.22941204469687593
-0.015365634914971985
0.06724654737367107
0.1596561409005039
-0.19370141140660588
-0.45388789912270583
0.252730267346756
0.14971766176782283
0.30540745573904965
0.1249961614656972
-0.09225412841159672
-0.14628959054793417
0.10002589431629035
-0.1843638461551825
0.05558088038979418
-0.05170876137035421
-0.18938000841727703
0.417794980567953
-0.18336306457464882
-0.09735417632237538
-0.25579771456663153
0.03932916992475836
-0.33518959745041427
0.46807640249246274
0.11275068720743821
0.016416521828143286
-0.0734791128974267
-0.07609334478453324
0.16419212168736613
0.17611683341299927
-0.24102877443730564
0.24752526959472404
0.18930391575415512
-0.02912662366113683
0.1013092499260269
-0.6530601611091208
-0.16106712984046898
-0.06169085230434376
-0.044419645651343834
0.10547462548459369
-0.37206952732631754
-0.4434812385490304
-0.23636778203901485
-0.4152256750884895
0.023933879454525367
-0.3857840771479824
-0.05067147744839372
0.11045473138620937
0.0026161021930987353
-0.2491687637333438
-0.6975728944539245
0.04131355188120701
-0.33164167255865956
-0.44581515377424913
-0.30275403171676013
-0.12340399220851665
-0.07845892325134768
-0.11369033135202412
-0.13485900849840504
-0.12307160031705654
0.016010703954789568
0.1394983200429183
-0.21567377478348038
-0.15051850236493886
0.010581079036647484
0.1869888639456209
-0.005606416274935304
0.41459539939233014
0.026313641331642008
-0.6160807155014906
-0.060656276747929755
0.2658318807742936
-0.15532848788812056
-0.04736318080134582
-0.1892668655817488
-0.01568586740747477
-0.2271337016529538
-0.10988566159357172
-0.6356787287776974
-0.8676616514975133
-0.3429578294699039
-0.5577450452585526
-0.6909673815655145
-0.37213113571848166
-0.3243391206011794
-0.06526883337869752
-0.19967736616713708
0.16786061548719194
0.3494888984541965
0.0998083223480304
-0.04643396168222102
-0.5500705971589629
-0.24819861089184217
-0.0725730752636519
0.05465760274679084
0.21633123048593195
-0.5833016695042197
-0.6358545419169312
-0.032684645128551494
0.2546421063654853
0.3701183556724825
0.3036347699781185
0.11105595815482666
-0.24223070244648448
-0.001561648567583057
0.29877873065858473
-0.19591903537376523
-0.42802896343708646
-0.00365544035846526
-0.2390534455052636
-0.4204895142478658
-0.5131000343955957
-0.3018888705801514
-0.08533647925739346
0.033492372797215765
-0.05271586778940273
0.2419441363243974
-0.39714570833087454
-0.592521796883116
-0.22636122495026037
-0.3532374748293487
0.22130218977894509
0.6114247061548224
-0.07897316713502363
-0.38565802738324595
-1.1506665620448933
0.27222527027171756
0.6462262765573688
0.10525780563356348
0.5189958200964832
0.3544353359290953
-0.053035299487738816
0.05477778049554528
0.33812368320052005
-0.07185035722849124
-0.29060355907991675
-0.17407701058443809
-0.41781638874052296
-0.3569915048384484
-0.3827984264678527
-0.22440736776914919
-0.10661247666771606
0.06540527371999337
-0.10578876370884657
0.3183267077496027
-0.42888228337478995
-0.077833257337159
0.5598398007380921
0.39514754128700486
0.5069040442466207
0.38868953378482823
0.10640206380678331
-0.3406672581360818
-1.9316774787570399
0.45822603075885704
0.8184132695945543
0.24782871621782765
0.22397593541299005
0.5827912463329669
0.4408814160949632
0.010104606528607887
-0.08210255955510753
0.05485623905484028
-0.1478263293317986
-0.10420582279027854
0.05874629970539866
0.011761182724504325
-0.26165411847983006
-0.4107617952495516
-0.01604501192548403
0.12981125142824645
0.10450094122863716
-0.13898340769816975
-0.3760246651473971
0.6176676155521993
0.7644994339029161
-0.013872556715474648
0.7006791480018493
0.004223643964716444
-0.17117116885068925
-1.0689283956316324
-2.235098445960277
0.8678777725427614
1.08060420988879
0.7090423515365567
0.6820099392377502
0.37558426472343187
0.6712006336546744
0.2704224110347176
0.29941003853901144
0.5405581919423859
0.08988464224765375
-0.5112186082393408
-0.16295247645070318
-0.08089302707198125
-0.5023980256627943
-0.16963393107739036
-0.046682942162153775
0.007365638060378282
0.23206284099022265
0.047158680897035204
0.33676382100881336
0.2924137990552514
0.6512652065321276
0.6192829229511158
-0.03381837839505074
-0.29189782066351133
-0.8818109347327486
-1.8416624767894973
-1.980592767690686
0.22811524615662257
0.5465136741045625
0.6390274179445493
-0.015702724305776603
0.5510272680383738
0.5028369422700921
0.2625937906842815
0.18887927008783492
0.46781774530056314
0.08417001846253454
0.11618741815595887
0.13048137263334472
0.07621617980571245
-0.3075180639921437
-0.08132634621929541
-0.03931799887984136
-0.03763361392888208
0.13657296725319706
0.34166942284161955
0.27589982071506375
0.03829123402256126
0.520892191855142
-0.05079148521111389
-0.42492879862640903
-0.19854698782201982
-0.7515165974767732
-1.6862256673292244
-0.7576434808037813
0.8974548823872762
0.6357976512292801
0.3261635833757753
0.1776666510260401
0.33499670145361843
0.10392235479421037
0.714357544716274
0.5018398126497279
0.26321765811887327
-0.038388622050708615
-0.07386406116658747
-0.2448874209894258
0.04864469806621758
-0.23587325851763236
-0.017751682746885298
-0.23703089310473738
-0.08610461769977859
-0.14404077939914922
-0.02149124640427777
0.12608120927937075
0.2147314563754155
-0.08349176029764527
-0.58135717177577
-0.6059731592847196
-0.9655443120733928
-1.705903718582557
-1.7801034554289654
-0.7681044293288862
0.8528787714157214
0.6561029560399577
0.17889835559063097
0.5156679622934317
0.1974628304423891
0.4239024481975606
0.3336439773790386
-0.1957318830989721
-0.40125734833089244
-0.10956663298973794
-0.12920963154048803
-0.22118425791226645
-0.06297046342499597
-0.147160888843353
0.21537081386355422
-0.17281084476423156
-0.21981759652316143
0.1938117101655516
-0.09155627516433279
-0.0650779236384497
-0.26060896568003283
-0.6905837419968165
-1.3353318866067423
-1.351090627099658
-1.844276078497214
-2.0540061713978064
-1.0645398096040013
0.2585319542118521
1.0216695771653144
0.5885354192381351
0.31994368642760623
0.3550537437287017
0.25098551509832145
0.47567476370696526
0.5715260888369592
-0.00901617917705724
0.12199547631517761
0.3184411229682959
0.3536948675334573
0.4180656058982324
0.1905986563771337
0.2942107826091945
0.17009738810693953
0.2453830670258906
-0.008841854347719428
-0.1698479726673703
-0.06104340283589841
-0.22972640864725016
-0.7311514840801202
-0.9305883683364529
-1.4495408854888636
-1.836851816199574
-1.646100758672477
-1.112970565212035
-0.6245514424616522
0.35089532584589195
0.5721187679621159
0.21063663275392333
0.44898708920447683
0.391187273346898
0.19591617032329148
0.5107164942609786
0.47688410935171993
0.5483164371783422
0.7989361723030732
0.2318879726624442
0.2536653656220449
0.6896632162209383
0.4366833197618063
-0.12522802452981047
0.09088894473690487
-0.09922426833250499
-0.07134303069729728
-0.14457956958813817
-0.27464104898446057
-0.29759708764574094
-0.548134669880241
-1.0623320573740913
-1.2475448089766128
-1.2109552666829304
-1.0056267047495209
-0.45479982814555764
-0.31411010551884755
0.6049139968505425
0.27354200026574127
0.29739201745083854
0.4837457841213439
0.7057266100369425
0.11176774850806419
0.2804942882898399
0.5453762899003061
0.6980591692655164
0.7080573846111728
0.3375210487559605
0.6500428967103294
0.7781803707219349
0.588834960382038
0.2792827609183321
0.21939079129632377
-0.2181234951213666
0.06751814939021031
-0.08481046957519452
-0.1536554895801163
-0.28537275054388545
-0.5705055674978228
-0.668423277551328
-0.9581097027073379
-1.1312593093396794
-0.5726751651796438
0.007091422374433241
0.3190483297704559
0.5331972257939674
0.33530126062486076
-0.09442392562350906
-0.07443453623414584
-0.10029279118285955
0.2759433940285147
0.6318712530424504
0.1172125540197803
0.6458341044275333
0.7466367659734527
0.5616788121551911
0.873314571684532
0.8754020325219618
0.4344799688954479
0.43943307502379686
0.3724787550266863
0.05893742920646094
-0.07240708729588162
-0.3494518357699402
-0.22371510419801258
-0.28498417117561914
-0.45721888560968493
-0.27732904638407996
-0.670321083360146
-0.3565155423430109
0.4155755344213665
0.48989469374190187
0.33614779803619316
0.3376519459393292
-0.18553322393958252
0.1451730357321136
0.21515825432697422
0.32701297219952563
0.6226649279150337
0.35418588316661986
0.39124979997786086
0.4782835509834516
0.8160002894347581
0.8068629281020567
0.5849047179017204
0.7411236921619389
0.8031130752530575
0.22410280932205023
0.30605424629716527
-0.06419726960180411
0.2113043464136423
-0.2639386643256282
-0.2141297527275867
-0.155120562944934
-0.38068022851701705
-0.4451695352395123
-0.4746385321943598
-0.12176537373849596
0.16755959401889056
0.48869553546623984
0.12024102974614127
0.1717926837813521
0.3117870311238273
0.1948964691621043
0.09878010149589402
0.5328482010515476
0.4617622441632482
0.35561227417111785
0.4796236693613955
0.5234674996375188
0.3970183134418798
0.644454499744826
0.5175115084155906
0.4227838296616009
0.26496925162932583
0.15184452334507179
0.2623900452704464
-0.07067648364408258
0.2303277794833024
-0.060667332037524106
0.01009664873595851
0.0081665421959905
0.08245426250303499
0.12598454411144533
-0.14008841972167946
-0.19753698647082227
0.13785990951213573
-0.23671354930577312
-0.3313379868957314
-0.04601746008596408
0.12236143030612993
0.3304227673763357
0.23286770642309548
0.8151648162778733
0.4456364200639002
0.1748847145959088
0.26606314056067526
0.2719425808215633
0.30001227676375036
0.4521200379185847
0.2774388857120048
0.37578066340842553
0.2418886075359593
0.14590787605338762
-0.03432806715635537
-0.14882475449761134
-0.041045971685097174
-0.10412501551083779
-0.04032765686436019
-0.0802248246294517
-0.028005070335708666
-0.009021462731100197
-0.0986074104290728
-0.18181062804870451
-0.12554974113676226
-0.08954472061567281
-0.012359270186715765
0.23133812840335147
0.522594395857712
0.6505044010774778
0.31259438911804605
0.32247509920349543
0.712605587402144
0.198401356205563
0.05308170048620331
0.08526463861353603
0.049677354854157904
0.2829509595277063
0.2439589824978032
0.16460015929381075
0.07547949131805519
0.11588364670717205
0.20415169825708093
0.044221026120620434
-0.29619264091525893
-0.11836415196986864
-0.029000291505475322
0.20923804404674778
0.10774614001061698
0.031739633883350916
0.07207788785853225
0.08205107467093675
0.278461438979268
0.01431752646667059
-0.12593370420015537
0.08392064203600717
-0.2260624638493465
0.04424407816915128
0.18775018642048932
-0.16115039971438663
-0.08418396714329321
-0.16997427292420264
0.15475596295974328
-0.04855334666184261
-0.015320961701124687
0.0436513848402935
-0.01745127675155717
-0.1167398290003755
0.3277026692454169
0.10323975560986366
-0.10071131155812227
0.11852529691566235
0.10025980102792353
-0.09420350313027481
0.08075080962689608
-0.07140766479121599
-0.07064375507281333
0.0596793728299249
0.05992061688803791
-0.026496107186300986
-0.05320716716256799
0.024396635188077224
0.10723386485107872
0.1633161743705018
-0.12249401566538748
0.20363721994286565
0.3833508939371518
-0.05448713486054835
-0.19889607475089358
0.27298466610663974
0.07062639575237575
-0.045994768107031216
-0.07263349193073469
-0.00811602279058905
0.11137223991296538
0.10908157455529963
0.07624961820666813
-0.030451358240440887
0.04647003132993735
-0.005059404861133016
-0.16687421108413403
-0.14104695210409898
-0.10809055588107999
-0.13122459236113887
-0.0032474313183137697
0.006596519564343763
0.06315245305305255
0.26418005428476155
0.15536712055875962
0.09248637426973452
0.11162796919589103
-0.030186022158866566
-0.2043711656378236
0.2083801463593129
-0.11675750288495025
-0.13089675796780512
0.05683774442219268
0.2815395698405095
0.022479744513892726
-0.08108581606138908
0.06534349228911238
0.09261869383925043
-0.1612910983884119
-0.07439799756373663
0.06283105671890875
-0.2208110726468717
0.060105501357818066
-0.07155107386333
0.05157384522937847
0.06514439815042845
0.191170955733502
0.10455775289507734
0.16375690217534677
0.2543628265642262
0.23301431883610405
0.17778430651673763
0.41132349584605443
0.2600317337105603
0.44273204417705736
0.48417891679759734
0.4055002479403921
0.13196102276827784
0.2065519910407358
0.07900542886533156
0.3233087803315916
0.3465731393865293
0.005983278597325337
0.152301181649823
0.19037804943159098
-0.05064514791337092
0.10955374870763794
-0.12952614498069628
-0.027359863688341726
-0.00507475377000786
-0.029587069047523975
-0.03196017853742953
0.09515228422419751
0.05710475570102877
-0.2641628723696704
0.04292202940870195
0.14321378304825313
0.2214045252442003
0.48647457479196077
0.5212696398168852
0.7835818961267358
0.748196788722189
0.5212184884546397
0.7206748994976535
0.539734522387685
0.29998388459002023
0.001876449590463177
0.08579729992240048
0.33624346137780947
0.037104533883734976
-0.024042870926338902
-0.013433284190467045
0.2773306092226488
0.030134276990736397
-0.06336891146266177
-0.24093346678731697
0.003213003182529518
-0.16464536516959133
-0.23262521730362704
-0.18680039874392387
-0.221786459071048
0.14715270743656633
0.08465606140965623
0.03951456632853427
0.26116416931643327
0.14544006148581218
0.7295354107035452
0.3329664832603999
0.9290472004306304
0.14194781402018633
0.062349559715219945
-0.23519464148948752
-0.18072685271673905
-0.22830457474762553
0.21553342060546382
-0.15767649658224994
0.21181886930829627
0.19285377558415936
-0.09343512660679804
-0.027886077088219805
0.020298563886632218
0.021773863802261626
-0.12347373206110687
0.07756156038587314
-0.0400904175224996
0.2679198987990812
-0.15668165323003344
0.29480036882878563
0.06978750170336999
-0.0662362814280259
-0.1009952699042729
0.06448471802177376
0.24318468632154897
-0.1887639554960017
0.02101801809186799
0.44774019845864893
0.6650966761675864
0.3491857203919815
0.012275618996777064
-0.15294784955568652
-0.19872994225311535
-0.06963188244109322
-0.3090967072192799
-0.04011377887229966
0.0407423681067002
-0.18490118445701026
-0.34387235712005704
-0.34215505231856363
0.32002755754562845
-0.14218601025073813
0.14358958334005728
-0.17970503632803925
-0.06080030820157361
-0.04656355352974651
-0.002174866323940709
-0.02459821835522651
0.08729620824259099
0.0026602971166667156
-0.17189331962140564
-0.1258885799506071
-0.31693188293785624
-0.6743507127936007
-0.34354967107752915
0.33222129180789767
0.32041997483365436
0.23784586663001425
0.26446601312553036
-0.3142187446074623
0.2266196181755617
0.066755185676139
0.1660314744334389
-0.07141619114845538
0.06285099246256623
-0.15780771819760067
-0.1287833197579448
-0.2408836973997949
-0.05219781805150272
0.026406843444944053
0.1913537796163269
0.17790742665016154
0.07367206441486863
0.1309055617691875
0.006181423117273131
0.09342385336700615
-0.08482226934844714
-0.19715762537961126
-0.29879225467762677
-0.5573103516876242
-0.18339676406192376
-0.389473661248838
-0.7368757576444175
-0.23003064201853624
0.36420229226955264
0.4067317460319634
-0.08909197967507156
0.4362210171853402
-0.13368671369794366
-0.3649722023166684
-0.07199853744791522
-0.02753183192586108
-0.4471643451524318
-0.07054540063527695
-0.05544295827301159
0.0013968332668252662
-0.04898761964050852
0.34081243907580666
0.37963887679888664
0.2792493154220772
-0.18987642404965469
0.06280466694678626
0.2131432998697353
-0.027352994343369005
-0.08452963369905266
-0.2533274968192276
-0.5651567763871012
-0.5458102323913631
-0.844279351916889
-0.8978607379589176
-0.6363099077656552
-0.9178300835507557
-0.8276806179479814
-0.14075129902251593
-0.18494128863958095
0.0913072269744831
0.022521613531579478
-0.13642365949762536
-0.055726645117935174
-0.08107381816846579
-0.05644362121575737
-0.02166808082265659
-0.27727996424222756
-0.18576679807422883
0.2027219812414172
0.0771802575752328
0.2259247592193445
-0.016735380347238052
-0.11713615671722251
-0.07319112849727565
0.08151600616143133
-0.3282975689658218
0.12229523397692432
-0.1531382323090304
-0.37442823309545104
-0.490879032325077
-0.6842341473581927
-0.2649838303545424
-0.6134508980384972
-0.4287556397843979
0.15094816864201893
-0.19208620539642668
0.011132527152078605
-0.28902129187767267
0.17148843233478667
-0.07001098073769042
-0.6810433668593686
-0.5501588509842007
-0.43530521830959384
-0.5119268792033448
-0.3809365560089815
-0.5032194780406866
-0.30721946570377995
-0.10264081196582214
0.11970136258323436
-0.01091027604911524
0.02950667669335587
-0.019544930789368895
0.09475398957757993
0.021734050533022936
-0.01673896895983712
-0.2038732230565549
-0.3274525972380947
-0.04509506047754226
0.06219850419211718
-0.2798125659199708
-0.4213991544595559
0.43627877599512027
-0.11071338613302915
0.014934342940863753
-0.5246751725780111
-0.04020780628724895
0.027875215545190558
0.15847831646414162
-0.33891349058216813
-0.7983484169463777
-0.4110146513618525
-0.07441254005977697
-0.3300793821534519
-0.3065765256311026
0.029135777363767462
-0.011286159671389798
0.219155963158877
0.043005148351798764
-0.23226756965630824
0.015150908767490048
0.20149915775236987
0.03849425218860819
-0.12965580494937573
0.0042503759353521
0.16331580214110122
0.5617310995732497
0.17862793644471142
0.0010042129826231404
0.1608192741757929
0.36766478248676226
0.01976976206366576
0.2164296013861113
-0.17291150825953852
0.2031972410191567
-0.3937352520198345
-0.31024761177068577
0.562208791516076
0.45082655606793937
0.358202825629027
0.5546732417519044
0.40019243071022215
0.23271179508612475
0.4947089610113283
0.578018923508836
0.4912544143199782
0.42019484763118475
0.07858086687068475
-0.09444782943663206
0.27072999221368926
0.15535416179954753
0.07475108571069292
-0.38590215030479097
0.0190021137135957
0.3330423105272746
0.20586973377731774
0.5094424457609917
0.2966541571540201
-0.14178773996002406
0.045988764257440605
0.2796130726137003
0.19306882223577412
-0.016367208409295748
-0.20227968042002467
0.3325405979421014
0.47358724456753243
0.23995638839880143
0.5927046744078167
0.32339659374899116
0.6937360034772954
0.6063198013598782
0.382692012054471
0.7645095352627393
0.6319634809572502
0.5511962741678316
0.3306216448516198
0.3581321980768442
0.08585749099727764
-0.07476258792706111
-0.022972000638796744
-0.18358877821270086
0.5226550014461671
0.4226628660820474
0.4880108778248469
0.3622436389477561
0.4150541720869915
0.6694976038799135
0.4531012544690444
0.16637963929575977
0.01514316809109993
0.42685911386056336
0.6322787178218029
0.23253575594822437
0.1830808278010063
0.27529012645844747
0.4034699082765435
0.7546743180553064
0.674834659116723
-0.05174413686386403
0.2777371021935245
0.7983819954754376
0.3231269446880642
0.24535592644322265
0.3289019507654541
0.020668921031106496
0.16661352559306863
0.018975804483084453
0.021253749348090798
0.07115962055435207
-0.01317818276499728
0.6059897772913097
0.3893048836569592
0.18445003720619577
-0.0354476641525499
-0.09485401910360552
0.05833811014240478
0.3837170622446441
-0.12843537149513576
-0.0673505291499726
0.21883979435606896
-0.014053949996908883
0.023441230146334296
0.19183560646949693
-0.1340127465262025
0.7309242975131414
0.5759134565326939
-0.0696838611250227
-0.1648255187149049
0.46053078115419205
0.5975060572214635
0.27771099338064426
-0.010108750240107002
0.18938501923287368
0.10863924662006352
0.1880493521936179
0.10339219763129534
0.014686476183422238
0.5363530557371965
0.6568472910568987
0.5061955483010396
0.523119814019637
0.545172563985798
0.5289564217595689
-0.20889022367089657
0.26637927188428967
0.415078039292009
-0.31561784991018366
-0.14239935452515223
-0.14667488612414514
-0.012236830580945806
-0.08862696174852029
-0.1908379655051512
0.5941871529273391
0.4216805346744169
0.1861820915871066
-0.027206930445091634
0.2885633679634002
0.5531450038260854
0.5645201415808135
0.371562129562917
0.46977780947925896
0.07634017158588005
-0.03549076761638883
0.24994328405799404
0.16601951529730127
0.20487660728437015
0.4659176995558531
0.4429669610610122
0.20751618231204358
0.03285551399725854
0.5281812504125221
0.26934349606907737
0.34088990697030175
0.5171397931760732
0.22443286032601784
0.4156589083826167
0.03230917980534372
0.005247263372757136
0.10847118030521255
0.17851043718402956
0.30871114482504913
0.3391448795379328
0.24037772095306228
-0.29910553377204835
-0.13031759421017214
0.10599201245470864
0.5076848005056617
0.276382659796929
0.6332701447003136
-0.006410315625932159
0.05114659909756929
-0.008962573622744514
-0.09570337804833756
0.4610198337388132
0.3928071530469755
0.4719289237027704
0.07166370453549584
0.31194134858591266
0.02540919682939865
0.11276870476766285
0.027196822132396575
-0.26408043447483426
0.15754336014450546
0.483339977484376
0.3952345269480497
0.36375067303011044
0.07346100875556064
-0.500910212202077
-0.3886029167167769
-0.20219499271914554
-0.7356993132079037
-0.7717245224306771
-0.13143334145391133
0.306616065215356
0.9207464787505152
0.7091755490481731
0.3543463373488433
0.24075820024958702
-0.06106489766220098
-0.0068592597094279985
0.22420203971975616
0.30586377993638797
-0.04269724252628549
-0.16986762032730798
-0.24349105839435695
-0.20587478812169718
-0.1486608126811219
0.07618659606493348
-0.16287229243262855
-0.17775939462659698
-0.08170191317721841
0.028286734970227725
0.21041761427762085
-0.07771402609571382
-0.3092340763313376
-0.3215554329590248
-0.7886566119741313
-0.6127082390565985
-1.0854430233549048
-1.0903737900185826
-0.3795817208074385
0.43991679730768823
0.6866954832156335
0.4282031568501256
0.34541983485117655
0.003855988152085621
0.14522855086196
0.10753656876391525
-0.1347468244703186
0.17748439928137763
-0.11426223037663967
-0.14677794640034164
-0.6221270969357915
-0.7141575320228714
-0.28036011312425346
-0.37465751851429163
-0.6316385751989375
-0.1316009534026602
-0.42033727449322517
-0.826121645314696
-1.249725848999153
-0.807727677413878
-0.7303555482149899
-0.8855334223107516
-0.9730656142777763
-1.1618906080423677
-1.405369823047064
-1.165155462753094
-0.27901315788216113
0.6403857703218749
0.3282091373918904
0.4555114765961326
0.28351473943057265
0.06102455957718818
0.09293102371337023
-0.11259168667704161
0.11823348928545324
-0.03774457646588942
-0.23752592079260573
-0.169328949608559
-0.32764545994478983
-0.8652198223105038
-0.6004003188776841
-1.1695969983043746
-1.3180397751281272
-1.3534711060007565
-1.2185178807909547
-1.1841402136647785
-0.8703992594812175
-1.375675028360145
-0.7969557407384877
-0.8045421927057325
-0.8679474901907153
-0.8338794886699336
-1.0320431495367377
-0.9129611300637298
-0.327969857690735
0.3936560385384095
0.1184784689655427
0.3068752668264334
0.20555878770364974
0.11835240555058575
-0.16305122917958453
0.1868256910645198
0.07385054430821263
0.04421784808254221
-0.13373012556336267
-0.347524842170592
-0.4320463496695614
-0.48954577102580243
-0.9786588392137734
-1.2893191667713835
-1.093105772679244
-1.2542562529792212
-1.0496792840732212
-0.7593464778551907
-0.8751586329859349
-1.0259348134556214
-0.6587446932423795
-0.4009296782772527
-0.5968701748832869
-0.7950352125327976
-0.6068711950157248
-0.580799562176125
-0.35685399884301533
-0.10980337376096486
0.20657231350905028
0.12864971513455345
0.11677037566349596
-0.018005532107265614
0.024944894340106015
-0.048162364839823245
-0.06991855262311951
-0.019746759489251448
-0.1970525922174659
-0.06724715224081214
-0.13434276242415688
-0.4182694238443274
-0.41504494095412814
-0.7375105488251911
-0.6560431145219056
-0.6160964530191085
-0.2938357520620573
-0.5374667544865298
-0.7633406621245996
-1.0522763873344085
-0.4944094868742755
-0.5774321161688855
-0.4806942004030735
-0.28651371824135824
-0.48537453171774286
-0.4144427624161107
-0.333844120867803
-0.36560029484343276
0.18412412990251475
0.28317506497025247
-0.08460549175629097
-0.07786391011627267
-0.22462300879028152
0.12539265074355138
0.04050274603889875
-0.11851308841697755
0.1003938528878652
-0.012540469925603688
-0.2603666619455109
-0.27584556710684377
-0.13759587943186186
-0.5788400137275985
-0.13975022273665408
-0.15288000616697495
0.06551554638364131
0.05362740953126216
-0.12373289776441837
-0.21755237053392742
-0.1928962375222893
-0.20256317634731824
-0.2189197253719102
-0.2912242436988298
-0.4408569632615679
-0.4891579375742518
-0.35324119192449155
0.2224391848980956
0.10968313812485321
0.1344621674111271
-0.06897960808548001
0.177935074550655
0.023234351648776037
0.04525693013735068
0.14917093211475901
-0.009032985303015542
-0.21516980588235762
0.007832221991405623
-0.17089616782336192
-0.12761350450962666
-0.3250974052394097
-0.25428616544239885
-0.47894746217145723
0.06331238748050617
0.06562735295300906
0.015355655670218902
0.24741658118515114
0.39821633545329177
0.1431261402228133
-0.023992273707202545
0.14850848563342064
-0.30702281007678905
0.008066592927857164
-0.07927784587446571
-0.4402610052210029
-0.1609299897991906
0.11139515955027601
0.10531903398772259
0.20428079680510614
-0.06048870178371542
-0.22856087443349632
-0.11899955787024029
0.1609542869523989
-0.14817999118559586
-0.02393554300026929
0.06051640335146572
-0.0939940021461601
-0.00997834794852551
-0.08432795988187468
-0.20803392808187238
0.10690975064517169
0.02324420961891606
-0.041678795238118405
0.14504239001086996
-0.16206814967607955
0.1740247664305487
0.05746670054282305
0.142482980695407
0.00964330966705863
-0.19571033496083734
0.06320265153731511
-0.3804206985823089
-0.31685139876767643
-0.2081556416806664
-0.019173219680120528
-0.12611465909534358
0.03431183961589629
-0.2546386112599814
0.04188849370081534
0.1383606676981502
0.08576120346754566
0.07075770509420676
-0.0015853222171144455
-0.0775542917385602
-0.00675843975492528
-0.09917334423603946
0.06192334679575736
-0.22515691926811202
-0.05690744598646176
-0.15387384495280676
0.1406105779238491
0.05579772466003655
0.058764959615823634
0.08460006696696412
0.2661077586110104
-0.018707446617207954
-0.0007408406777013706
0.0937967822135535
-0.09025537420169809
0.011655558611384963
-0.24784988667622188
-0.45737069736319036
0.1328653011272322
-0.07150861934021224
0.037898244254328244
0.21568167668622537
-0.024798560302773356
-0.13943413914304045
-0.09173113525353595
0.019905566690929095
0.20493991106196777
0.04578698425272738
-0.15134149590159046
0.07426999432866892
0.22250612444814316
0.15548604223299176
0.21832742202720673
-0.1216598698083322
0.07248249359016011
-0.09223541651192145
0.1522703821290444
0.04211404008459351
0.07230567317123578
-0.08762211469149174
-0.12495004600204214
0.02179832718031661
0.11027649248901675
0.1184128431882372
0.04429644479718331
0.026729850669226736
0.10671253075350468
0.01626926928699972
-0.07018486704598484
-0.07247550711690862
0.17224049231642188
-0.2776819248729756
0.14298756548625058
0.10414230927604173
-0.13692983114384422
0.13241039722167033
0.21454845497144326
0.2752420476580317
-0.08131761662439817
-0.16069691828559207
0.23668074264596897
-0.1702049374712723
0.1828128160200465
-0.0029690157123162396
0.2163693247799766
0.21484643825775096
0.05247622680207821
0.029375295457449362
0.13510660076997605
-0.025575774809661674
0.25668677424882763
0.23492847032100225
-0.024570894965278204
0.2910024225231981
0.07221363201273885
-0.13638640917721684
-0.06158589127523012
-0.05757333480238825
0.322305298491942
-4.50923807267719E-05
0.1468990706881069
-0.14137210793816588
0.16736814050144025
0.03871908387020409
-0.1913693611697332
-0.14031328072880597
0.07958340583670205
-0.07568176328187749
0.3381985482040515
0.6211409059562379
0.22507887213037772
0.13471848939916928
-0.2841879265798662
-0.2672638512145957
0.30151714929158924
0.12545054692798246
0.28723223142110316
-0.20307736255529416
-0.13009689519909282
-0.23718919738683458
0.12492392920494239
-0.21409578939428456
-0.07370472634809308
-0.051214818255518636
-0.285854243454345
-0.10802505663156067
0.2891944807528367
0.03492413808235731
-0.0841721272754851
0.031815981001447786
-0.17666998852588806
-0.2262465191323381
-0.19531221003049165
-0.3618759716160173
-0.11119808418541212
-0.017825778742811344
0.10233451524060304
-0.24929879712877007
0.10262377718050623
0.09023014695630484
-0.003795324043483349
-0.10010009810376425
0.46892956099708416
0.09257609898302326
0.2616295340210626
-0.17626603931594972
-0.055168581603393656
-0.5494908228866093
-0.4045195250831826
-0.12180840050255641
-0.25206208802240426
-0.021251021205219482
-0.10135869630632957
-0.36300673806774575
-0.14592728560165874
0.15659878145848372
-0.006686893901011716
0.19534430554710394
0.02150150495714167
-0.20574243501349168
0.08979975581393145
-0.03533868621865949
-0.02789916147086215
0.27670147579945537
0.27813061723322247
0.33790025982895666
0.4551263620916131
0.10752442938649373
-0.15995111022473246
0.09312826728087954
0.21157366349840748
0.21107163775203872
-0.18277699749736406
0.1304647282777543
0.2960074180307706
-0.303224860624241
-0.17282355596820745
-0.23638703361496305
-0.3551150254756417
-0.11404488337812319
-0.09506628973380343
0.07316401059590098
0.013198270149951875
-0.21021704965461532
-0.03673705325365775
0.009453381522565682
0.1420716826266926
-0.3754953868444109
-0.14144226534739002
-0.15329828007799304
0.2786046449161248
0.11381739920127096
0.3478280803012515
0.28248351929353976
-0.08437510720411097
0.013810823651622556
0.09314946453347867
-0.22779115472115918
0.022933798680870466
-0.06238962509114562
-0.2215985841644391
0.03774132540940548
-0.26504390431606717
-0.0011592823882195168
-0.09499122669630458
-0.1375166108916286
-0.11927153214124735
-0.09383874235536804
-0.3178817752068827
0.12039779007574812
-0.2246374853946958
0.27210324389237633
-0.14693368872531123
0.1877059986880208
0.03055552675254586
-0.11236456453072652
-0.5543034577131891
-0.30508743438968045
-0.16362480638691695
-0.1600341885161453
-0.26426990563424624
-0.13183254309934272
0.16811076105972944
0.2152949126851583
-0.1970863990264379
0.012280192032524494
0.014454362026239903
-0.3036924782299018
0.48114560202690276
0.22489817116536176
-0.21845844317336188
0.01360869609751785
-0.24355431625885343
0.1752456021657852
-0.1789737213575847
-0.33484918360708055
-0.4275076318039583
-0.06298901484254057
0.0018227776953251332
0.3242846837413232
0.024477179382739245
-0.08310681755113523
0.3441752519661836
0.06884288429279296
0.04895615490727637
-0.34950413610640796
-0.39702443248045616
-0.27610191296012293
0.14432870439324658
0.3178280773755988
0.3877332906693077
-0.10380473673665762
0.01843625157111908
-0.45501446957867553
-0.24269414871239395
-0.22343235226774424
0.001870019191504554
-0.37699472901261993
-0.4521230712695599
0.06436664105718491
-0.4450264557156245
-0.0969563684094951
-0.20195291011709798
-0.49510907863616893
-0.07379509104665435
-0.339595138519502
-0.1339726365388242
-0.2091152738070529
0.17101400466213149
-0.07385904025839328
0.2192886659557825
0.507831630447166
-0.07001010321902246
-0.04864216907057557
0.1453117056964116
0.10199795121817698
-0.2171623423206136
-0.2712140103583905
0.11959888419951342
0.029626602170118848
-0.05634276119159745
0.45712698478829045
0.1177697000871838
-0.47552954950259296
-0.26430124670875915
0.21775695273097437
-0.4576720667117724
-0.04890697964593786
-0.13050065291171156
0.3139354805184876
0.14490119441299232
-0.23006000254104828
-0.0582310547450112
-0.13335545270959684
0.07338184053203092
0.12192488115878593
0.02723634154477642
0.08460309079233054
0.32245744842640006
0.45482350567716606
0.610105657453594
0.7633038449945247
0.6296182153520766
1.0141547097670747
1.0044723653241796
0.9661769947841503
0.6487809554561632
0.27553490245796974
0.04595856353878943
0.31339833572304954
0.06480295464083198
0.5088058812514532
0.5263713828158048
0.05542509545915855
0.43814627691274305
0.289397333437968
0.6248294881681827
0.3491562926669909
0.2056211470969736
0.33659041611686563
0.05156837554752661
0.171958379970674
-0.08697679244270995
0.07493978553922165
-0.024724754344122496
0.07385865437225217
0.5127190244035403
0.37205810645670684
0.5825186436478319
0.42046558088389596
0.9695799278561742
0.36005571707862083
0.18963892336206312
-0.5243201566166247
-0.2510943712535518
0.018280523943718274
-0.13114170616364654
0.24609543021942348
0.42162078892701527
0.3032962804975417
0.21872612911022266
0.14628797924785503
0.3558334659010646
0.14495242254652568
0.2301207150314816
-0.11478872151444297
0.13474127305612665
-0.057874034239140684
-0.17706314054893188
0.18560555804704104
0.11755647611447272
0.16272735008465652
-0.054313724739742546
0.06884208190810583
0.3226869154858087
0.433934890791408
0.1978794353338121
0.5277707359571958
-0.27305196890474936
0.016269251313907024
-0.5532906339455789
-0.6931666449784392
-0.5376247003869044
-0.7724514509098571
-0.31683639473516434
-0.5087667789689477
-0.6144574320976317
-0.2662403889813494
-0.29145745990571087
-0.23163072286241676
-0.20158896048997704
-0.12717703430554558
0.12213353293836535
-0.04191209232101115
0.04938125008986481
0.11669564133585421
-0.597385227646677
-0.12891116188904217
-0.05456879433657505
-0.16082438766243481
0.1054926973812385
-0.3388849639572364
0.043786275842639076
0.5891923130479124
0.05152048399017733
-0.05856260544381723
-0.567831264662535
-1.1287549942605122
-1.2148037115849422
-1.0068381676835811
-0.7038607430072596
-0.24923836011524417
-0.443941242485181
-0.7250147349709489
-0.3731415619511946
-0.6377204769167044
0.005518368439777839
-0.13468897627951254
-0.20389399433676975
-0.27229544121014854
-0.3655053814051507
-0.6176510101008129
-0.1396093927037682
-0.19338724209281388
-0.40160240233659594
-0.03379709825036439
0.08911521548407587
-0.07082237156267054
0.18989446952331743
-0.5681550832825062
-0.2717265825087829
-0.46026984361963447
-0.7661440597152182
-1.680350750767483
-2.285715462440378
-1.7742836958056998
-0.8156152903222788
0.11220977738761001
0.058398344918919376
-0.2405631605452471
-0.08239715428272681
-0.43002571778632676
-0.21797682402282892
-0.48844624245286955
-0.1296654749530479
-0.40555710326254324
-0.43885271624497
-0.17832146048667685
-0.36249745802200317
-0.10061076555919335
-0.0791749005940674
-0.26162234185468536
0.08174999862084331
0.1184420345691686
0.08780178849868643
0.01052883917331037
-0.5352913289520042
-0.91409960345542
-0.7339445323335797
-1.7517416080949206
-1.8810726210499653
-2.488982180326913
-0.8811035671051158
-0.13858460810279563
-0.202300714372873
-0.40998167154339077
0.39903602503484736
0.08473962040944123
0.16114539606672532
0.038694561667100245
0.18670557605062607
-0.0024629727517899813
-0.5017527409011688
0.11621766255768184
-0.05720526844679188
0.14066180781939658
-0.18134888494321516
0.2665537210878535
-0.043781548760346234
0.08021820701823452
-0.14994662348815685
0.1839824115530713
0.026755585471740735
-0.21726433599966247
-0.3193317314361135
-1.0648479899490468
-1.320931271328616
-1.4917073304205357
-1.8340971488093691
-0.15695599791140846
0.458455088649343
-0.3381059926968296
-0.016474413012081243
-0.2997683529542073
0.25776075038166424
-0.07147421661213953
0.2522371775305571
-0.017552934609421075
0.3663612922732062
0.17728606978712802
0.20372622273382981
-0.008583237396745982
-0.12263878509278532
-0.2168171745091772
0.14965356631282442
-0.30708586420149786
-0.11434185219133462
-0.05862539203637288
-0.006291573701625361
0.04682577103343424
0.07166091546288017
-0.06556603897045425
-0.49708957680065774
-1.254255295549153
-0.8425723358865386
-0.9754330895625438
-0.4591594373244082
0.10881716639133679
0.1838817813870558
0.6602358343483492
0.04973872882001196
0.2247927086520421
0.2271922084523959
0.07489230948421709
-0.15002581113483748
0.03547608345126523
-0.1769402177083468
-0.23337194750041212
0.17984132496172509
0.03702699381682341
0.0365709164673609
0.32722144583365925
0.04582974197577819
0.044519991287839275
-0.11705623965274375
-0.2849719334245428
-0.3677510155575406
0.23785294729862108
-0.24824400318508388
-0.17617789210656928
-0.2401614942510193
-0.7459022040991485
-0.41635184810727804
0.07966204040304915
0.2948859781438373
0.40012545942461536
0.1310319776175222
-0.38810608410854347
0.11415266315022181
0.24390229403589478
0.022010644043305928
0.10407438524426209
0.18113456544769094
0.25341685270266
0.06605687511310354
0.13732027029323737
-0.014471766289278841
-0.28078984693352804
-0.12314120414588521
-0.006939872637030411
-0.4289270226669408
0.13410111662594115
0.055032804086171276
0.2905752671085359
-0.38362928947412445
-0.011814369852010734
-0.028145347582852583
-0.21412583307105643
-0.3968977285224394
-0.5105108912366983
0.06282962749437515
0.5576168956339085
-0.007448564138073588
0.35668002491083106
0.32601799998146064
0.335485466023143
0.37624556013405225
0.3578726403559268
-0.10971658328434362
-0.03518786863400986
0.7391168329452598
0.08212215420866058
0.42933984750399984
-0.17696606573877563
-0.4047626834369939
-0.1529268414627752
0.169485400597459
0.2940684035172303
-0.01638213803843794
-0.28896580893104773
-0.004874535843009663
0.24176368615259744
-0.3019285670849969
0.1926232544259637
-0.20056297081032048
-0.11411951689528269
-0.2241800398402814
0.10568924786414778
0.0137003102460633
0.525835337797113
0.0038186708055628245
0.07420746081309733
0.33835358755914813
0.15353523297673055
-0.21279111328583464
0.32171697850794756
-0.0398521023475093
-0.06355855469590173
0.5254767192420707
-0.40001647325915185
0.8328879883481266
0.4005015967645552
-0.05006897524593882
-0.2789556666878374
-0.0756795254204802
-0.20589613389004094
0.11088873921190225
-0.49551070839827493
-0.18318478311580644
0.186422260436316
0.1265962292193406
-0.09421615529456781
-0.1326865809359854
0.006521922026871694
-0.304059485054722
-0.174821903075103
-0.49360671291164254
-0.01675613606077599
0.3697934155422151
0.043896088199007074
-0.23818476033031502
-0.07476739576201762
-0.025056141520039595
0.07326273104177067
-0.18354817809816285
0.1609502407260258
0.0729103368177412
-0.08369939520277561
0.09836524990727215
-0.05770829239508647
0.05387553783764982
0.06464329592109308
0.47739574211970986
0.3498738612024885
0.0667533187876337
0.07485981375326019
0.1302909176039612
0.08712084251416466
0.38117196481015814
0.052173589608487204
-0.21202120015261136
0.042939325656114594
-0.20661921329494393
-0.27834728723584556
-0.27221730675988837
-0.29519615499129287
0.06432995419060905
0.09080761796001756
0.10398423763364603
0.2953539206410466
0.3639581719304621
0.25331887732682873
-0.1923603000214559
-0.20238968760013762
-0.4376690752347459
0.12215929481356284
0.4563320070371371
0.04069240103266919
-0.04930243475826843
-0.0437990960199068
-0.14359709677034785
-0.2055728800583028
0.3789686954331793
0.10605949151117579
0.03884988000147244
-0.034419187744913926
-0.20667534734635307
0.13427537073818283
0.018210590370246523
-0.3826821914936417
-0.1821432790383566
-0.16221468481655232
0.1725626924573548
0.04571733783148631
0.39243856590591886
-0.2134638159696117
0.09929036276304676
0.06061125136934372
0.11172137926839264
0.2065407197361933
0.013322332874812019
0.12147998536874512
0.23576285950994308
-0.20907760342551876
-0.18802826283405796
0.06898529027036819
0.10906436816577394
0.2323311574327569
0.23804134200290847
-0.0949962854174176
0.18949949001871932
0.30172865031710033
-0.03928932316951178
-0.13029169830376394
0.15362366571456093
0.38263932513298
0.011855231744507042
0.11644968247378501
-0.034722193134803465
-0.00960789575590813
0.04966799110799448
0.3539615965983251
0.11950467197981263
-0.3269361642283975
-0.2154893293096151
-0.04996852403693981
-0.2132466430859201
-0.42449343549051627
0.2972005927206821
-0.30889613727112136
-0.3799087729539757
0.04512759302839848
0.49449298365249167
0.11308249230940043
-0.056186214253950144
-0.019668114163552724
0.3076180347856616
0.2447599960787604
0.2821298638159419
0.09639280241429944
0.06120565408186162
0.23945177824388802
0.1779603380939078
0.28635366915276905
0.07100285002330967
-0.18518629865451272
-0.305132360993781
0.07904747335560286
0.06515093118853414
-0.06881380311550331
-0.045997501907888524
0.04828306576629824
0.3557350019419134
0.37809201753541255
0.240916165445279
0.3700847822246977
0.2833790912123967
0.3339785492882772
0.06579420016804806
-0.18872461878421673
-0.13224798693939996
-0.2517138951305484
-0.05411240110300634
-0.14647980706885091
-0.05982076201810139
-0.01618989418700383
0.1528945409773721
-0.03929984263727092
0.128123444081423
0.11308460416846415
-0.047335290578701186
0.19595016440195082
-0.10200716974880009
0.019436874191019565
-0.2584552381409712
-0.25975006987266075
-0.3944384012410852
-0.02706189060598066
-0.36567324989957556
-0.16946437371561457
-0.07770036865703034
0.1804272490687193
-0.21987876720652366
-0.5344528546831968
-0.021527895535954022
-0.5184974379646998
-0.2686368339380581
-0.2320441593338158
-0.6214591961415697
-0.387283006296322
-0.24976532517491057
-0.13071081436232426
-0.06272579645300529
0.02966845322222055
-0.11639656472059395
0.06694144495960402
-0.2614669799263579
0.11939380270243793
0.15558750114875056
-0.019869262306182325
-0.0010145774047654928
-0.04731331137177835
0.13233136513714064
-0.031291960964949676
0.006045609257202472
0.3268545089530489
-0.12209571347786145
-0.21932707545454042
-0.253057992503909
-0.11351938251601643
-0.23167726978218725
-0.44200611457863875
-0.31986271664162685
-0.14578606367041322
-0.35728571222368477
-0.431556534540812
-0.4475076559768377
-0.25222090730851227
-0.17922122631318513
-0.2820930105994129
-0.05075512643484422
-0.15437664946676213
-0.23748303364540022
-0.2834141673615568
-0.38417923250122904
-0.16875884491470436
0.210787078257323
0.3237101479419241
-0.2490478055177207
0.11701135969936172
-0.048775049167676304
-0.12044338351513488
0.013389148790450294
-0.23197705825546117
-0.2415196699830693
-0.01922602821329221
-0.25841472769839785
-0.3960357885686311
-0.07526483312151175
-0.055745340290991895
-0.40901121149159725
-0.12188811866018777
-0.5824624016551492
-0.47844152035178183
-0.3144983183006777
-0.07312451302830743
-0.25297683403571397
-0.33394595172507907
-0.2952046040821294
-0.20295118420035277
-0.11815365445204558
-0.030290721499780814
-0.0059167900252368975
-0.2866065696874366
0.11961532462581997
0.17305113851991993
0.06551652862745601
-0.23187247332115235
0.18573963732351606
-0.23089925813663673
-0.39201320268697176
0.03434480209695879
-0.09908618291938169
-0.02677827622794777
-0.1370788850383459
-0.1690392160539007
0.25738866432895535
0.006913306450061013
-0.024142379471724772
-0.26334287679109775
0.037981396198508335
-0.079777218915582
0.021577476668609038
0.03193426653020821
0.25521297986630626
-0.12491951392950727
-0.06661818625851405
-0.2470492554936271
-0.11872482807002571
0.005441268044390709
0.07677775486328725
0.26274565186598414
0.12031080889092803
-0.08518152573849876
0.06191573236380433
0.2184300500092502
0.0041082025394180805
-0.11447834810633474
-0.0357721479922476
0.1305463252919717
-0.18893355097386547
0.140046727428685
0.19460960165309438
0.18930630798030626
0.1384532048843821
-0.16556389203834002
-0.08401203450842884
0.1915418929958217
0.013529455830586764
0.0026857519746723334
-0.062032763656075095
0.00506323763173744
0.12834871809462284
0.17492285543834696
-0.10055328042314036
0.0026727275694676204
-0.10213058324314628
0.015841830845056845
-0.32475474387849007
-0.09261304647072338
-0.08492578603157246
0.03568190624414546
0.24679123869727443
0.044386199813195894
0.0712347735196494
-0.12976861211789698
-0.08731107612891027
0.18001080386119192
0.1442864762077617
0.25950184107421254
-0.02912885571080807
0.23402714820147802
0.2744385820134388
0.35328172963974225
0.2167297054524623
0.4067565370340802
0.029601973989110415
0.2598711112408669
0.02684008247151043
0.21091215225191662
0.13023560632453435
0.13162555280426322
0.16801930434485723
0.28390898912850004
-0.005230506603031887
0.08724069658521695
-0.11626742658655671
0.2815232130597116
0.056212926834701415
-0.10925608648924014
-0.035467489962394204
0.06663705296910742
0.1432398241301433
0.08423351605270266
0.1022559369646647
0.021748753650882344
0.3808360521276426
0.4393188075884841
0.6079093622578833
0.4881424243720255
0.7140151855884019
0.5747595400545638
0.403894726134506
0.18747111971281713
0.3688816277278567
0.2534488002907208
0.24934261337171848
0.2905113392595099
0.21617410395269654
0.031748832597712336
-0.3568139868498906
0.08067588410956807
-0.20417381531937825
0.13790926978725632
0.12927733590816368
-0.0670415345495187
-0.12517189078234475
-0.2119650109312377
0.10842159626373918
-0.11641727492431035
0.11419717910542039
0.4594915784580368
0.011270214601178661
0.3748366489843556
-0.03275973989336306
0.22318904593162847
0.6906489229768641
0.37071325862599536
0.38669673503416985
-0.1658586496513614
-0.3605514820907647
-0.3521605899437055
-0.18542040089857037
-0.23663437310423532
-0.09653533936474022
0.05777055446806705
-0.3355740814827654
-1.0153406475439013
-0.9120905014705438
-0.4561678520348159
-0.21223369052208016
-0.34364727066860795
-0.04849846902953865
0.04513274955664271
-0.18369641256715533
0.10555537375751545
0.10872049513881686
0.16158766923928283
0.1268345602820897
0.07613641358727284
-0.3671493763383657
0.37069054078527164
0.014649687613972517
-0.010890027594231978
0.5387339029451949
0.13317481925731461
0.2533829210717152
0.2247665054006694
-0.2056724206994956
0.005652681778847605
0.4080594343470507
-0.05328190356046668
-0.2676069820155115
-0.6323172477652192
-1.0841756291635458
-1.2319337363982574
-1.06606930623375
-0.62211861237652
-0.3300820656443659
-0.36119554456774683
-0.44828832549706515
0.049495136959567955
-0.37989124558235515
0.08680756548374668
0.10173023116184207
-0.060971971904175574
-0.020136938809592147
-0.29934574072438047
-0.2564714254431893
-0.13835219009635746
0.352311463253909
0.4310540122064214
-0.12007626306169568
-0.36510123595746624
-0.2800644328550834
0.923479646414673
0.7448502185477984
0.4685834518201748
0.601176130897818
0.4659642590670952
-0.17186327518994812
-0.5872166451906135
-0.7714230243629553
-1.5830221111805491
-1.5377259992042964
-0.779355358833607
-0.5631263416188663
-0.3966524218283399
-0.40179158739664944
-0.38690374494803265
-0.005967194782856804
0.07084897421654372
-0.2871862257763686
0.10864978506886595
0.15125846555017208
-0.01206085025220263
-0.20269018005493544
-0.15087332987238752
-0.16609213266405498
-0.2806037620859144
-0.5533395713378776
-0.6056628078401614
0.14793295601433762
-0.529936923123097
-0.32938653089452713
0.4404738491146952
0.0761388344296247
0.453785375985321
0.023115690688515714
-0.09857196513930064
-0.4425968267740824
-1.0398342996383991
-1.1599515904828506
-1.6961494083850395
-1.2677694690006154
-0.9008474907435601
-0.5031230734792868
-0.44721850032507854
-0.5078119576007448
-0.13850313313363502
0.2745817268014188
0.17823660724597484
-0.23248504000665549
-0.38065719412664445
-0.2479295069742481
-0.029527416427744205
0.005731900685792181
-0.11529396125936232
0.2868991621570206
0.08165490369458872
-0.2850955831054033
-0.5660375687395529
-0.32140364273374533
0.08733387365339902
0.8963827175575707
0.31308693673735716
-0.02575615110685051
-0.15677590441681832
-0.39210236686314837
-0.9057849690662683
-0.9339552481638193
-1.2722542819667515
-0.9754782917540323
-1.1091695518232563
-0.9490677179085087
-0.46328263112811463
-0.35709230617738985
0.06080102129800896
0.05458513002871817
-0.057381717847467054
-0.01824213970800988
0.2379153819554676
-0.4088845529709962
0.1421113059491888
0.6304747620573863
0.6207354128745082
0.2800834835616935
-0.18691807549928366
0.12879657336814315
-0.17119620882546402
-0.1535024046370053
-0.1963395511929752
0.6584021908902203
0.9185001266732701
0.5118318284370299
0.27583681075172306
-0.06518408222133351
-0.09573350847963973
-0.004410844874941631
-0.4116264776047751
-0.4290117631532342
-0.4920498043617984
-0.492840732262589
-0.5530092117655885
-0.3270152646913596
-0.37974596331442834
0.2265354894913736
-0.14832593827304297
-0.3589873231670304
0.3017173186537415
-0.07676568912259056
-0.1473980550099583
0.3193923352322329
0.24100742853198112
0.5436605044556828
0.433958765376215
0.3357619589811618
-0.25038405374765776
-0.23754073327764194
-0.016599992428403678
0.5895499039376417
0.8135702327700329
0.8498647804459369
0.6821786431638546
0.739011284963255
0.24155654645986382
0.40190601830084804
0.16814172843118805
-0.27693018423124344
0.007924595044671155
-0.06413519872739112
-0.3758502054792223
-0.19611821507633675
-0.3228131243330765
-0.004557277570938821
-0.06171024202934185
0.025084525683989112
0.2173635375270506
0.35915523153630163
0.24632000505274912
-0.5022473743330705
0.23849059409550438
-0.05503354076319654
-0.05118356972340545
-0.5666721733716636
-0.2999052501684203
-0.10497480989610539
-0.05488781745935678
0.09385296805641623
0.21509096996082738
0.8973513998578995
0.6350595077013952
1.103552225574672
0.8019588437737639
0.7335188206805017
0.5486580576612013
-0.06245338673485703
0.17026523418840936
0.05063884715455195
0.03145485496684423
-0.20720763186390068
-0.1300709152016331
-0.07059926193238525
0.11077037930419732
-0.19198151115397202
-0.056492501363779035
0.5013362489459243
0.12159084588757937
0.035741620002353286
0.051283248163444095
-0.28740089358153204
-0.35601660368801435
-0.324770335992992
0.19317315786291175
-0.16831049294456712
-0.26409738374311265
-0.3111712660943413
-0.08178378583517476
0.10328199762365019
0.6527014082552335
0.29882174474891193
0.23683330505200234
0.6726883181498317
0.22231511766554823
-0.1155791121942096
0.28307435032623085
-0.05958465583547258
0.2790798327793533
-0.007211780863620934
0.24271695793267042
0.2676975940292327
-0.1282142695988819
-0.10703399247255836
-0.05812739709487338
-0.03342575929189754
-0.2514482049834702
-0.43239225967628453
-0.10098643681504271
-0.5537812823211827
0.0021692774487760405
-0.19033624502624205
-0.31878467296556506
-0.28565716234416316
0.197345750525274
-0.24172034080748017
0.1502082263044513
0.45620581144805905
-0.0747682359490732
-0.28745046221268883
0.31097240119310327
0.23514478998500302
-0.0085886494260482
0.3108430098527143
0.14233504715526968
-0.0340458598552203
0.3879816104766631
0.032825507503652186
-0.019688925261898894
-0.07870255315808454
-0.29566639472977124
0.03929584535136839
0.14199432541909793
-0.26454452526711847
-0.01872476366077545
-0.27076180131219324
-0.3538402356035114
-0.13071380378524494
-0.32343869013083504
-0.16705226039403434
-0.14450323821185954
0.04865313177707633
0.14602156097865202
0.2381569304195633
0.19837978218077074
-0.2362773195543965
0.284066600329762
-0.3994629532191322
0.06698261350540234
-0.10585316794144284
0.2877074346670069
0.6001504926620245
0.06314954548152872
-0.12824751509620658
0.20884293696762968
-0.08529605011038097
-0.004563180168448649
-0.041491517062544066
-0.06393889133298061
0.009613689799890551
0.09311871769132982
-0.055246144647768045
-0.5453570924413587
-0.2767673655547437
-0.06587795509421975
-0.44721906779466924
0.2051181754912572
0.07637988247388684
-0.15494053577166386
0.08095502183483509
-0.02246305879724378
-0.36548847440943705
0.09438501321908091
-0.07613080798752399
0.0854811078788216
-0.02156522985376661
-0.12731265582278714
-0.278072751700735
0.33873176039489494
0.04869403549311341
0.2970128713416317
0.2328350774779065
0.05375515012071559
-0.026589929148093747
0.13729758746657342
-0.09402249342038385
-0.07838388962077285
0.07882607614991528
-0.019219149768468526
-0.21437158278305235
0.07883802693386048
-0.046811003965130916
0.10571364034054544
0.11012598643172274
-0.12515103317728996
0.15981813402155284
0.2778176238894877
0.1641137527776571
-0.23698306568196364
-0.32375693407914496
-0.02632930084126267
-0.23713424829189367
-0.16745607770232812
0.010269345061620368
-0.30286945067717463
-0.25667445451232185
0.12754308654999555
0.029656396923279024
0.08468887247136693
0.030360542391358374
-0.05601357167968932
-0.053137739300597286
0.05290158974487859
0.11844617707950342
-0.23923935721370165
0.20941692899604097
0.08944635557285692
-0.06938728516119663
0.02262804978582485
-0.23337382028713655
0.37245825492169626
0.24502643311412706
-0.03246029000760195
0.004263605556519414
-0.08179548103127371
-0.06649785774065164
-0.3109099598993035
-0.11506863405799479
-0.1020283338982315
0.0711260704518945
-0.05815313134096202
0.11930273496415117
0.16482169933124072
0.18880686818777764
0.017925997168660474
-0.015550649611475035
-0.06802221233723482
0.26126572433185463
0.06265552338067726
0.17903023931465747
0.11604315950886912
0.1511069482996878
-0.055740896527098585
-0.004947541175237348
0.05076949465993116
-0.03190004672111362
0.1366607192522067
0.15831123636752245
-0.006107934672552557
-0.03642982741506363
-0.21461819467961185
0.08694260252990735
0.10588811599447978
0.09650884437249144
-0.07035823326113076
0.33494543470224
0.05196509245209654
-0.08702850754621427
-0.3800893154218925
0.048953339549662495
0.057554028642556786
0.4676237341307714
-0.3710572913193709
-0.21546793045787543
-0.2647519875693953
-0.08782744672470627
0.1389057032097986
0.002057125942760223
-0.10429698454771713
-0.27091568107301145
-0.04643481260980613
-0.15031958137702567
0.0645475621232147
0.13927289852085345
0.5932149624018062
-0.23352910597070237
-0.15743963862879679
-0.09176323440763064
0.19888197316972647
0.35891140194324755
0.3532909157070092
-0.19613011458147084
-0.5834205349064954
-0.3402089095814518
-0.45820186797842494
-0.142675025386168
-0.35231140857797766
-0.04259474147329477
-0.07914810461899605
-0.2879457310336939
-0.2044870871102067
-0.3654881446916911
-0.1709166452827799
0.10923189379788815
0.032711059363689995
0.05036592798542325
-0.0860755820002409
0.22977625467508694
0.013890640029224903
-0.09391463553672329
-0.08121200658456151
0.15795328481809298
0.37038952964151606
0.02133408613430532
-0.023312755013336364
-0.3443440600111378
-0.03448932346794003
-0.03771055400192814
-0.12749844088092813
-0.22234876617566207
-0.29516117368155126
0.06382418831490953
-0.12062227006869267
-0.1356338530465891
-0.5471687616138654
-0.3525923960193488
-0.2425670755569482
-0.04775393908242895
-0.10461038600302497
-0.505383838315933
-0.7705694075245223
-0.2025664701741859
0.05352528987369459
0.058770581298939834
-0.0538116771275425
-0.008173344864805235
-0.23253587195823883
-0.02257731654953952
-0.08249019923447817
0.04579947720555818
0.3340493147415036
-0.08618703051774396
-0.1591226942911296
-0.07908468250028322
0.004377493570286959
0.1529198755591586
0.1867055222748858
1.181658857716587E-05
-0.4415235212979319
0.40401065685630266
0.05510970124849136
-0.2036199352399936
-0.21122892212488467
-0.22014234713045674
-0.25078247427441447
-0.10448600633508034
-0.15585744436003082
-0.28111065384208805
-0.2895330008903852
0.10210708254716029
-0.0984897032516868
-0.21891309297332515
-0.15088428278556412
-0.004434665802537117
-0.07542549303066949
-0.022389472779525514
-0.08986003131567635
0.13739800617773695
0.1123601849648989
-0.18837132475092389
-0.1423664548527937
-0.11109302906759166
-0.06735755304947882
0.09219970096680187
0.10961391787448903
-0.06396857256949576
-0.32395169081370373
0.43950203060186105
0.21287468955731484
0.23181534799334794
-0.10147753143510022
0.015865996676898694
-0.0009598565812291606
-0.29933643655750775
-0.06783501738912992
0.14126953993050775
-0.24510494191504728
-0.14138050741890687
-0.03565305063354521
-0.04259591721967132
0.07381910701719958
-0.013298029686679548
-0.0882476720372419
-0.27624103251575366
0.017858925855628763
0.14030085681554472
0.13556512546351984
-0.13793486922230566
0.3331435733075595
0.2879056950974799
0.058952366823320806
0.0908847065162448
0.079093159095028
-0.30186907056007184
-0.3060473153022089
-0.025631890063868047
0.015026285214730766
-0.023944116729849328
-0.16107809597981473
-0.07858477824056462
0.05550192690838332
-0.3404449676230998
0.40687637269703053
0.1130258732788602
0.17888569111979266
0.06593794556138122
0.047319267640702926
0.003115538992167096
0.025523828037575833
0.08981714512846535
-0.04061415029784276
0.11421268002472772
0.15475335953468505
0.04722445592592649
0.043656859523707785
-0.03539218749302287
-0.07538914942872954
0.047110418301856166
-0.23142387580809426
0.02935298363480224
0.05459092081706723
-0.17894905145770054
0.3782166787954063
0.05635249718317778
-0.11925498611621554
-0.3266114292355277
-0.49177515563796875
0.31002186006526244
-0.07688019203971289
-0.07202378395346197
-0.10664777687595568
0.3853389048836831
-0.010001379431594215
-0.02584892564770683
0.13586571788908533
0.196493547413775
-0.20959560630359517
0.05372739025885369
-0.10617526356043264
0.0896119072594285
0.05110683240044732
-0.04394836966369003
-0.1873657403383653
0.049188235394288696
-0.13569143404136055
-0.0048261903160790555
0.06420339458768722
0.1421603637168973
0.15791429330479406
0.2924596156649969
0.40999507387026396
0.4096701735224805
0.5089166914267461
-0.035494324630930454
-0.008304219357067207
-0.025821966036275058
0.09626102432457084
0.78752870694133
0.33890815831688714
0.10557083843263794
0.29226757581343543
0.06302468329321353
-0.1604531065120454
-0.2716835769801629
-0.21293419892957383
0.1575438053225415
-0.2821449974303837
-0.040123735202109934
-0.06668063377883578
0.12410568834116113
-0.07902418485231956
-0.03824025350172077
-0.1368938421667747
0.06653856144637031
-0.062148076976960315
-0.08943896246061737
0.1898376196571811
0.20668313951225573
0.027717300329708164
0.2786089707797892
-0.025048335173826555
0.2719603583096627
0.21368994281487064
0.34158483448764915
0.457172071071427
0.31104282831497226
0.07043212104631143
0.25291072267056397
0.2976077266322832
-0.12792466676561748
0.0029431301512844055
0.03026284349637629
-0.093306705720493
0.12391699680497455
0.1570589827361507
0.0722148228307331
-0.14891296112502125
-0.01958617911700236
-0.055161294611083954
0.00265203297151273
-0.011262109054212537
-0.06829835986631815
-0.16891570803309877
0.2014755194132194
0.40843179738898266
-0.07232551756749245
0.3097642631088971
-0.00012751109590747984
0.10177571309857329
0.6111616360511821
0.16317206650906702
0.118746504042999
0.2541077928761971
0.43074446464056027
0.2643108583655695
0.15700501504444106
0.17192521671261107
0.02591939818104691
-0.08997558409471568
0.012961732993090927
0.12704010153326248
0.16196274102581312
0.20011647471638977
0.17122826544852265
-0.05032892236676917
-0.15724105631735383
-0.1001372939705599
-0.031143799825306427
0.10879087839007692
0.22351002354564437
-0.17224534658044766
-0.030724397705796033
-0.30093988348759904
-0.18674194361082008
0.0655211440747194
-0.016018473477883984
0.03111111013205398
-0.003370239120499042
0.05636416201736868
0.03682888470482041
-0.16133582749268408
0.0339871941634345
-0.0830676879856066
0.008413236077910892
-0.23064671059630396
0.013905798614780506
0.08328644411395426
0.09298826728560952
-0.21338904511394005
0.17011126845529223
0.03786152117367901
0.11941734498470566
-0.11120094004717385
0.01117987152698578
0.05110698767894984
0.02432374506875149
-0.11858441618391559
-0.10005156005403529
-0.05193172477601814
0.12835808518712624
-0.01643058672616731
-0.004680627900893796
-0.1406842880878101
0.09466105431169371
0.10164381881454822
-0.025202457724886235
0.29047500720682545
0.13485772608260638
0.0938619344968809
-0.08167613251039946
-0.007210389164730436
-0.09134096577623707
0.06545409689304509
-0.21677323134843465
-0.11236467122188315
-0.07513418105237996
0.016569477415236778
0.13626104904572764
-0.00611909775510328
-0.07572927757755056
-0.017756309642445886
-0.12477977766905324
0.053988385170181674
0.11984256865312608
0.24773463297265624
0.2638407693582879
0.15088177000563716
0.030298230183301394
0.3933559330337116
0.15753215275427424
0.15609203019020257
0.37892269386191957
0.19536941102854127
0.14539675962424223
0.15340009039645755
0.3239278732900538
0.17368424736603166
0.14819754578407246
0.08275246166649321
0.1285687611881435
0.07971061102770266
0.3137087488216169
-0.058729385383269696
0.0036223615370894278
-0.04049761982507758
0.046977387430258914
0.12954817613417238
0.03724438175188788
-0.06017994573378411
0.15116911209359551
0.1474783282402897
0.14056456307320572
0.24953259151021062
0.5318117986869286
0.20059656099703313
0.6933401919951948
0.41874541628142203
0.18355693167714882
-0.14982824098728684
0.6299402452584636
0.5038338991197769
0.22011858287917113
0.17316522795499031
0.32855704103771655
0.3328571455252176
0.14250375702279722
0.07653412331679607
-0.05529538873834984
0.15075898485193345
0.2784581283597887
-0.12634291767733882
-0.04476926177572085
0.01841647907849164
-0.029799428036096358
0.07044798555040174
0.11999309381422846
0.036784201229529336
-0.24332635307638334
0.47456637553250636
0.1164877824338683
0.03216397223589466
0.28776839387379877
-0.03089343684280227
0.4409605075265131
-0.09948412660049569
0.39645659154033674
0.134582526633259
-0.21934631388360096
-0.12301039372382362
0.2782230598977536
-0.3012683133195934
-0.23442816392100582
0.21617755665552593
-0.028483093590088084
-0.033405007940239845
-0.1942025239085474
-0.15941728343641237
0.1520963892675656
0.04678435828019493
-0.1811765415670434
-0.09851779577713449
-0.0167961194666899
0.0453346690280731
-0.09149379302479273
-0.0868530931434502
-0.09123316855765486
0.3342018097385059
0.10151403396285327
0.16036861493051224
-0.3759880160693664
-0.21294502954043934
-0.3374896705668271
-0.6245250232511651
-0.25894675985019283
-0.4332715192490393
-0.21118222670615194
0.2964666746170578
-0.0713484701605621
-0.3797066316163199
-0.3848797458096377
-0.10214050441829949
-0.02775003102562729
-0.054862300740654006
-0.2518845407333064
-0.20699267755057557
-0.24396237694553513
-0.052422841357332994
0.05984985847927641
0.11622408086725514
-0.03141326138993797
0.06830417812525998
-0.14745414252277755
0.05739345051274152
-0.05757150541061756
-0.2872469658790063
-0.06013891114401489
0.46905462634993467
0.28227791919422707
-0.031575474491610286
-0.49583894966945863
-0.267303650474712
-0.009713791368491707
0.06189860536680246
0.10095221303579978
-0.45331488102801354
0.233779546322469
-0.557011017892494
-0.1740566453772217
-0.08387000541842635
0.03879056959968254
0.04761554487395018
-0.09001850268041983
-0.19007239819380284
-0.22736881572375198
-0.41537295520258793
-0.035324139837069876
-0.09804245721550482
-0.11178288528390906
0.08132881253019078
0.1892744929382273
0.13735564565879196
-0.22718018035648763
-0.6589712309501448
-0.3895852711266025
0.05166371292624533
-0.09733993991804363
-0.4462260693681475
-0.41973947233238773
-0.572819037235406
-0.1547673884108369
0.039316451332749296
-0.12375154142622338
0.17078886498639098
-0.3187756035526947
-0.22822684732395396
0.03642490809373731
-0.3778565797505993
-0.11879121065458312
-0.24487449232353517
-0.07988607412172095
-0.4051779330951658
-0.3473644492899955
-0.45157989737763593
-0.20861325729214233
-0.12086986288791232
0.14607996385221486
0.1214949760307636
-0.05717717023168135
-0.14830965532619064
-0.1930162373159418
-0.5762196611119369
0.42084248310859584
-0.20744638298059417
-0.020360137140573827
-0.4888393355377021
-0.40073445544827185
-0.3079162489423251
-0.522696512334842
-0.7781744665718286
-0.26560633152072943
0.5686582048708703
-0.14285015374796517
-0.3034934277413563
-0.19533522315708438
-0.18979497419969651
-0.21554536471284624
-0.24004070084751838
-0.39142153504877014
-0.3106196581974274
-0.3426099154597485
-0.28220682610388065
-0.22862960717740605
-0.1863989778017733
0.11693539854257529
0.09991897560135465
0.1790286361666211
0.048933179772965525
0.06660534426990762
0.08755722306268247
-0.0059519716156637885
-0.15651256046162615
-0.16097161943156776
0.11402766591170206
-0.6164011648928505
-0.1443986327693218
0.10946454786639535
-0.6519149454831424
-0.5230168640626407
-0.04935570279853566
0.8471274152880681
0.1304696983673945
-0.20005458736593007
0.2733278339803566
-0.0187790540819092
-0.24991648784264284
-0.3878873102699646
-0.24591938994539791
-0.24638370211890345
-0.20685605896169082
-0.024437211627813038
-0.04711121717455466
0.28838077601449236
-0.08669364728429792
-0.1580653536988257
-0.028781172020144463
0.003542095563639854
0.2655904927542365
0.2990021566981278
0.24682529004042353
0.3448363471850726
0.14763734557207983
-0.0994354332874385
0.40858148820330487
-0.14176625112326813
-0.34081732292044276
0.03316478559004468
-0.3464390785867808
0.4694625308024866
-0.2106595551826631
0.09344519121516538
0.2534333313573817
0.1268093855783356
-0.33506920537269197
-0.3854103855908401
-0.24944746933969136
-0.09319230745934487
-0.3460931437491474
0.1072552365909334
-0.15718710551203574
-0.06680445684853988
0.20816116670496232
-0.04752636696948922
-0.041370639987703996
-0.014034710254125839
0.3706742773120277
-0.03659319837777265
0.15688356297999873
0.020603413022081286
0.8967112064273414
0.5775796924629512
0.8337644598086045
0.09031700113743879
-0.3933500819651432
0.5329714534808999
0.6304689088919807
0.29246726465270534
0.14638567572623135
0.6791021726906322
0.7737760644461156
0.5933680162788888
0.4289131196843718
0.18612156165877441
-0.027065862866462623
-0.23663687922624968
0.16669831105299032
0.13733398279126885
-0.035444922484724785
-0.09644405854127173
-0.10168581879888504
-0.10349550132063003
-0.11686354784419568
-0.10050730686374136
-0.2038954422476225
0.09387968520891941
-0.04753474211853123
0.37215520326620605
0.5253617163343305
0.4750376692213254
0.701131460625154
-0.10113666160107965
0.14761225546119805
0.6067149491539289
0.29392783372983694
0.5175108211478082
0.8182489916314295
0.637330520165612
0.5365887766010892
1.0729011996423132
1.0204661339680297
0.27523104240061097
-0.11071115527822767
-0.01657279986476406
0.1626592723907118
0.051290007562946265
0.17885839600866738
-0.004030849677142775
-0.012546661302781583
0.03412236033646429
0.03750952779861392
-0.35255101717379356
-0.42470438920949405
0.0866591351265046
0.3626821776402044
0.2730935051687928
0.26406848433040153
0.23687056354244984
-0.028158568145304153
0.2118526396621811
0.6742495530326017
0.2846939330042911
0.5033607057776914
0.8437346360521805
0.31063730377334153
0.5667007095217504
0.6249960057377174
0.47371990822704374
0.427111124646909
-0.07823770232189535
-0.08277314537667423
0.08691463978695031
-0.007114508323894265
0.008008490365674605
0.22041644987487485
0.15845481906220574
-0.015472300641234208
0.11003143126084479
-0.08606054697586599
-0.3154182147802879
-0.18094972713821209
-0.5271351456065297
0.21344419659187877
0.6427405305777792
0.7288807136514991
0.3347092447583926
-0.1067345404147549
-0.1613575362272147
-0.06794222529067631
0.9890313361174801
0.5676468764186726
0.298133476022283
0.5181905501701247
-0.1594372561729323
0.2799487285610533
0.016913524685110898
0.08591567901680312
-0.006772233237504401
-0.08657452055455515
-0.2239848542576843
-0.27658099205699294
0.16442522078644495
-0.07175565594364396
-0.017785847600090228
-0.1533197319158024
-0.010061850953611338
-0.290556660458703
-0.03611002370471731
-0.6392094040280475
-0.5217584694435948
-0.10589213610224514
-0.09000010235025518
-0.19997968069097236
-0.5923394434191351
-0.6012304773955842
-0.42124935370055683
-0.5999023897568013
0.8111472617905037
0.10193615417762007
-0.531605350568902
-0.033639357359334945
0.04080388681477508
-0.24009395260460925
-0.15419261164582665
-0.22974694978782745
-0.28616371699955095
-0.013546503626508445
-0.05201651356170859
0.03659928197522871
-0.03099090555509662
0.022052515327463402
-0.10812479808203933
-0.06034735011119343
0.14531016175148606
0.021959274488103777
-0.044595891570297995
-0.34022043971074956
-0.7079298561941706
0.22649304634567857
0.4167781902708636
-0.12692966554301097
-0.700849570381214
-1.1176518250706358
-1.6683624227638316
-0.16151524143656754
0.6139153087660877
0.21999566104971632
-0.20568205033266707
-0.15233362088181232
-0.2898693921802766
-0.07712870094491674
0.005349276556391912
-0.20616034191664853
-0.16821405389044067
-0.16113058499445332
0.0918877568315864
-0.14490434920849826
-0.06358673055207077
-0.07705915577921539
-0.040147768875351666
-0.11443713398746201
0.09310371097748697
-0.07532295061773117
-0.2577895258546146
-0.048176406924203996
-0.004474531654490366
0.35989458866714297
-0.1203347301162895
-0.2808400683264131
-0.7408809255228476
-0.9236703598406145
-1.0285516487570026
-0.2191168323051273
0.5768949091545647
-0.07522976500339722
0.19491821340942075
-0.16009349960083052
-0.13605295111679322
-0.35168271963803066
-0.1519703580986189
0.009073059617997993
-0.2388577025585463
-0.12854586843903204
-0.07929092737824217
-0.006828310541493498
-0.12120784367994476
-0.0077081302102069635
0.16121983254134237
0.2838395187524789
-0.14399601849126975
0.014801144097191512
-0.2422277951772858
-0.23913736546750242
0.24399733892658412
-0.225652477921965
-0.5669304956956009
-0.4499058996820003
-0.7817755826721804
-0.9351197806764677
-0.8868986083940646
-0.33920999334997387
0.03071629988322575
-0.16755471682510467
0.1788668074012839
0.02969311184008615
-0.3743033759032568
-0.4304109955305834
-0.12533483340953752
-0.26943837853032493
-0.3279725051231683
-0.3344991166134041
-0.20208350570450717
-0.25115130683003395
-0.1600468680284024
-0.3181330251927588
-0.025773871178056896
-0.06737562539667287
0.14295355550524044
0.08102299919508398
-0.24581400509196652
-0.09525707880051382
-0.22557403564457074
-0.7034575159786641
-0.7107650812837917
-0.5987882984665381
-0.326769284201399
-0.10302061633159948
-0.5480181258318891
-0.4193191308175268
-0.2713162794015201
-0.265142710721762
0.27453768052458616
-0.30024266707982894
-0.2807650195449218
-0.48128258860649653
-0.45846044762037763
-0.2056665840738624
-0.35823930521253805
-0.3302301450559571
-0.2723680084641413
-0.20388101597780167
-0.14525061517110954
-0.057476363495337725
-0.015109962860570212
-0.023254603018124338
0.05200480111326983
-0.10191282578673481
-0.16769226149812233
-0.2866827394337135
-0.4712501172499887
-0.4882040652544056
-0.6874520896006813
-0.8074151555196871
-0.6712620183989829
-0.6582968454164462
-0.14072334049003454
0.026532681070394054
-0.21276604847823202
-0.3059838079948878
-0.19065378908736882
-0.6865591896745088
-0.5511980295347911
-0.45875769044460774
-0.6845764608045418
-0.4256288543306561
-0.5687089132509424
-0.4884861700252151
-0.4564443931312525
-0.19540458562867768
-0.1752334875977631
-0.09391535397006455
-0.0438892375326362
-0.17565434061176502
-0.14574462080975575
-0.00710883358695406
-0.20354870485633664
-0.355878894527452
-0.38608912457224376
-0.5072337733350114
-0.6948166604840038
-0.6411608540623595
-0.5711642110480204
-0.5404753052204143
-0.010423879085055642
0.12814350200842295
-0.12272464928287777
-0.5028981057376726
-0.361129905672136
-0.43796355770734346
-0.4512235409916313
-0.050683454543709636
-0.25206320506650554
-0.36344844766054857
-0.4517139053736635
-0.5449207898038185
-0.23472245975974815
-0.3062591282097347
-0.11445211334587922
-0.2321422853600263
-0.10111869625408319
0.09586858947254542
-0.018720752166470612
-0.13308600301955678
-0.14556862676808557
-0.3555054233844324
-0.4635876154916598
-0.3018782300561651
-0.34715737961147164
-0.5943342859619113
-0.3351207704301077
-0.1534153165451707
0.24524313996896555
-0.18936944974402103
-0.07754894145147344
-0.14999665302303916
-0.2255240951813224
-0.08196539856642782
-0.1547438034683924
-0.15305809817779176
-0.344130590711439
-0.34718199134338956
-0.3176656931348664
-0.3776323684993003
-0.3792022862059582
-0.4170811980473076
-0.09432848263010564
-0.19943368090258806
-0.14733089378317568
-0.14890190284948937
-0.09475201578892595
-0.020281285717528102
-0.09003314246689333
-0.26492321686026754
-0.23605877173407902
-0.24644291822795428
-0.3032241756701689
-0.33260073481066904
0.08335415247597788
0.4726773282112647
0.36296830661468615
0.12539101313258413
-0.06175323850877363
-0.17618112490539928
0.10309334498805629
0.013892912639805856
-0.028777441581052436
-0.19032864051884996
-0.37414096733863744
-0.17617240876023604
-0.11727076659634357
-0.019105909301543766
-0.20912386631085722
-0.2710525152066832
-0.15629082744727277
0.19036224524430465
0.2403927976514336
0.13976183810683085
0.12796203124259495
0.025205278750577053
-0.15368205148205485
-0.3443668668695182
-0.3607105210438346
-0.33451341094411835
-0.37167592439861313
-0.26304752525243535
0.18294933741743405
0.5375960011709602
0.2103205711144801
0.30081747194527053
0.0829815753378444
0.06298154734536068
-0.09006399943365578
0.1266128669073342
-0.3879687401317567
-0.2462653182852743
-0.18594425714002463
-0.13895386576620225
-0.2124770811385917
0.16379931604647024
-0.16301421169006602
-0.09741764445607391
-0.0822145039778675
-0.02736029861993912
0.23797526726754686
0.2234494794794234
-0.16251358713593822
0.019635335592040306
-0.00428517750766843
-0.296660011607319
-0.28596809042995136
-0.02930967503871815
-0.21050676068743693
0.16682263569587577
0.2346869966137421
0.25919936745930694
-0.13200789975315264
-0.23961818488576053
0.12397383476746997
0.1234089082454144
-0.002846417296620287
0.07279317447859783
0.05350187756658264
0.0040695350732835815
0.23257160676510039
-0.0870721253208023
0.08746725093229708
0.029077168116032136
-0.23237742872746425
-0.15076358549114635
-0.03364986418448325
0.0589705386252346
-7.381611142574885E-05
-0.2180683334074058
-0.14002526576597307
0.015610846948578005
-0.019882110033835852
-0.13719464590453678
-0.048702984478756504
0.0077558221692643715
0.15801677484256624
-0.015417746863712533
-0.13146115671282854
0.09194692694848179
-0.14042782327304104
-0.1702139602822283
-0.013130313066255409
-0.22332546406270792
0.26466100290531863
0.05893319412727945
-0.08721285800827891
-0.1810824819887508
0.0740409471824871
0.11009529480514614
0.047358678108214064
-0.13611537738891505
-0.08095187277329682
-0.18119944252325426
0.036820349020859906
0.10256402352154073
0.027389707956463033
-0.03979291717418395
0.096007328616057
-0.11615466140828241
-0.087145248853409
-0.025954094850368432
-0.04151267690023399
-0.022710466688745594
-0.15409387969043226
0.017268723049438394
-0.30669401211332437
0.009731292008461954
0.09006412045777183
0.015734636258278548
0.25643049191797784
0.15367154492693869
0.22022543106320186
0.14234297076889038
-0.03013436780611141
0.032972872383784366
0.14230302032615652
-0.11593410709030012
-0.03701044208535689
0.08205283048930959
-0.10218999185997807
0.10391338956400191
-0.006475703868443088
-0.06435749224072607
-0.049309638952440636
-0.01565356360088378
-0.09770169422141477
0.21354784776920113
0.21064440942391752
0.06518092356200195
-0.01769250260443771
0.07717014008808507
0.1648224513879773
-0.14189924015283228
-0.3109992340045334
-0.007414782408910346
0.09228930631076826
-0.07362418762870503
0.07626116654848374
0.05930418581070815
0.22956776575676288
0.0998608885212145
0.1676205792211848
-0.2149353713539592
-0.10806140182945771
-0.01493997658532245
0.06224009379765371
0.15811227995433025
-0.23580499636402374
0.05871759014215885
0.015426262638045763
0.09936199120777497
-0.056169165189302796
0.08725433699400172
-0.11504941641705366
0.014448506461325611
0.021007113497299605
-0.06907697031986149
0.10752176982826823
0.17086626122888146
0.1320133901885574
-0.07289102452262025
-0.23171085634279517
-0.06268347362446945
-0.18702499474049755
0.07900466638502394
0.20758909611366128
0.08324620336596228
-0.07731282428993096
-0.1103107133949135
0.11201458181693966
0.10115376904991334
-0.062101984998549194
-0.2190953962302012
0.26244811248605865
-0.13153220585248165
0.3557941099508505
-0.0780847012719644
-0.07266486158221089
-0.19080282696770923
-0.049033556487998904
-0.20430569312999466
0.08992399403602967
0.08301807914318711
-0.04308681760793172
-0.02659101927836165
0.1314533195594257
0.028730738179733987
-0.241948302302027
-0.06313806966201714
0.01218241244343345
-0.47307487140358595
-0.33451563912070814
-0.31110260486155494
-0.34608793048843217
-0.08778668134244713
0.023018911229411975
-0.14363288035224409
-0.03571382820517938
0.17580233930694134
-0.22951200550437367
-0.13701667523905128
0.2500997995464314
0.04538878802291922
-0.041644272271880625
0.09640818625803829
0.12751956459185318
-0.009737398511990665
-0.2665919040757952
-0.10844332857910699
-0.08212423069237625
-0.15005858246266304
-0.1469887905279876
-0.09747036726959984
-0.09909941335982672
-0.004625587990240363
-0.46026478245789154
-0.419550680069189
-0.43338950584252084
-0.04762467924525535
-0.00030532498068804227
-0.07684487379171236
-0.3964528500826209
-0.14899171890442295
0.025899327062858097
0.36010210848688057
0.020359988479385215
-0.08655640815560327
-0.08430114091161904
-0.07683114283163153
-0.04733911078589984
-0.21175713584840808
-0.05344355192624076
-0.034523848353563744
-0.10017540351037815
-0.12615026132322793
-0.032228092459131226
0.004043502308924842
-0.12474890417162131
-0.27614535087101333
0.21164336476599657
-0.21372221100220581
0.3579267813468752
0.27407736822865314
-0.07032814741630461
-0.07267278708959858
0.5873682677128753
0.369883922032348
-0.2823053622437519
0.502559622618537
0.525147539749246
-0.17842546942480797
0.2984472091321338
0.12285595242644921
0.17206031932875715
0.20735571513607695
-0.10896012040918748
0.0025642766201708876
0.36831069182553466
0.24573619846136846
0.029547482195248866
-0.2442915952885825
-0.03683423365468538
-0.14077974112660097
-0.053648594994186644
-0.0337983963061287
-0.14354653467792694
0.03983077808338687
0.03482533617897739
-0.0510673348751376
-0.03895101974897678
0.7578204333786334
0.6229374721809425
0.3505937714820382
0.04695642469397585
0.02327010575879094
0.13140819004452473
0.47360067916278664
0.19955144418983392
-0.02813236068572496
0.37633981601318417
0.22772428479782267
0.1844969577097652
0.2055539024311899
0.15918696896078458
0.09824580249075435
-0.03412182840633432
-0.3543195574293619
0.23911968404348194
-0.1439231719750235
0.007621004304844657
-0.1846140026861277
0.18787171080359888
0.09569242398745527
0.14254336844197985
0.10960099762408722
-0.0024790608297721012
0.058280846811561905
0.2543691755669098
0.2809607367374249
0.29890650446179984
0.4777911187956859
0.7622277937681706
0.4025198657587935
0.30867241185563
0.056122295024736604
0.1748806362990891
0.24414369034584069
0.04506769366951634
0.5086178377447789
0.24951536512834188
0.6701302187165008
0.04287392071768625
-0.20071266307742786
-0.057462950168234835
0.23718086778762099
0.0765102594143396
0.08410436270164694
0.04486304398821739
-0.20188819045863382
0.24224719982466802
0.16109553395180498
-0.1189301407184982
0.1250823506442901
0.28405808336335037
0.13897307236333076
0.32216593091693896
0.47116338162564775
0.46809361948687084
0.10686005821429415
0.5740125889395469
0.5517113520600668
0.36094650775782955
0.4235600402721836
0.3013060829093735
0.702917818855355
-0.05332908138610379
0.6356213742683543
0.776577333384764
0.5338249664854697
0.30534833078647994
0.10114430079311612
0.10700325675726921
0.05784350326762361
0.31896063939008495
0.3741840770733084
0.4734304141171373
0.24953960539004216
-0.1193672178807785
-0.06304556234562636
0.11599313407664184
0.46191371634394024
0.4866434482317463
0.6647222920803828
0.6056834555080705
0.5430454153044193
0.6581393215317892
0.17695906164738773
0.591620905464395
0.29289122008453483
0.7388767435802237
0.43375876886119336
0.5740178783216611
0.263104829055677
0.6976725771074423
0.46214040631668674
0.16548792146534988
0.11014933156074265
0.5301926134717
0.0694984417134735
0.08691231890352105
0.23292374586661396
0.42405634065865533
0.6327359214506868
0.7159551380470005
0.6630760284911504
-0.021656271954061942
0.11468531417022877
0.13463780379230966
0.5152112281970873
0.8770289178714173
1.175684943061869
0.8220696077901019
0.22928667207649228
0.6732635502615091
0.40324334958755714
0.5403039049909943
0.5510696879302426
0.6303996430805275
0.5366917659164137
0.37305101724227296
0.5397434712771548
0.3247747877481735
-0.025280429393051904
0.047058754472315625
0.5213689776847139
0.5642768909208263
0.3419150445121632
0.49731071812379724
0.40993137869918983
0.20127150321028214
0.6725808161952134
0.7471205993032745
0.4516218599734648
-0.03685200263499152
0.19617307650592558
-0.019188466218071135
0.18361663542370188
0.45183589571859367
0.5068426631758505
0.6222329457353318
0.535746895458392
0.047852442888759755
0.43292147257446995
0.5609457061881398
0.4137986132182284
0.6971016334208554
0.45050774351812944
0.5576809576955291
0.5005311626359901
0.5851897771324786
0.872375759389884
0.5310939435536634
0.7782769577198229
0.5994491342681623
0.20844932077730005
0.3104262995141012
0.44196969433809485
0.002926285089207429
0.46187006026104466
0.5856213979883419
0.046348613450670886
-0.11753017212280029
0.031959096591657354
0.014939254042957454
-0.06485276696429379
0.04981977378912304
-0.5640442885935049
-0.06274134978460075
0.27330640446921634
0.4115266172101175
-0.013951160918767393
-0.06049882110424758
0.5173732484894058
0.23450792225871125
0.36821506024385836
0.310029524856293
0.6701878195191185
0.12013026458247268
0.8333223182691031
0.13219199046354324
-0.010911233557954585
0.2544030934502084
-0.04371541821206934
0.21195426131677952
-0.28472527402338116
0.014154183961021699
-0.022453221664335603
0.03338529553122621
-0.02426808440985687
0.2154647223290565
0.09750441010389303
-0.029809552501625453
-0.4694543522707587
-0.5908750332351945
-0.9205427398475204
-0.937467821012054
-0.3787843968565076
-0.3090710466259208
0.3613812667463514
0.5624138378047225
-0.1389280271025649
0.10988252109697588
0.29288957162269774
-0.1682251698227811
-0.21412959444887922
-0.031815668697450505
-0.15391403948099103
-0.11390457321535843
-0.21531036887751795
0.625074861924117
0.01424908157445179
-0.13849350047600417
0.15388644198304188
-0.3501377123923687
0.03242678373681303
-0.009582844982725183
-0.207539551227996
0.013999095779534764
0.008949013225838534
-0.1048190628578705
-0.8620081600233014
-0.5222041008140711
-0.7221302922619671
-0.893075650574493
-0.9320597160240354
-0.7716904532604322
-1.0193062258728838
-0.09093441519282702
-0.04677139070220007
0.1688260925388911
-0.15681168227301673
-0.15936677565515456
-0.2596376737672834
-0.1720862258505148
-0.16270862821246745
-0.35491248252668534
0.054793840847696305
0.0654830004541754
-0.18511028238549432
0.4811914190050189
0.2693086485999928
-0.28707401273707167
-0.19065364752121738
-0.047293127385791715
0.09741327898055437
0.03406825426499097
-0.0024402926027618926
0.14678382534283557
-0.7825221376854085
-0.6013375370374796
-0.479419663296868
-0.48966080825811126
-0.8873967641897066
-0.908156198683668
-0.9478571432446918
-1.1342299007687107
-0.644052642442784
-0.7226413886025965
-0.5173144756053126
-0.30462008472326274
-0.12393624297672591
-0.018510202973365118
-0.18901312635495204
-0.04402892492515979
-0.32147205091279946
-0.5648066370579581
-0.29451903826289133
0.06252676372021296
0.047703829807792524
-0.2858194959242684
-0.1819891042889499
-0.28304585183871306
0.1910442765994644
0.016012488326339818
0.07071216960131868
0.0691804441523347
-0.3154288014569588
-0.43342058427194763
-0.07743278060864141
-0.667678417957021
-0.778613916784525
-0.7377354355278077
-0.9005524781488068
-1.1076032227334751
-0.90586962708807
-1.293441311318352
-0.41036201865488153
-0.28372718744783526
-0.669097257533859
-0.34630594190036773
-0.6316761922202516
0.0016495332959037639
-0.3512806889711833
0.21470764680952825
-0.24682723648689336
-0.3473478678549657
-0.14484542267733455
-0.22935472326160294
-0.36159352296110925
0.024394821836799963
-0.13782577592803197
0.034272686976011324
0.21610197473680062
-0.01083800000547592
-0.07255870636972783
-0.1115949432126563
0.14780972208098542
-0.006392427716266361
0.06877316844924236
0.06671272188348937
-0.9270853440748328
-0.20334722191522367
-0.7307154760950875
-0.8258599666005664
-0.6477546188382305
-0.8237750799981615
-0.8619248013128048
-0.634161518837038
-0.17920361812135965
-0.480408943897127
-0.581553143614302
0.22030426677791648
-0.1815478380517427
-0.20566647351990286
-0.02261239800079337
-0.5471853145507448
-0.40946999756566405
-0.3411256127732662
-0.25156280769017286
0.08059653268387931
-0.061055729267458274
-0.5009799536408114
-0.31906460973703954
-0.4556373478773794
-0.17216341371714414
-0.18304706269701249
-0.1689131834543392
-0.3164059515921894
-0.03880569543505641
0.12054313004553702
0.0066270964064034515
-0.6091383334670437
-0.40573310059889467
-0.379174636163858
-0.640124045816465
-1.145058080513291
-0.9058269596298488
-0.6782135653907626
-0.8285614648318644
-0.4213849105973894
-0.49280163817038575
0.15721069175872207
-0.2139770684300637
-0.6225449449851433
-0.44661271507795475
-0.2683685615199435
0.022522614965597793
0.026158737021701874
0.1830297004184553
-0.37232022718516244
-0.18932906318109985
-0.39151540114655786
-0.023938304931999315
-0.13179566747868296
-0.320208467109234
-0.13819150105506645
-0.020670211630588645
-0.15009265303660743
-0.24118144239731773
-0.22415660931333128
-0.4428466919903728
-0.4267993773997324
0.1321185184485206
0.13426861716004115
-0.4643394022376396
-0.22640626007175307
-0.5123030173337932
-1.0754849159320303
-0.8651270673003076
-0.5393257289280216
-0.3676164290408891
-0.5368250990207042
-0.5314179663172385
-0.19803013811325
-0.027916506143315676
-0.08802356188858335
-0.05641408648037843
-0.320955108358583
-0.18386805215954097
0.05077935088156335
0.07317023967259975
-0.12988250501672358
0.14221400929195296
0.12678153312577572
0.30972900323346186
-0.2549974173011356
0.17131584568609787
0.16624812196143435
0.18025947835088119
-0.2114709487044322
0.34096647592323687
-0.1541446265965243
-0.5224285897369477
-0.047963337901287546
0.05897020032071394
-0.49125488828243596
-0.29837919212428154
-0.5044685879705842
-0.6268509405237598
-0.44167414988519577
-0.25385284371235134
-0.261443239246812
0.06106772471033316
0.026372653621646876
0.013017407800091215
-0.1935179367049059
-0.10261601289199088
0.21268749247940785
0.37543781192529757
-0.10134163189240165
-0.28509941197283145
0.3671718634243248
0.45878889593279304
0.5018564951019653
0.47139556804132987
0.07240939746891718
-0.6854410172195854
0.0008339901585854082
0.14709508721664014
-0.16078339096639865
-0.13914653156716447
0.3176474723544924
0.31024637252108617
0.014603506502873558
-0.12081027149163646
-0.07796518961821823
-0.08499233707279813
-0.21021457850407427
-0.06485736453243698
0.19198844141084154
0.030647557315998098
-0.012264229660650756
-0.10808257323792748
-0.06559671657366477
0.21380702234785895
0.23272627212932814
0.43090820472223107
0.07749754082333628
0.12437923596698072
0.4291495752352176
0.40409379929487094
0.2738548550379172
0.11944704598096394
0.3835457982048495
0.08728737339504733
0.5672676419410915
-0.08486583688071661
-0.10114011002034799
-0.22027840846268906
0.1431817250207489
0.14310590865597658
-0.009885044215552218
0.10301399014412088
0.14417890109307815
0.16417726324428555
-0.05625204891360287
0.20679281013097683
0.21162531334196116
0.07730057654079481
0.032464219716213376
-0.009897998384776
-0.18263116843266658
0.09025769367257284
0.2546296918552353
0.22658488735272372
0.14706915633349907
0.4148951079079372
0.3862912170355375
0.3480850775192447
0.16414263003438342
0.28434563528552
0.3639343662777465
0.41494000219369653
0.33178052469053776
-0.1123013687391574
-0.0793167022285769
-0.0010581510627667866
0.17181212385310332
0.008144004056267286
0.09950145497396624
0.3016062389314437
0.12341095833228863
0.0185653534543412
-0.02599859247886698
-0.04571677114997994
0.004446035710372221
0.10772454076458278
-0.013722398364150835
-0.09034144636789981
0.2868934180954784
0.0855448903501398
0.32287625913599655
0.5881885798961685
0.36651743346907134
0.43962682450128765
0.10057400794072023
0.2461795143285484
0.2621853736763418
0.4749786374777396
0.24242062069642392
0.15615265378299684
0.6425639385403017
0.31609981519352526
0.2097285565760488
0.10159936572399356
0.024579111550470517
-0.033562865164063635
0.01262502514924358
0.08630235898683804
0.022499656837241366
-0.09583231762685353
0.057585441432003004
-0.3409066840336859
-0.13764475231789908
-0.22271057096089422
-0.13791721239904295
-0.1726595648268877
-0.03942429883697305
0.24383020217197712
0.20028360908130619
0.43431470016193474
0.06958050147380646
-0.21126842742184684
-0.05412936312833937
-0.4112591576512276
-0.12731388642705688
0.01974667480506779
0.011208619303825343
0.046117834993060415
0.08108875685553227
0.03844159734375083
0.19615801501022934
0.4777917984920649
0.3890920654745358
0.05777832304456702
-0.1079651111406089
0.014139299078367081
-0.15408374837160277
-0.1235969364755546
-0.21847031833722536
-0.18218358569725995
-0.09940558335014579
0.022378678661282757
-0.02184551201622039
-0.1983813192102953
0.2103692784363828
0.17605444999471168
0.20955670778207944
0.2115227799266141
0.00694420712910952
-0.25766138262724575
-0.27939628202252537
-0.23415290530344413
0.04906679359796641
0.020141271495656945
0.05788350264799509
0.17045400273609826
0.184305776007306
0.04315213644920054
0.41876084494642735
0.3605062612359206
0.23368889731234507
0.17377968219294054
-0.40948165642462075
-0.4068647203698614
-0.41524688277469585
-0.045163379864023294
-0.044994111602989814
-0.19644154769542338
0.11796189255969683
-0.16328623279336527
-0.14967871378266667
0.16646035756627048
0.31557138190992645
-0.029140264987356324
0.1543086851251312
-0.10799327393033328
-0.1480214605667056
-0.0011685224739583617
0.1732759961555393
-0.10398642932170143
0.09114401941614657
0.12979205121633786
0.15942843510505816
0.46935432394477244
0.1513590828284792
0.10467324736505478
-0.02242154067492572
-0.06521424155906239
-0.1367615141297563
0.2940339072356372
-0.01534655324916678
-0.016258084045386593
0.006875293872268134
-0.07762957792268277
0.09957930470283186
-0.20685460746628098
0.08279010329009998
0.07714041798354102
0.0826116530400776
0.09460432909201026
-0.053825667505004525
0.23071635444971214
0.2712990164479529
-0.12901993752103105
-0.09777057122169434
-0.11824349030694459
0.035094233144876065
0.008916439756422192
-0.24974365501284881
0.023539234681265352
-0.24991635561921782
-0.21695476004106168
0.14752449924075606
-0.2870817831818555
0.04849755598189079
0.07149583956907529
-0.203076360161754
0.18024191558678676
-0.09628166739437305
-0.07135808463356073
-0.09165658523804779
-0.10551679187391465
0.07803283703247245
-0.26523100312629744
-0.0288220904658076
0.2526797929853256
-0.11955688139770326
-0.1202387280530503
0.08816937601746229
-0.2095841723475905
-0.23018756853683112
0.24344995276960846
-0.12269457729833017
0.09962608913629288
0.016804874664100536
-0.24947089951923268
0.19584033777710638
0.29845718156440676
-0.032029405145248754
-0.13843343589374776
-0.14193460251067042
-0.0648156386961307
-0.16474162215417934
0.13227378031761525
-0.12537136884022057
-0.11709922490361889
0.19085166232648723
0.07941333855918589
-0.2231473069487321
-0.14430479414263667
0.14241504636696967
0.22737029168741768
0.1788619759916185
-0.18119771509371912
0.29648365035835944
-0.22470981016232933
0.0564625188852094
0.10173574266487809
0.06332123737748206
-0.26495084368148386
-0.011507372723928514
0.1056479225516364
0.07790585644203882
0.038723626041617824
0.04632888507397702
-0.04413659121770547
0.1362260542117042
0.013878774232430238
0.15318579116392006
0.2047612519957305
0.011616217074741367
0.15962801785057518
0.07914424608467954
-0.17841782972999437
0.03672563320573948
-0.09656488168994751
-0.18151989024199947
0.02916848946810063
-0.1604222829107577
0.3605611937134377
0.043872681740056534
0.12370530143504804
0.40634884145536754
0.07225655962302388
0.16414663145950822
0.1596835382044556
-0.06903640417239082
0.29927119335684993
-0.021781352270935864
0.07647680985140438
-0.04266451028368825
0.0747983332137512
-0.26996597926469834
0.05835021920752987
-0.12349418476446737
0.14209516133996056
0.18985553984943815
-0.23514272670164713
-0.06269333277916707
0.2389561052184211
-0.1356070165850501
0.02615502184037042
-0.061355810140564924
-0.1661933787564157
0.10107921631418562
-0.04301743723057926
-0.020875875357743927
0.1288853378134289
0.00715009638629286
-0.006286886456328509
0.04994621922221627
0.09955763770763168
0.15384571760908217
-0.06789326153123318
-0.11374492239660022
0.28563683791602856
0.2956696030840498
0.21799011020445566
0.20597023821512492
0.2792969062030045
0.38480829020785356
0.3546651580130606
0.1248247832998166
0.21386873788312194
0.26459881290613135
-0.19249317118056022
-0.4545603539601948
-0.4195379175133852
-0.38716356256059814
-0.09668204307172877
-0.16388094881567886
-0.21447333660587023
-0.06817214962429484
-0.04297709294899038
0.2520054759897783
0.2570110444890149
-0.13811543112479618
-0.2294084849689641
0.010322384975979608
0.10826141861123798
0.004160793544200524
0.18365554555584296
-0.2159903644110572
0.3241061686489552
0.32681633799827264
0.04800577559823485
0.4590911245539795
-0.028216317994675836
-0.4084919452825367
-0.4211123609683703
-0.383766712305043
-1.0012816619103717
-0.5727070356889846
-0.39630026817739966
-0.37625160155230747
-0.15157954626451844
-0.18699797074611169
-0.10897929333534326
-0.11604861981056679
-0.16103081424956783
-0.3891350807651035
-0.20332127258040972
0.03086640145210383
0.12125300868848003
0.007952668088923254
0.03258603579502596
0.14431882761463793
-0.00294418600033481
0.016668760087768672
0.2309358503568705
-0.23001410608045395
-0.29251644658851067
-0.08302839669883144
-0.34729909141448423
0.20287518182058473
0.01159253850374337
0.14985658236616822
0.07377141757445596
0.1871146693058683
-0.017502173649373263
-0.9636028619340719
-0.42766724175328635
-0.7963602167939877
-0.2249004023769241
-0.4499532753333942
-0.025823537549011778
-0.10303293079931135
-0.09106046567691455
-0.11248828943857489
-0.11376847176879797
-0.06380008267639126
-0.023321290012678273
-0.020134910865988093
0.0712224500775756
0.1296550502126229
0.02621410403781969
-0.2919403878055465
-0.007148380700395842
-0.39061674333936824
-0.7561631109660696
0.030778267156562577
-0.5219749537509982
0.4985164917796335
0.14809833195908909
0.4760557523016065
0.22744776486871074
0.4648416112361987
0.14621933932304906
-0.9136038566294304
-1.3399169074244477
-1.0555619392806619
-0.44373491766622347
-0.4601414016919958
-0.172434462211923
-0.4583558199017165
-0.005011378040156506
-0.0061182414060209096
0.06134498959597229
0.1542782186391563
-0.36408981316281563
0.039716774710155334
-0.09803391605143487
0.12627440809719612
-0.1584113359478258
-0.041362278122772086
-0.12009681127954311
-0.03905689037244183
-0.14730099675769742
0.2937343178589881
-0.15137574406708174
0.7211952085282012
-0.45107606578419596
-0.009722343706054723
-0.04829020104168401
-0.16715450843623486
-1.4002780975024363
-1.4018042542615337
-1.1338850575855608
-1.3989340862651765
-1.1035489376717098
-1.0734598461657454
-0.7776905924487233
-0.4459976414938918
-0.2915202822668042
-0.18747056562898262
-0.6209269260018373
-0.1736860191221181
-0.32494365277583853
-0.008795188110700791
-0.2343231211963872
-0.03750718623043574
0.17493480017486301
-0.26312621478820825
-0.2313392806824976
0.5221428831349834
-0.21910279893234216
-0.06915766735347363
-0.15303173775238366
0.7785585182403104
0.3841793661974071
0.21105636022638458
-0.0735339438334007
-0.47233248473818823
-0.48251135319592847
-1.2169711344776124
-1.2616359227577632
-2.406695657266915
-1.5413272545048704
-0.8261914796223074
-0.7380696600038299
-0.5200148193947327
-0.5320010248822112
-0.46262041363780926
-0.24027374253847858
-0.19765015326593996
0.05582291516747464
0.05447077936871166
-0.19893478213968047
0.04068108538196744
-0.11867708274956625
0.1114962461135518
-0.2247598884932283
-0.37061794269923276
-0.23228688409499312
-0.27047515306846753
0.028430243926102706
0.28851410344322137
0.11832781761179192
0.030821329185831442
0.6571345651976235
0.10369737236354888
0.6235464589507129
-0.19280813542391878
-0.040892691893816224
-0.9934053426098195
-1.6098271907874075
-1.0452517449582277
-0.9019817925141798
-0.6213275325141089
-0.49939686689026475
-0.34826229819782883
-0.21163432604366136
-0.3518222866634214
-0.28509658672787236
-0.024467937215126787
0.1900654577229606
0.19831921094716765
0.18581613685205847
0.1317306094528162
0.021742047235730793
-0.05740768212349784
-0.04854964161367842
-0.3982505749719075
-0.21532765573411816
0.10791944416953597
0.17306774298617306
-0.06839544694660853
-0.12904177841512418
0.18827264163593224
0.28719569894787544
0.2872731504013735
0.37757308801352313
-0.24742978770399737
0.13485839703095603
-0.6327964814163816
-0.4125136710014531
-0.4978327933079729
-0.5931672678314655
-0.42368398870588675
-0.12989175118907495
-0.1554382178587285
-0.1522583979099233
-0.1764455130220575
-0.5230130878723551
-0.0482628130195303
-0.0790730625997845
0.03165906520634688
0.24536749831707635
0.33003092628096775
-0.0035628918710596366
0.7641625673708987
0.08950857314124862
-0.591747195880136
-0.08774909500889305
0.37471097972746725
0.01766674300192225
0.13915416462472255
-0.025118072909547606
0.020556471290041515
0.15077473464591745
-0.13259612367500387
0.10701707899207935
-0.24871104555602286
-0.20943259464166625
-0.013781782246463481
-0.37547601919193774
-0.285633117920028
-0.18315261957358686
-0.20373082802810205
-0.06135958141190086
-0.04605887335409717
-0.22489103619040793
-0.00674548936922112
0.18944557628337322
-0.12313494813224972
0.2469509098166745
0.44782684227796776
0.3609089582480724
0.5234167597973336
-0.17524820085247234
-0.11755467117159586
0.0963346765456203
0.0737881868342012
0.35553163327159676
0.2409297759181563
0.4046219107955771
0.20080354934504796
0.24328578569440615
0.047271998340938697
-0.3108905535389898
-0.8706556123072943
-0.11482982831724557
-0.21410040777113865
-0.032656341157215586
0.04187993010244817
-0.04078362980242029
-0.27916456438930076
-0.26190793088603453
-0.146870755629584
0.12514234797915413
0.1168493489042977
-0.07229828908162157
0.10239357354621322
0.042094890678402254
0.32032598098207454
0.2161051740363902
-0.5392161867067548
0.09369237021188544
-0.3246349520314489
0.1857559826267129
-0.12134392638060466
0.054031748738707794
0.028442232350035897
0.28580741155350076
-0.15901481015025007
0.12082700425508132
-0.22001411912414753
0.1018535141384
-0.07724930935431223
0.1201065345261767
-0.31392351027077875
-0.011908047701020065
-0.022258250020537888
-0.11867972724603622
-0.235362195633182
-0.16257610789254906
-0.015436946451714645
0.10944015179089218
0.11667670043322752
-0.04807915638212844
0.07326605404611448
-0.30168862007945074
-0.04349199767520349
-0.3199601199432848
-0.15971784652572515
0.2411669110246257
-0.0191569792755097
-0.19682174110283718
-0.21324791595142287
0.17367944908040883
-0.042601109612714134
-0.13171587860155093
-0.0613338184523744
-0.11782751320817783
0.1219359492293448
0.35628390046770164
0.07858038573236605
0.13119406535624567
0.07910359508762715
0.015157297527375909
-0.0725196911748899
-0.3322348017644328
-0.5248427759513579
-0.1408138053096909
0.045079593783098296
0.06749143119119073
0.025587878005636597
-0.09330422376197399
0.17758491616020064
0.011416314336010832
0.40753775300416034
-0.7397099644533724
-0.488424721955125
0.07096711921581587
-0.27482163128561726
0.10294473481750563
-0.13061387220333773
0.03542265620698407
0.10754311772679814
0.013072135843110488
0.23410797977182815
-0.5089971809299251
0.16397145746292177
0.11259118243977939
0.05078763042422257
0.09576686670721282
-0.14860855661168682
0.04021846750409889
0.03334303094405695
-0.1512553875688365
-0.06154499220899564
0.09126742713631872
-0.34480881676416386
-0.38036007141638806
-0.07396618178390159
-0.06148368296676182
0.23780612573705676
0.07714434742889537
0.20936833965707666
-0.09454996240934921
0.16274773402191106
0.014142046368334382
-0.05784076300071805
0.13995537353658435
-0.07845451306345393
0.3807452714474581
-0.2564131904304024
-0.05004459007632246
0.4047206185953374
0.16694902401495001
-0.21847648958537016
0.2768885081051439
-0.08046593094877377
-0.49969013728125955
-0.07242437217652499
0.049720530127160364
-0.13889063225132134
-0.16941741873599814
-0.24999641810738188
-0.19919120509844587
-0.10039851268397179
0.18340919927857657
0.057971730831518714
0.011663627352595693
-0.05251100539419148
0.3793248440126283
-0.07835105893845529
0.03155583326086849
-0.08060955398122671
-0.24781365324782162
0.33949633257816664
0.10677593139900857
0.35767401755457484
0.26379616801873024
-0.047852327714932696
-0.2769734424902503
0.37271493732562644
0.5616409327191838
0.2865399079947618
0.3391639479676572
-0.13928009715657236
-0.16865734082337
-0.06422782591113686
0.024828533398953124
-0.2771424060305558
-0.07183245470890567
-0.11210033571655859
-0.0979222153384576
-0.0010203125725875366
0.06889265324257185
0.11341722021473669
0.09458298104604279
-0.26709244811996713
0.06932295084433222
0.2647369231456547
0.011390318318100496
-0.03609220743456337
-0.24540807339914464
0.02128597982706334
-0.24200340323403685
0.002350551054381003
-0.21625468170064907
0.12530965911726236
0.41476096268657664
-0.4534863746798724
-0.12361248030581425
0.2766463699836216
0.24387125188724879
-0.15022150082913005
-0.29013074354290247
0.26510297121474835
-0.25404104874015504
0.04500667153731649
-0.17772961914296406
-0.3798354772007318
0.026575450564196502
0.003683923814682448
0.02699428194842369
-0.14109979555215313
0.09263403712603661
-0.28003449169602707
0.060132716941987796
0.14027807960530683
0.3358240107305193
0.08870687240849201
-0.15050813935169657
0.5130664161666325
0.004816067360777102
-0.1370568099507113
-0.3904512115666909
-0.4722419703402079
0.17114187411930834
-0.033489932391123474
-0.45358977278640894
-0.35628402564323636
0.41739009596898896
0.19061315014643976
0.04168822535448506
-0.38895041435607397
0.2046696954291465
-0.10014078850463691
0.1682471306434583
-0.10602199634618759
-0.09091639534913615
0.2877179867771839
0.0949817647986057
0.03528760846630586
-0.0281389467135908
-0.08126583782108145
-0.22371431166444786
0.109410145057695
-0.19092837072883714
-0.10875059912806444
-0.0740264549592391
0.25903497548448023
-0.27653092834496174
-0.035070154242242545
0.08664348999569632
-0.01866515632639886
0.22321863017070576
0.10289422786935946
-0.19256581266247802
0.15999801201811872
0.2957512214558053
0.03042258396366121
0.03212626164900714
-0.15760530943606996
-0.07270941460971227
-0.2207401673437514
-0.26954389499514486
0.12243463998095393
0.13322840520414808
0.15766715767747919
0.06591867071696324
0.07590606220502746
-0.12557517313244806
-0.173326516243847
-0.09829832746472052
-0.03910366315594582
0.03882363193271047
-0.21191831061845026
0.14570641549584382
-0.0005742059469888301
-0.17734153560956536
-0.19995612178416017
-0.4454377436088409
-0.17033407868010947
0.18513571125405381
-0.06485086524796231
-0.0812854075278736
-0.6148507664359603
0.04088563564547185
0.013140702369595277
-0.25508950267837954
-0.3464677352803091
-0.0937316080138005
-0.08471581450011599
-0.006916134088630533
0.07244250548087339
-0.27036948635127944
-0.0006980934633003585
-0.05086944623226049
0.2638918950361349
-0.22974139044016775
-0.19430345167971094
-0.06864820536398418
0.15864348180957147
0.17268893691284776
0.1385506165953913
0.10870964230716529
-0.08083326612690414
0.05808670403714524
0.12846110233764638
-0.22283056348705307
-0.20606174154137258
-0.014234360410963627
-0.17713925991245702
0.41225979488291775
-0.23642118960277125
-0.250052608242558
-0.14046444133223343
-0.1607670865576551
-0.37844994992042175
0.07263518094576081
-0.023710555401002562
0.16305425970326393
0.04934853853345057
0.1465217160662141
0.33573332510417986
-0.04992094752403313
0.04453554903111071
-0.02250005846974308
0.10612737518386293
0.06031361133488378
-0.17830806640763117
0.17439606631980162
0.011867780304260849
0.3479824227391008
0.14192278683811563
0.21977040381741383
0.15141344374008425
0.12677846519649028
-0.054903166605771
0.17931419925637498
0.11184001295997469
-0.17092195475224134
-0.16743570313098677
0.047393619725685426
-0.025886152140616167
-0.10701799270133575
-0.45018093450232394
0.2429691387877826
-0.03382746858527467
0.11220716738883581
0.030090042011330767
-0.09904820693631243
-0.05755376229753093
0.19088531074332787
0.45958466961406264
-0.047786952861496486
-0.04019966994936764
-0.0946184070280647
0.06838527775186513
0.32868802855469553
0.17686452927168445
0.1445184984874786
-0.13405751833700089
0.23811943281524733
0.10461159067436628
-0.03305258571054363
0.020384612837898025
0.21611841049630312
0.13142103764417434
-0.14578125126664118
-0.008111031323724548
0.11926672861785516
-0.04639139289029607
-0.31969037223647306
-0.09224437259444654
-0.5758873803357972
0.009502132186547952
-0.2427726155337255
0.07802397220993322
0.018277753150862355
-0.014897324355423182
-0.06208096151885516
0.05490018051124353
-0.02264338993102252
0.24150301898657534
0.28508070820440823
0.08893773363634534
-0.12395971189804973
0.02084257154628982
-0.250981484410471
0.05412817019095982
-0.15830836424502107
0.1647484096034506
0.0009259417938534487
-0.08592472477371889
0.3092746946628806
0.38351301564227985
-0.04033517331369664
-0.11988003432315834
0.27375981923207526
-0.004490210088493036
-0.2869631371077652
0.025071571010321446
-0.10917180665493988
-0.43538871931600104
0.05793153174296834
-0.1908194379782662
-0.12397580416301299
0.07710281744319385
-0.11245886421713037
0.1347646750920242
0.027231436346527006
0.08812812448422035
0.10569346303503077
-0.04938357229869525
-0.1401724366008649
-0.028099678940368165
-0.1508662230570359
-0.04155176481737931
0.021627505575313018
-0.1529267189287015
-0.3792122112396914
0.002597733857630974
0.04458397653723354
0.058047559801390404
0.028939583893570774
-0.5657783884549439
0.1174638182634991
-0.006815663976272466
0.22101526585441905
0.05363748799918159
-0.1289704332101118
-0.06082573535793719
0.09556095019780295
-0.20159202202649434
0.03433420861511149
0.15436578101511195
-0.09805883873237742
-0.040672486913030395
-0.07598770769545733
0.03296849398324931
-0.10156491295025542
0.02139207040743142
-0.16731178804129845
-0.04964953121209596
-0.1452165425948148
-0.17252658057403691
-0.031572664353820015
-0.1162097234565053
-0.14186675071238128
-0.1378175848769199
0.09292277305425635
-0.014567572120633051
0.19182057723939236
0.05126062775101474
-0.020711726879757347
0.0720024906653648
0.03180306245216807
-0.019810382998859805
0.005113057723391457
-0.39763982150874033
-0.11041911109182746
0.10904101303303904
0.16504409037673795
0.06735430431348127
-0.24595822738066683
-0.001660258551424681
0.20295515470591494
0.14886351038206644
-0.004346508934063337
-0.12478359493433959
0.002829154225694602
-0.0668845242196134
0.12983299636941414
-0.0091461161827132
0.06322520346055407
-0.04812303021320393
0.0014242298829749368
0.20388614938686495
-0.03419744905866861
-0.041434739265966
0.03153433287351073
-0.0325166258686413
0.02312794609784705
-0.0033208729956214107
-0.1489488341619814
0.014562370740146607
-0.14442663409075232
-0.057941765284907874
0.02292679557636774
0.14005196198084727
-0.06397490917014965
0.05214283461329749
-0.10251638049876584
-0.0927779818929738
-0.02755005120488724
0.0810397589433608
-0.058992959594253505
0.16260983219815275
-0.1697964628859114
-0.17463247217022984
0.010643622195841492
0.05834434030310859
-0.11515202640206032
0.2519488007139137
-0.03267280043965223
-0.07841332310735807
0.026861586528607425
-0.03775038113356684
0.1300994616660924
0.1456911028159811
0.12155055716882295
-0.015044601545349551
0.03230569711876546
0.10777055599639034
-0.10207041930985986
-0.0368894718336994
0.04624861149868981
-0.27003386994703343
-0.007505911827159338
0.12453603635716261
0.02565396790278574
0.0914034511500881
-0.04405223953488164
-0.20746609742346928
-0.10292832409640301
-0.29037962225218306
0.21949108766249223
0.11644417927118932
0.06322425171738957
0.1785163960679304
-0.005853922746488541
-0.15983101466953586
0.08306444672168208
0.06861521360740595
0.09322002559390631
0.13887640243385732
0.2389455725500366
0.32252322111778536
0.1367786310389695
0.241692425459108
0.27406653082599
0.14664090120708204
0.0945375884465873
0.08333701939096379
0.0667109199837391
0.008435902042555902
0.07280638407911531
0.0887411688581566
-0.03306445925615439
-0.07587293720813179
-0.09544602514666697
-0.0038737797063371562
-0.2359124803676784
0.1514629940314995
0.03904309800008795
-0.00986184042952685
0.1749180127486474
0.14960662644177283
-0.04700012104097564
0.2600830381249434
0.25232038493234576
0.34261068643972925
0.10270189573541105
0.3916427921189145
0.4328050371362816
0.2261846530013616
0.10152887274000369
0.393478276796751
0.3316702095770631
0.2949776819715983
0.3981833130082673
0.13586962588090726
-0.0734972860817211
0.022613578071532813
-0.20251591177106743
0.025644213395280203
0.02794453878760176
-0.0731152144194364
0.07720319124070449
-0.1083146026056467
0.24178680294376823
0.06242719165079457
0.45521737547921953
0.08670415142973718
-0.2960565245224887
-0.49018024655769826
-0.6789705966550437
0.16054961995880265
0.3822806787319313
0.503693930942697
-0.23670482083212951
0.0227879119786676
-0.05759015660106971
-0.21284021931776295
0.05139265854966671
0.1575250545792323
0.2540217252281235
0.18780871320109344
0.1563102474002904
0.2635529462302235
-0.13055948008553783
-0.01631712792928652
-0.11645412733386706
-0.19080269373346334
-0.11463192638152993
0.11664049871525478
0.05768797436406917
0.14290451549238745
0.008433714580051526
0.01159565987084436
-0.14021909848637645
-0.6329109498512613
-0.9321261851907068
-0.4098296217766922
0.3545303265274961
1.5079534905550431
0.7291959668564163
0.5232730982513473
0.1309436074740464
-0.17011924776300905
0.05112748974875175
0.07718466722012389
0.18178066122085304
0.040743847375444155
0.3529993462052319
0.09947923438235369
0.413752206143988
0.356292466175493
-0.11461591440507464
-0.3007585768790705
-0.35958461995974544
-0.33988430231765904
-0.0769577860888814
0.03164156146078396
-0.059522426925837126
0.11101612306691384
-0.08806247295612928
0.15119574137344893
-0.43648801722528907
-0.31478880891888755
-0.803308683012948
-0.12416462519735585
0.6560241591170596
0.8273794777956028
0.2444722479323128
-0.21407141607610902
-0.03564815152845311
-0.09223639202378849
-0.021793043668145936
-0.027179144300235852
0.3481445897158241
0.35473550236650747
0.07600708429741582
0.15528331785652996
0.13579748627852944
-0.10102764077084518
-0.3692945515964444
-0.34722467719468475
-0.48441664712288396
-0.43279879034967994
-0.0836063262809224
0.1534873675888188
-0.07756221909283816
0.03243742217644894
-0.050927951127028616
-0.001434012891915539
0.07910954731904916
-0.419615364931988
-0.19885549023853882
-0.7277099129357644
0.7404562375030488
1.3276929070818524
0.21593983225797356
0.34408756559810943
0.12031560947918253
0.11748581470957756
0.11455165533832945
-0.024739099066950845
-0.26099393432884743
0.03464251106544616
-0.19929363910473952
-0.45021691072203346
-0.14229141595721584
-0.3063874428325374
-0.6125174160876774
-0.4620635964543099
-0.7467196461809064
-0.3144580287662542
-0.27976041430200854
0.12257914859767664
0.3159454766106861
-0.12229912805609458
-0.010693799802029268
0.07459402651981124
-0.0737924686422283
-0.32898871728012774
-0.357306230504229
-0.8290879462982342
1.0926227323169289
1.3279692391793805
0.5274813376318714
0.1160479377696317
-0.10244353536944496
0.11256460273016106
0.5728787621483904
0.45217811547540615
0.05672582291921681
0.30007117054391325
0.15573275179393545
-0.02770414994319434
-0.39843303656041557
-0.07569714482748126
-0.1451716007339
-0.45366194836091583
-0.5624166331494846
-0.23853305519548348
-0.3504711210026312
0.10850184148716899
-0.02628329444913801
0.2279989592006872
0.2764085716540081
0.10365137769897223
0.024056780380035295
-0.22480493941545018
-0.5651642780107317
-1.0569653029351136
0.6086391202352462
1.3358154769915769
1.0459582969156784
0.1575709075354045
0.22984983187378188
-0.14534074333469688
0.10095494337758242
0.050299216304755374
0.19450322528370198
0.05365839905875764
0.3566981864893868
0.05600680396890232
-0.500344771822393
0.044904677802502645
-0.06656108577300272
-0.13459172032424638
-0.48043100626359864
-0.1766672608492742
0.019317867627967302
0.1981381669266692
0.0009715700094228624
0.09752562408868111
0.17535912000647103
-0.007949449535723862
-0.06958123447182155
-0.2086878274715064
-0.10389711535738902
-0.8718257677969797
-0.5465889567597177
1.4152833511777894
1.2123609027422775
0.9165742227920243
0.20848857999379974
0.01804477420505082
-0.07028788316914751
-0.23171289345288607
0.3088255143441132
-0.237959156231784
-0.24650255678491084
-0.37736957287331363
-0.45931184107143586
0.15181638030671674
-0.1548909015603542
0.2277302067692065
-0.11450514473919136
-0.10914718595055864
-0.08387027206707698
-0.02588060758209602
-0.04681516830762775
-0.10619403319565597
0.17156853904838262
-0.1410631770564795
-0.06844362529892825
-0.06386416700582676
-0.12056549034858638
-0.638763226562356
-0.8601355461932289
-0.1093394628262708
0.7668390027280394
0.6966959177784613
0.16004737658690116
-0.18027091333560344
0.2293896563675367
0.28323711556771225
0.3782926477459172
0.2909786621076316
-0.2920832215287507
0.041901649655083105
0.10062681468876702
0.2744841220334935
0.4682276811472026
0.3873543065860224
-0.00836299869480632
-0.0919808174092154
0.02523313274936575
-0.03714115910445814
-0.0186571302757174
-0.15918683245725793
0.01332394796683471
-0.00627586083839647
-0.25152947209071824
-0.3627516120061706
-0.4427124264632266
-0.1456389968145645
-0.768739847400316
0.34738773287754104
0.2636454083002582
1.0057319210482247
0.2910829250890436
0.37595289046622005
0.48192666676877355
0.08372125993143542
-0.12146362187666274
-0.13221207729777065
-0.16657307771425753
0.4932594872403314
0.6223128977909491
0.6059064132029929
0.4320449293812908
0.44140092830748956
0.32269589752621813
0.5124784389510656
0.4415254238689611
0.15784579132708423
-0.04958801525892196
0.0432002684021795
-0.10978657676728215
0.05549437818571551
0.023466971425199653
-0.08902055621237691
-0.03954276614154965
0.1800275449169622
-0.7260065621472573
-0.45832062188206374
-0.048747905232435385
0.2568409354857932
0.17713663590880815
-0.2093772019853085
-0.08767786027713129
0.12326588479624584
-0.2815207719457891
0.34064479943685483
0.39468392334673197
0.6021548902243735
0.48900645961927397
0.5963110285350698
0.6400695328366174
0.4588708777691669
0.42253788053306507
0.23547399159625995
0.05840079232550284
0.058695969356376644
-0.2675892647165353
0.22412025558670248
0.007931470154720208
0.01429881225974333
0.4848494805012206
0.49491196042570085
-0.3886473238384829
0.09975585896967
-0.5740743425264275
0.26476800993287497
-0.06208545038702125
-0.07374433151995205
0.2082249290304178
-0.36088436592802725
0.3164911412547759
0.19716768559122574
0.06952299083170516
0.7286447665640049
0.5988201450805929
0.4636119625937689
0.05389226664270978
0.3948432225421959
0.6350980410192223
0.3034635980751318
0.3098283667466855
0.2123373419085364
0.12399716426681251
-0.1286425235780971
0.006242723600215736
0.050158610380599614
0.054208821144794486
-0.06701809992412344
-0.033781881976861126
0.23881377217556665
0.17262715889470256
-0.3689128199827969
-0.12527967772338058
-0.13275606742323856
-0.34393708091559655
0.11196708758911027
0.5050819070464796
0.007181311981258577
0.48895350095480616
0.2239498950107436
0.2476071194245635
0.19725634397272312
0.08578616407739999
-0.2039337662971337
-0.1485960305810171
0.013862018726452869
0.3414073995055103
0.2597937956381219
0.40537084414880803
0.04397860951124354
-0.011002199443597246
-0.2131700540177388
-0.12774191493627507
0.16978396857595895
0.2924637301942317
-0.023561245779270625
-0.03189645191292998
-0.24655528768772356
-0.38724456916416283
0.32144584939652254
-0.2500700152003502
-0.1504518631623394
-0.6277443711914167
0.09222205451121325
-0.23560658945849242
-0.07162775307633558
-0.21036959630564303
0.18390659472733786
-0.02371273481734802
-0.40256549393749724
-0.44296120282887574
-0.05385864857745095
0.05713280211671816
0.3250250086118287
0.22297754791514846
-0.02164988109197952
0.07491576319678614
0.04602378354216572
0.2170952282851029
0.0014915910692812583
0.20010416509537746
0.05136221890592149
0.0031192774421778635
-0.26173962293538866
0.06265046337481067
-0.3327955215916471
-0.45690179256711083
-0.2384573957357441
-0.1701352680375144
-0.04962366803499149
-0.2810588827319344
0.2290678579177398
-0.13877744848606954
-0.2921695047806188
-0.34720090564111844
0.15170077181364375
-0.24601683754486978
-0.2887673160318384
0.17392553655142995
-0.061978293055315506
0.11118344625864753
-0.4677489803902447
0.06055510927095135
0.07650019508658605
-0.06483726369738144
0.09628780609131969
0.2441060522269816
0.14104097261091078
-0.008773549605584631
-0.009774794286934304
-0.026200722750939216
-0.2929694223855592
-0.4443106284593811
-0.07026213030450545
-0.1483762778858193
0.19257694653533458
0.025527958122426607
-0.19243943152652765
-0.13243850949541786
-0.1165259062453122
-0.027658736658436697
-0.33985852342838546
-0.22581207810208745
-0.20140625409381976
-0.4546568983439073
-0.3998000102547478
-0.2660289874942815
-0.1541997674249222
-0.33687514457271217
-0.3212016849949527
-0.09281564731479328
0.17887963452270747
0.0041102154300866455
0.14668025470113716
0.17413680734784867
-0.12613817527085308
-0.2617102076567739
0.04726237022141167
0.14976257179544594
-0.0841262499608377
-0.1353035957217168
-0.3661808230932875
-0.08629177851953819
-0.21062147830998262
-0.15901088335971228
-0.19000865920037996
-0.32840753086448354
-0.13495755111595692
-0.13492850208121734
0.10827162360914709
0.2945427008185804
-0.15395605790593636
-0.35480456534967025
-0.40035507085237254
-0.304183515633422
-0.3418574004032501
-0.19859170557903402
0.18758314025448405
0.3243518858149336
0.18835513642651536
0.1724281009030776
0.20548386604465566
0.07092862418369883
0.11083537222871902
-0.13168501228336452
0.04844381820851983
0.04367159023662682
-0.0140426133938488
-0.18873287681593873
-0.0674858775247598
0.25069898534063306
-0.23466640966434704
-0.3119458584744817
0.046067357516325215
0.02142182305035769
-0.1801373518544995
0.3030009901405493
0.32271640342810587
-0.19696761334437654
0.14840141458238446
-0.03148435922973407
-0.048878252560797385
-0.14677548681927705
-0.497512998168833
-0.25282632955132106
-0.005284300046463473
0.06945169789567199
0.2967422696114364
0.05492961032420891
-0.05180320186482095
0.05191782491375559
0.09498682382782382
-0.15035423685857735
-0.09900404970137758
-0.0514826317519261
-0.29178837993475804
0.056418558162523814
0.13098379778270547
0.21892860554749527
-0.20921172543963143
-0.05264862815789804
0.07510654188290149
0.2017649648131311
-0.41413952516614516
-0.13578226193458004
-0.14113040072678715
0.06440547528138173
0.04607674543511415
0.16440240893030147
-0.07441863559390731
-0.22225833329524772
-0.2776663047126522
-0.17093390616719994
0.10156159248886006
0.3252986448028246
0.24642257884455676
0.01624945286031684
0.13088547081457255
0.05168528845302013
0.2407015120131929
-0.011573745625608088
-0.049867593836042244
0.18269611684013629
-0.06403219585098066
-0.022987275540699584
-0.0006696837701251255
0.24755959921856188
0.34411129867445545
-0.3190381843683317
0.11977228593797647
-0.13782922046000062
-0.2532742283518901
-0.2905627272778076
-0.16501422346684183
0.2839483927081185
0.2671410155911107
0.028926228235347212
-0.22348383832609137
-0.28689347697083367
-0.4573875302658852
-0.11103900234196394
0.2411930055786678
0.19068160427437614
0.16847373511344366
0.11933818470337205
0.1812388614170126
0.12757649601628845
-0.10103237007573458
0.14800955634737478
-0.14919052397971916
-0.06328173358936917
0.06507990271800627
-0.10761688739403437
-0.06928066918003951
0.2280148667478574
-0.01455511127991212
0.023143446661547537
0.05354142608148908
-0.16878391765631284
-0.27099962070078293
-0.12174990802470305
-0.09198633725215356
-0.020904481026197606
-0.011172640645785064
0.19069861687867223
0.0328825647063777
0.11758828742605293
-0.04153450577258998
0.32282270785702966
0.2906824675853687
0.2045279222625734
0.1510742451637618
-0.183733059120994
-0.1000264867488591
0.12339220875975657
0.17157816148098637
-0.006713795513874259
0.015785355282435114
-0.08097899245967141
-0.052665696515509806
0.12797598252608158
-0.056449961230135445
0.029712575777212546
-0.48511286590604125
-0.18618856182894142
-0.010299247591836045
0.2555036490989311
0.05638566046429196
0.12673037367428353
0.28008143019650567
-0.06657654041858115
-0.13160999017791566
0.04233848597789978
0.1670152954467309
0.32002419974072077
0.3804000142857463
0.18014194315428905
0.5110662816584857
-0.11506666510704472
0.1075459339860291
0.022601228625053975
0.0819834998322232
-0.17408586275222965
0.11354408740193382
0.24722270648682126
0.035009124636825234
0.03591895206847784
0.0626443140686025
0.09560499919526748
0.04345233132277883
0.12180413654789002
0.012125434109763033
0.2593657700709619
0.5805107541478401
0.38369627355135155
0.09114898079934122
-0.10508083503734088
0.05767674411027406
-0.1639875947489935
-0.002531762306039791
0.05850012372080373
0.29497222547862484
0.650924559890011
0.4571962881108604
0.11857882939610727
0.04533057846281365
0.2215238023387608
0.151294370297192
0.07569410123351013
-0.0674065498672152
-0.0574040242660778
-0.24040456250082393
0.08921720068228843
0.01142533368201456
0.025061971710840417
0.03777729037968008
-0.06749108548906421
0.14059905861517932
0.35115619241354534
0.2555455744189431
0.35792641919502166
0.04055719540704657
0.269542793612402
0.10637871707106167
-0.06764963485672772
0.18153098260797843
-0.06809263183072647
0.2542836811083694
0.35108532729553327
0.3084675736951758
0.4592084486439653
0.48320231566746846
0.4166072280697167
0.3535016572978765
0.22888477138821078
0.09964581960294787
0.03369963319184107
0.20046353038907852
0.28257675340662214
-0.00472140132935889
0.07211176261090012
0.03389590927759842
-0.0830952378592161
-0.09143816898071794
-0.028553277789843064
0.07540507128397558
0.24610882864912545
0.21890695681694705
0.2535278159282705
0.3815606687349856
0.27521964801127924
0.30611721716762225
0.29336777645641643
0.400814938581833
0.5359045137321803
0.48247749832384146
0.5499919346518627
0.4653443164522175
0.2571257558733765
0.22363516586880786
0.26870918695171797
0.12249766376151912
0.06801984746386937
-0.2310689126806707
0.130117391743335
0.0052354063590095935
-0.17081343307423552
0.07585966194037583
-0.2912774001032701
0.1817456910888802
-0.11991244629015199
0.11354583920770193
0.12715325236787353
-0.20998615909487117
-0.16105134686195482
0.12673387713087578
-0.001861034466289347
0.005747087259103041
-0.1314015130259088
-0.07409564289704047
-0.2491923398935518
-0.08362344873118828
0.015295877206470559
-0.09352088038404321
0.0902532641681111
0.04492893940695983
-0.13087793807953157
0.14559206035582012
0.103428155807242
-0.1387776302407458
-0.09506056981133972
-0.1878050701475185
-0.004725915473816794
0.23944173409987124
0.15504191195711223
-0.038396375668616305
-0.09454932539685369
0.16083965703399405
0.18394027988174855
-0.07485420705853398
-0.139514530262068
0.15123867851472697
-0.03766472496246737
-0.0822433715470534
0.001265471486999979
0.030504519133928952
0.028960215549897195
0.18971813359633014
0.061001051990027734
-0.0556207990567602
-0.02024779657091032
-0.18852588586450608
-0.0211628557744991
0.06675524593332452
-0.0557831183096971
0.037830059165757296
0.10713371628931723
0.2816929900004336
-0.10091873609748096
0.11332043868726101
0.013913080142601751
-0.15598979766167917
-0.1673493512487743
-0.12440649691067485
-0.1443546971197165
-0.017639547361794437
0.05196160217174943
-0.07034409815975466
-0.24023199528728137
-0.02459273399719504
-0.010540658215754726
-0.07986740543809295
0.0561582848742339
0.15913556035556534
0.24158992976383187
0.3856380502097966
0.06949902905954283
0.010026606947157582
0.36142087485406343
0.2973757362235696
0.14723502107243625
0.2491167309596203
-0.0615211731499293
0.09732891677481756
-0.3042225575986701
-0.09049460644055343
0.016343765285652186
0.24120781048679443
-0.1437402640226519
0.10579324807472966
0.23701565644846492
-0.16060727592734275
0.01411361189004471
0.10749827703868166
0.0704953167522706
0.20016717530931907
0.22202439039725816
0.07824772588243427
0.005563225002355171
0.17189624180912685
0.24582534165617628
0.3551900941776162
0.14066358442304652
0.5448014536108337
0.8475937902021332
0.6208469547661759
0.5918724086127368
0.38865942949741783
0.3761368654416076
0.34749588607096304
0.20443257750191005
0.16035107124375628
0.16308372359178125
0.26247938068403176
0.2779559766759836
-0.19949217698767566
-0.07885073960612785
-0.06183068385771962
0.03143538117261713
-0.0829579497789724
0.09625382695514936
0.08409164127634103
0.022867953904568417
-0.04341488019346847
0.07855814079310745
0.37710262188285293
0.21163285308798135
-0.02385316853057679
0.7979770772544426
0.39695984313111937
0.5445135016965815
1.0119927756614575
0.8659954167965905
0.8807012809617439
1.0946671045838232
0.794458211188937
0.5759252273493531
0.3434149558830266
0.546053621960487
0.8972131706189542
0.3909109992606376
0.2610647138301436
0.2041674697971588
0.09862979058460972
0.11206905975060835
0.1346366895114618
0.03492051094438895
-0.13168582266117176
-0.18576481743721784
-0.028066345125656277
0.2660850333331342
0.16000384486632038
0.11057653741500985
0.02353667187179048
-0.3929452653177948
-0.26723130751135266
-0.054285861569166635
0.0706127328357305
0.2796513671723788
0.44661079527268144
0.06350847289415873
-0.23756077532715958
-0.15384624554695922
0.023154710332852272
-0.34823521036359634
0.010373660343783115
0.587067884276072
0.17140610425039318
0.15552826756204288
-0.11841619606556561
0.35360881870158345
0.044641078625630756
-0.2692304372464105
0.09240779090939155
0.11611124236641479
0.04184112265388537
0.051154711476992666
-0.009536489894281523
0.025144817359488134
0.021872009416777714
-0.014627405448070684
-0.6296802270255489
-0.5894340439738434
0.0870657789945546
-0.0647718109281016
0.2760631195990137
0.1412964333660157
-0.0430232373169788
0.13873703677614743
-0.17502672862796287
0.055504939722900375
0.13884760434721238
-0.11921336338628455
0.14823208794375733
-0.13080842337726403
-0.18239179240178627
0.4357829977562663
0.04306273912887236
0.1015280732123308
0.14095633052307363
0.4776892371841822
0.13131618716386023
-0.050274059933123394
0.006856741241956817
0.05573860130449759
-0.07895072157777364
-0.14135614980745473
0.18166117608124543
-0.3622607844818643
-0.41460202332566315
-0.3073914815276295
-0.10075570935516313
0.2775164808765
0.05688020798221057
0.04574068087536253
-0.030591853139456157
-0.01770514150000005
-0.09711694789498626
-0.13212488848894954
0.04149356747802926
0.19119031281314416
0.16926619432532775
-0.47839325553898643
0.21054178885769148
0.3474779256468095
0.16294971032468908
-0.08158357916945645
-0.02305119268291037
0.4284123572704279
0.26378934087894235
0.34132225892130946
0.15455860306789893
0.1528943721411148
0.07562471061986598
-0.10995102679831689
-0.02873745135346787
-0.4618499887564071
-0.6127619357433619
-0.9503689446626069
-0.39978879398733685
0.030613073750436252
-0.13263965093913746
-0.29685358324430444
-0.35043999281952604
-0.37114104404899534
-0.1988714455456328
0.12498188623158846
-0.36113814777845304
-0.19730428047994814
0.2973926679832125
-0.15380007794286593
0.09525806972398795
0.1788441398594741
0.1685099232393059
0.278999763168411
0.17342149528932013
0.2992602243492334
0.6484717342549182
0.554495665218544
0.09399011675498667
-0.060110395545745626
-0.02796173949046835
-0.3092036010742684
-0.3482162384546981
-0.2683158883718445
-0.4809682276771242
-0.49756080379798906
-0.24724193776822917
-0.5396500410232643
0.07491411946503962
-0.3937196238904769
-0.13277303444383295
-0.1981233164563219
-0.6932996861973879
0.03865088478513235
-0.2908456368736949
0.2617563511758839
0.24532428746108437
0.3130615368978628
0.0480436573582647
-0.014064559343548659
-0.08160677733977893
0.14016322739353634
-0.2096208435898932
0.2139974929503201
0.28968868386163177
0.30532269324438344
0.23297870428006515
-0.11655240886676263
-0.19987466858110958
-0.1290485383215324
0.1610210332521663
-0.17478487054539682
0.38200634640599773
0.3891052921656528
-0.03564907545391268
-0.14561217259194437
0.0135961681526741
-0.030837620671447782
-0.1689191992376233
0.11553148082027365
-0.6662126806005884
-0.3351512712864883
0.09868881097006998
0.0899009581909431
-0.06944486535546397
0.4292704560038999
0.19255841907425972
-0.13314265399382458
-0.09803025166213673
0.1869144039134029
0.019160418772686486
0.04707617664014014
0.4703454570986399
0.48431661922453473
0.07475489858856121
-0.1874898857119539
-0.1319817724596832
-0.10098150786267497
0.022592902354931565
0.14887477219969028
0.2520296034125103
0.07947183881271014
0.1009657196052002
0.22821566073092983
-0.018294660823791203
0.13333334610418143
0.22370602623549152
0.7751140732685822
0.20380564791571354
-0.3264056077245113
0.29554476390555817
0.19657715280089838
-0.4275814935955509
-0.10183730244963879
0.07435391647282275
0.2633681142483379
0.22184533766626646
0.00945673462384341
-0.11448644715215493
-0.05935283647088158
0.27849869151397777
0.19025992670332076
-0.1808776074863112
-0.04827310540732197
-0.13043300231900434
0.21535269492656872
0.21731575077016732
-0.23197621955189193
-0.3783065752371351
-0.4343209983017427
-0.26536121561006576
0.10217721356232333
0.26534886064152585
0.378392913719275
0.48396662276967745
0.148590885809716
0.2761963707989634
-0.23064614199678268
-0.052444162152870365
-0.18602687150111868
-0.4343170137866622
0.39810761637499315
0.05729515559471572
0.019128966821913132
-0.07709096126792216
-0.4126819291664555
-0.258233523087
-0.08239409724039842
-0.01907638095175129
-0.13043020954827592
-0.24887212381160984
0.1533672753179985
-0.1248240920975914
-0.19517737165000468
-0.3060446322581044
-0.35788097014002057
-0.10030818914574333
-0.350062709355749
-0.4910063434322763
-0.3172874928959396
0.1883084090792174
-0.2285322907791081
-0.27726617320891156
0.22285194373899553
0.07862581100881026
0.1811137440210868
-0.19579594692732
-0.07492242337319745
-0.5983000944078976
0.5171023360457944
-0.5431295109203725
-0.17104876819570075
-0.1778566903779733
-0.3054518492750529
-0.193691357735457
0.1880285420347479
-0.03908733308731746
0.18315586970198883
-0.17021720402603324
-0.041945969196709655
0.04682491322349348
-0.1382580540764988
-0.4271867862478293
-0.5296995902034105
-0.9906932681168749
-0.7916988569758105
0.03496016494032892
-0.025147684045514252
0.03859340704845789
0.39575408415867236
-0.038966317904178094
0.2240959820749534
0.04582240224059195
0.07761229014715434
0.1516993132152474
-0.40887704196092967
-0.2613159045363973
-0.2970556561445724
-0.3798013775944472
-0.3705866688232122
-0.4009276346101335
-0.3271569154860538
-0.08818770989352655
0.234220363703842
0.17769697750087177
-0.0014613977288696841
0.22598422354724282
0.1405922731517069
0.005287566177745673
-0.30928820118273703
-0.4256527918579194
-0.3243919531000029
-0.33484219157209083
-0.08554378887845615
-0.0016635350328841228
-0.502218702329495
0.022690716064150292
0.30879487618437895
0.054712213229748695
-0.28294406729491617
-0.48470378313227674
-0.5214736170449032
-0.9388346578200213
-0.2892190175822586
-0.34731159968056274
-0.48803744437230806
-0.42030091514585255
-0.4202273139039058
-0.012603318105856319
-0.25535959668983627
-0.11138248408020052
0.09108695973226516
0.04995201966292869
-0.07087005082401404
-0.019564974919770085
-0.014707542085857301
-0.18381743464369968
-0.20278519043209442
-0.0882411150684807
-0.1460196763162521
0.01857654038031734
0.10264251277341081
0.26210262307909354
-0.07090713818705142
0.14461816165267777
-0.12562851479482712
-0.23596419517338652
-0.0931226417387337
-0.3356603957410635
-0.12056271019963491
-0.9547994981472983
-0.45552430594838567
-0.3597066677912423
-0.2108639253791667
-0.3361477319583712
0.20671573490467732
-0.09540043078919949
-0.07149735291576312
-0.021217637684737507
0.11588950341259605
0.01636316990022433
-0.08172952573941764
-0.009116343107206486
0.008474681316845343
-0.20801314173839872
0.047824523604307174
0.18336821876877446
0.18201462017500833
0.43311101562104476
-0.23897622790912273
0.023277602345550413
0.34800840329922644
0.6897599906428503
0.6145452983105982
0.5952380501023219
0.08111876879301348
0.259327854144836
0.20617427662499047
0.04704389658209284
-0.11682480903340074
0.1239007890386707
0.1827824346568932
0.2539418654098079
0.006051946840399195
0.3277946266710801
0.18213863835641697
0.14320632385332924
0.19967223457632466
0.04046318531975557
-0.1810274638993415
-0.11143307688573292
-0.06900553469806348
-0.09097470519390635
0.3051028584790675
0.175776597035667
0.5324708474189934
0.3773219669563311
0.24542906958335003
-0.07246862109208767
-0.007160462119330686
-0.4487097625053663
-0.024281070765190604
0.012314582192568022
0.06451353561650244
0.17250474482918413
0.13567313759367403
0.5489610562457247
0.0008074713117603422
0.4081289523756571
0.68253018056827
0.6860122491607898
0.49661419270154933
0.4726891358207752
0.12954031490362808
0.21391117132920942
0.27515797205000947
0.06519480718534829
-0.032082673474445565
0.1270644762998668
0.004683627133732781
-0.30018090642241996
-0.07602423582671439
-0.003189663820080658
-0.008777417223392241
0.06046453201105353
0.06690263526226935
0.0635924131534285
-0.004171659578013643
0.34284365650152376
0.327114043995
0.5865694878065141
0.48342586960633155
0.12492951761169492
0.622905502171405
0.5400512692826793
1.0722010882751483
0.809920079678893
0.7702735481895736
0.752607776097794
0.7680053600826002
0.28270212018918073
0.31206420402849827
0.4280344511867734
0.12017343432064495
0.01667432245844278
0.1308040676717771
-0.07469653554907855
0.1550680163327871
-0.11526864352324286
0.09900264209458214
-0.007118492615022447
0.07068320890023493
0.06646740980856182
-0.08120012368724494
0.016372866274296745
0.2746492098891431
0.5883427078423561
0.22094689186315394
0.2967067385557714
0.45564606944795366
0.36459284992621244
0.3386561495721923
0.27682810987187156
0.42732782182817214
0.1599550226852941
-0.0010149870590347395
0.3797561543009422
0.46607749476474947
0.07187784299456096
0.3055874412797594
0.21810373439444367
0.24087757165870635
0.14697523783965025
0.10724536432869011
0.20752488172165268
-0.0962895609122614
0.06138929174604937
-0.03919849261758881
0.09573470738653977
0.30639613222726675
0.2536990561188171
0.20147176107896825
0.16381510388648046
0.235445659985466
-0.0912777525096443
0.14635980120278003
0.1078541975564536
-0.13334244794342065
0.22733640434715957
0.2385276660652215
0.5303386020233501
0.482408127183254
-0.06711759998620055
0.30803045741081303
0.4332293731730563
0.14946592228148112
0.2235411720791973
0.3145468830310596
0.29547228208110504
0.20583222709148896
0.12844364795448956
-0.19958729769889083
-0.031916064305051756
0.022898552220056784
-0.14560958556363288
0.028152234617388784
-0.1320082777017473
-0.18088029528483793
0.03848923124066674
0.15731216842269644
-0.30849810759507257
-0.06163537594385243
-0.49805293270809853
0.2103623360192898
0.02813095358633559
-0.056473023425885935
0.2989089772187678
0.08493014382757315
0.11708745631100137
-0.1061061686336814
0.1612514634404961
0.241579199894216
0.38815496166103447
0.26492962161328526
0.22599007648648756
0.43845765826253463
0.1740505992983567
-0.05023564421854158
0.19708567170195126
-0.08527888251875143
0.09222145644793392
-0.2035577459756066
0.07473651502359417
0.09488099104168811
-0.11571741932888732
0.152993227189996
0.03803641984872198
0.13738876727356727
-0.1923356898904745
-0.2226094835570446
-0.07244911124381874
0.1313422564934048
-0.05582244382294995
-0.1373030521039392
0.23700097820799315
0.11213173395298943
0.3345657942160032
0.22141472676191903
0.14582919157413196
0.25540265952227204
0.45834326532611164
0.13560548756197272
0.1864166103748541
0.0648628473289138
-0.08877382199430865
0.06867584574566482
0.09384368152819061
-0.022205014461654887
-0.0412594898679653
-0.008395970596643222
0.15084157943764898
-0.03006538710141771
-0.03934102629320548
-0.0689980493534521
0.2526306458836565
0.26191566164924734
0.11411290345307795
0.13082157656963625
0.3468246583947762
0.10609813566868538
0.11408112070160807
0.3191782682383475
-0.045967799252061015
0.01986657396497297
-0.11112909115196559
-0.12328774966943705
0.08547671987569072
0.03678142500077276
0.23724342353694092
0.44252291455459525
0.10263736006404914
0.2516664399521878
0.17241053119297672
0.3060541710179898
0.11657500960858819
0.3309494615894589
0.07721151198629925
0.026420799839358265
0.17931962784476854
0.05035300928222405
0.21999249832999124
0.18210870605251359
-0.08841181232185205
-0.05617509058182344
-0.03980441850023263
0.2672600351315784
0.25958693829116664
0.0039889308663484686
0.3793010324266017
0.19924867997420326
0.11241964937819987
0.06341087158708665
0.1383043548013913
0.10918462570097469
0.22293223450452224
-0.053721439544157874
-0.0578046746243209
0.3005114705155365
0.49966772351841343
0.2001017741625818
0.3065301263426529
-0.08521202166498629
0.19835715263244819
0.0061046826749298145
-0.01812920117116531
0.06246854533123192
0.1381145002796567
0.07832131446373436
0.05529459694915691
0.14705998813943913
-0.0009036163863741627
-0.1905283687507753
-0.1250125697682013
0.1768547247701314
-0.06425603400070157
0.054553292287044544
0.21883991616800227
0.27591675557595696
0.09601722990238161
0.22076939636822773
0.1362630253307465
-0.11267008378645073
0.21673480926937377
-0.12000059624584697
-0.10955167339964889
0.062276712107388985
-0.026591826773055476
0.028012089216490052
0.2545247411560656
0.09112374456614222
0.021111135585343627
0.09615858465134079
-0.38758249659876126
0.07816059403694973
0.046438825003558316
0.009095807990335587
-0.07601387540470056
-0.14762445436094343
-0.0011900527946643526
-0.2829533380891812
-0.13937956209204394
-0.1709451878047022
-0.13012803949870147
-0.25599724322555506
-0.2543370610194076
0.07201834544106671
-0.05501811163527986
0.06710887054991638
0.03731034611865001
0.01013218141832145
-0.1739671669267752
-0.07028132606764907
-0.06076530073227209
-0.17351948550873916
-0.14407239418016862
-0.13287029562664557
0.038481025152288614
-0.18590800106500543
0.035159244940089006
0.13253587945833414
0.17357985442027007
-0.2580844204166235
-0.019158174531034602
0.037141401299719774
0.05849687734381578
-0.01121099528541823
0.005574310062197549
0.15301372513817674
-0.06229849909751171
-0.016033013701234614
0.22433380758304228
0.1336742071932192
0.22387653842504984
0.2435985914784782
0.22284886561728612
-0.12868814200148498
0.06692701497442176
-0.04138336551352063
-0.0056387324029424524
0.013406605145645869
-0.04057969544983248
-0.08583056303165051
-0.015828236805581566
-0.10534187969216312
0.26102313600214905
-0.06109421786440746
0.15872747062831224
-0.1369763197570238
0.06863927416991708
0.08393648946559552
-0.09302622662006073
0.0219733842803562
0.22905421658200636
-0.0727699431147223
0.32333558348613767
0.0523804572297462
0.3214297760752717
-0.06295731808162679
0.1741180907862015
-0.002065699556047424
-0.09910589480168396
0.02526524366686201
0.30311195083292974
0.48137210314458617
0.012014306982388895
-0.058223291740797156
-0.11759382939386748
-0.09899056415038576
0.18178482673158924
-0.18639372183207317
0.17882296946540138
0.05267022819862013
0.16168433554320127
-0.02255088592140945
0.34463268813124337
0.342615927782659
-0.02068091083597293
-0.0562059546006804
0.027200663813080176
-0.09420670826415777
-0.029653658462944446
0.2814542596500464
-0.20044277248512724
0.08133587136667378
-0.13598527018504417
0.03488361701743042
-0.23619282796186827
-0.18091909123742916
-0.18176873304560018
0.01391851082542658
-0.20682060885149084
-0.19175904047336445
-0.28779887270079035
-0.1328799924576459
-0.25442644529041025
-0.2018706558560601
0.26611693692410954
-0.03916319402411078
0.22848920448304721
-0.2190783493788939
-0.017280180889842567
-0.0033478051642455422
-0.10490804879382458
0.029603053236440663
0.14612817046966242
-0.06550128859147877
0.016438350490219397
0.024416236474003008
-0.21538116627310985
0.011092196604679892
-0.31984147279091535
0.25866552431442225
-0.0798019946696157
0.04993113915238095
0.5993181073148944
0.6657094227753545
-0.013371103409058855
-0.14263472457468637
-0.20599893645503262
0.18057507438038187
-0.026714152520443794
-0.0753735472535872
-0.5081620974418162
-0.180174008580564
-0.13200435902920846
0.31395083146802594
-0.034568520688494885
-0.05890207209970078
0.32451784404430023
0.06510739071493886
-0.25619228401487576
0.05386434553272882
-0.0581019978108884
0.15388630618464047
-0.06240575165498437
-0.0018551995045729876
-0.02155280609089595
-0.14443668130732165
-0.2240322471725166
-0.16947088890502354
-0.3615034196329244
-0.0488102979233818
0.33638821855476514
0.18890762501649422
-0.291681019253481
-0.386449464740431
-0.12320267743058837
0.11044860639442265
0.3075775904907249
0.17766435490279237
-0.3219685113604001
0.03967099737927447
0.04815212977898779
0.13456100722319936
-0.32179605250401105
0.04840266629100346
0.20756663433963984
0.058714028259637466
-0.031183089487519224
0.09552600235232508
0.26052803902023663
-0.003765852047966664
0.04384709997285196
-0.02283828528022878
-0.05466384557313751
-0.03177111784052472
0.009005727706769702
0.18735855124658965
0.04829141309556611
-0.10423606456459313
-0.08632975300090481
-0.6505680741686959
0.2145162777498592
0.30826860042544446
0.06211502793140877
-0.10669846916039741
0.012705301017611366
-0.1799948007193323
-0.0025544365690994735
-0.29403121946756494
0.10014647873689604
-0.17510623688510138
-0.23003464452898975
0.17987902667184794
0.3419733512840119
-0.08051469013437236
0.23971931354253323
0.08252279540053721
-0.08264311006463221
0.03970505181865963
-0.05095674105090248
0.10352638070123693
-0.04508802497391922
-0.10544869385077169
-0.1922844750215232
-0.3300314786711264
-0.23144553610697396
0.09461806647958401
0.1827252909333276
0.07105740107863202
-0.05886075879093713
-0.30540097659521553
0.05944654792409119
0.22855968845119076
0.06611743181137386
-0.22729882325058395
-0.13534513540122758
-0.22017895562175221
-0.18852947712522256
-0.15400258869507177
-0.2346766328533521
0.3103496544884975
-0.12579306166011464
-0.08724516780558948
0.22769532707645657
0.16095855108012613
-0.00017164535051460505
-0.09366554897437206
-0.29532923003665174
-0.2832822018359835
0.04230598972132956
-0.11109391237405622
-0.02562817452073023
-0.12752744234817076
-0.10511355546300809
2.0307322852762273E-05
-0.25004316707673263
-0.22874406115673748
-0.20024431085599767
0.14774871705743384
-0.09793279494899962
-0.09463402514761839
0.18993380665935866
-0.3035429130682637
0.20347872616297383
-0.11709539186240803
0.38746737639046164
-0.07739297911344514
0.0445129718737289
0.17470354807454005
0.08526536882800777
-0.5462186921853739
-0.1605793487985867
-0.11626296021483562
0.12978276323679103
0.0962245573307549
0.03383976754953415
-0.2793040944733135
0.24636210225386687
-0.5712690285370895
0.12610402856383476
-0.21393897808924323
-0.5136054065814543
-0.07878397375546324
-0.43616896261830096
0.14311212426814993
-0.35778268662930374
-0.16466114582306227
0.41923552859463675
-0.0715561113577455
-0.24739782970995047
-0.3486845288406525
-0.1029526881127816
-0.5775237344485463
0.4019907702482923
-0.2596370987369233
-0.2690904539597125
-0.15172090488707796
0.28740619587083777
0.19591591158992586
-0.17509285882046421
0.17394597943146894
-0.057904912884999236
0.2091431729547731
-0.10168616159380578
0.2034335775309558
0.017689269313252196
-0.35827876107854584
0.5202001311870325
-0.2232338695822871
0.33974259153599434
0.5978962800187081
-0.2881770306804035
-0.09532067132176376
0.3166377042118635
-0.22331982829086133
-0.14090155297452556
0.009210560840560917
0.42118464068567674
-0.056684954186455645
-0.2213365033332885
-0.0725287406057958
0.07331845298275753
0.2500167599728819
0.047051028602757713
0.19993657440987442
0.2522635120560733
0.2597156181832047
-0.30910095345769134
0.3135685642716719
-0.15663534221165476
-0.13959338892518494
-0.19028074010493096
-0.27780657368536776
0.023648329796241773
0.13114143537994855
0.272192742129174
0.18714190796440283
0.24845651082665765
-0.17829940467927813
-0.05770978382098785
0.39936309570597184
-0.24064338855438652
0.1363756505990526
-0.29557500564393807
-0.4984300742798131
-0.5533478635998088
0.14977322583735764
-0.6119179563627801
0.09569879795780538
-0.28533043301524674
0.12935008179763027
0.040377920963155484
0.1710990718698228
-0.01819466012405416
0.2022650540907283
-0.17919071619720883
0.26411402770348497
0.12694883268488127
-0.12053024569579499
-0.11582183166516756
-0.13897120429545834
-0.5478339206671804
-0.7976163797692579
-0.22068317552534208
0.26833104126760193
-0.26380723721819127
0.05135230039142713
-0.2962631879335195
-0.5532583192021465
0.005824104754618586
-0.05351373723125874
-0.23890598446771286
0.46620275048415605
0.05209104947541044
0.39389864504545824
-0.3017976661605085
-0.4185891845629676
-0.08625420514592065
-0.04745981493005302
-0.4508356437428919
0.001673127716615393
-0.17623014134152531
-0.08904099490384898
-0.048018394642248524
0.28568172196427244
0.03254297505841994
0.15869444165552107
-0.3282386486175471
0.044872934366730004
-0.854621618985851
-1.1806736773091828
-1.8712441620494478
-0.7406646078174006
-1.1225221828372516
-0.8351026756647207
-1.1342918898316405
-0.41818318856507525
-0.7503043072469158
-0.12886818681356915
-0.1770903959549338
0.0042469575914388805
0.2878255801362951
0.40568925177445436
0.37251190339556856
-0.059990769911674915
-0.33483183867256844
-0.3916074722759807
0.08461820902829302
-0.6562073498759315
-0.35118298914427
-0.15550796114828738
-0.10551188360172664
-0.035613214986208196
-0.04286563752801677
0.10081391435310309
-0.12546523332870915
-0.009107971314257217
0.02904916945067095
0.105395443981172
-0.5448014301998118
-0.5852847344979265
-0.5643077730549418
-0.0723763504924638
-0.12634178353868772
-0.4209491382441909
-0.1137518584117188
-0.2195850426725801
0.09721446302345971
-0.2408438682189102
0.3374900800149216
0.06770541349732467
-0.16235532240636144
-0.07348421680273254
-0.1581295411688111
-0.4970547426957517
-0.48019944464111597
-0.2098260305225083
-0.32905876835454934
-0.2951143251188678
-0.12285576130483986
-0.24534352584293317
-0.312397983446862
0.029180324935050548
-0.07061209464294775
0.46801650915723086
0.3969208709065981
0.8547545670029022
1.233059915787446
0.944478738860728
1.397504608427931
0.8909904502101469
1.121859883255264
0.3570761049260081
0.427635880054647
0.27913737609357725
-0.06184797516700168
0.33239758350939214
-0.47633089829486436
-0.4674650851761032
-0.046196272167470645
0.0015566918234478815
-0.3335257855274809
-0.2869785092417293
-0.7333995549460535
-0.3665484509679193
0.27352745172147386
0.00329502545067042
-0.008105813822838741
-0.17442613710227864
-0.2091296190174167
-0.24694155162074105
-0.13478126088371964
0.18743946085787255
0.1492542827243638
0.2601576663966176
0.7427771689841975
0.7337183153657755
0.6244930164273496
0.38256037796998726
0.6028970108893067
0.40066733844882624
0.4034215348526443
0.3972042306481067
0.06204686685087519
-0.009035860748274215
0.014936421071935628
-0.32565853138282375
-0.866618561757484
-0.4834564806002135
-0.2474497670084949
-0.6187481098188253
-0.06427831440127746
-0.22905561670394356
0.1996729401858494
0.20777993354016516
-0.025436959466664126
-0.14609720525053935
0.37712576157080413
0.09563310641677855
-0.29561857440573464
-0.37394984830491984
-0.37159349164902805
-0.4467124704620421
-0.6717344516345398
-0.5892657626162625
-0.7202176388457361
-0.07262565058433032
-0.1423926365001837
-0.2262659474072461
0.055966200101704375
0.14393773688429934
0.3526690218102438
-0.01181184699952038
-0.15438606713897376
0.0397274326983231
-0.49816988656466143
-0.21014152462717414
-0.21326948870528842
-0.17381529390917785
-0.016426994807107298
0.16013896726394425
0.27657762203292197
0.07171559782868225
0.5506265057529797
-0.010057137277273094
0.01417602300379631
0.22138948409593312
-0.22917632580081254
-0.3694561395636635
-0.47446465668450294
-1.203009171671206
-1.3243237603946634
-1.2952032858595819
-1.0725451892959212
-0.7795656463989976
-0.5382739591223726
-0.17388463263730589
-0.6305576495812435
0.07000727777478385
-0.07792020166349876
-0.8048856256833954
-0.25756243601975704
0.2685258125956311
0.12372332396021049
0.3052586172666417
0.5332500289419814
0.43830762477287216
-0.013636912575128356
0.4398472335452809
0.00039859673897638527
-0.25927238459310004
0.2551279327013926
0.09204167086411812
0.010623574766238045
0.015550521898129931
0.18003434001042676
0.04622746010200239
-0.3222261616901616
-0.9722626628441682
-1.117519793366708
-1.3540480476776273
-1.89358767995712
-2.156041549494088
-2.4648285977136477
-2.5094793229590726
-2.1463431162149273
-1.467017315658254
-0.8622487820030912
-0.1774270446355972
-0.16606442985966258
-0.2909276823505763
0.18696855954798994
0.5841335184392977
0.42344629221922925
0.5666634032622304
0.7222463492901046
0.22027818025613152
-0.15434422325064975
0.06365119710758899
-0.4979002728936956
0.15018308936348895
0.10005434992032618
0.1267325513874922
0.3248396298765633
0.12172984126001997
0.25472574196644104
-0.24442027162257532
-0.6173486727236314
-0.6729534827414532
-0.9866993647640314
-0.8771851810849862
-0.8857925408349138
-1.0129433200019087
-0.6944276109421043
-0.3751801038450263
-0.27130806507932304
0.27406259404942823
0.3086165524784167
0.3489881898071001
-0.03013789052134069
0.25914997214231056
0.0019670489708011863
0.13416746840005211
0.19301472492884938
0.20485162106801938
0.20235460086267534
0.011979105283120767
-0.27337696033547565
0.08661015744990777
0.09057212826412286
-0.04369065282186957
0.1928370242075733
0.2551990913362481
-0.03751222439197829
-0.28784270852658556
0.06790752784002982
-0.06678660381087236
0.03155473333791211
0.048769820166724105
0.5062929625154043
1.243307385113596
0.8730660777326033
0.5723306816931585
0.28577753068628264
-0.22476215133397892
-0.06630766891750524
-0.18722421309896053
-0.01756110915710277
-0.21498176227649457
-0.1693992029672722
-0.2671912972945405
0.5610185208151726
0.4777747270663401
0.040821721365245214
-0.03367822969666501
0.08852244757433393
0.01374337928727879
0.11830296415706529
-0.0736539423780593
-0.08017166435089743
-0.24605020731293836
-0.0030180264574098227
-0.09889613128172622
0.15736809147575287
0.6426998116211049
0.4370703100873901
0.3514711071569894
0.6770581418660006
0.660248777308856
0.43320516078707083
0.5759929063793053
0.5161947246885216
-0.15043041408132915
0.23083705609391936
0.35225844168447423
0.4795120479057719
0.15101370073317294
0.4059742387779164
0.37491108058351524
0.32197135012718014
0.6104686648079909
0.2090618069278412
-0.026001287251158033
0.0981639095811022
0.10953437219838524
0.30874874267858826
-0.25872567840542804
0.12638076475554297
0.0501069114198109
0.501064222012613
0.37252427291928375
0.2947697619644207
0.16134440859877713
0.5731908813626656
0.5464369779019852
0.5157932813000373
0.8927599479253397
0.7517260847061441
-0.03007347780117539
0.4249085580966442
0.4260043001535179
0.5775813321219416
0.6667943950865169
0.3242356396286288
0.5013130420914294
0.5481289364578534
0.5056110933824621
0.26820373404114906
0.29602152425356576
0.09679225832453689
0.26170294897987945
0.15413552493022822
0.24001407160790975
0.17498796237471714
0.06628891552289343
0.2650566810868643
0.1432386261465876
0.2600917626571683
0.15838623675317348
0.5692963770595312
0.4762765974328557
0.4439120936625128
0.6344865095141259
0.44429571560007663
0.3732244946634755
0.16798021911446262
0.3165889868114229
0.19265568512596257
0.2518309695591666
-0.024427217457872127
-0.29848216161147767
-0.2662896718009835
0.3625862073981132
0.27755606555922474
0.2632420346116737
0.3494351768857039
-0.16491152679259122
0.09308475513464144
-0.16341192405359053
0.02635856772495274
-0.06394136847814076
-0.0019433746663569877
0.08686109102583353
0.31621981495658186
0.002784536906562009
0.6269462061475373
0.2897005160434301
0.36327349568633494
0.2657970817930219
0.745931655173695
0.44724520572449944
0.24594262176215786
-0.09398332544142872
0.5061288463375561
0.1519166413081705
0.3754462168430444
0.38310145055035344
0.17782880121044425
-0.4029930718780494
0.08190208746895761
0.09681301678960609
0.12025115690505495
-0.016670543938181164
0.3388850445720954
0.27771340537411254
0.18708360872179516
0.1060852991797307
0.10591883994873041
-0.054727210648147784
-0.10442846772235787
0.03949548515002848
0.44387728475504457
0.24170941311941863
0.08790748478647245
0.16026635885163354
0.3676125396165068
0.1926389658292583
0.41176654694376386
0.10338202376737005
0.14715872893705562
0.03851133081106166
0.792898127741863
0.19794520230550142
0.1896508588474982
-0.015585695019598046
-0.22659997794055634
0.024902863802316887
-0.0310339124557383
-0.3583456975256455
-0.14781150583799504
-0.02528676967643541
-0.11406106555302079
0.15139283398525677
0.25204754531257323
0.14595566803068846
-0.15644724191335918
-0.0860430904706467
0.006296514717930198
-0.059912692442621325
0.21382273308772382
-0.01885070901730391
0.1363985045143886
0.00351674165071386
0.05082066901047048
0.03915806743312839
0.04513014912378247
0.024731217433952055
0.09163061915557946
0.029697979947389173
-0.0745692044246279
-0.31485622341085084
-0.4252309008097821
-0.005025740897742965
-0.2952949084584968
0.11636454357707463
-0.015959474035599337
0.4127701183849688
0.15871383965989896
-0.12312534298981938
-0.0003703443818013975
0.27289576719672465
0.02357388703971856
0.19790200880778944
0.21877906838807146
-0.41084693521758037
0.1399739577360923
0.14457949907793227
-0.08623066840021712
0.145965459910518
0.31209580059248887
0.21146439363746472
-0.0003193924848830842
0.3365492309735971
-0.11694332654695194
0.10918074283791425
-0.038951815241217685
0.17333835250304688
-0.12905952422984546
-0.0855263919616423
-0.29521082960690215
-0.17941416199025415
-0.1724090286545807
-0.25080042470184405
-0.17349638519448565
0.28275219805475527
-0.25670069104119697
-0.059949144173744195
-0.1703103861499894
-0.15546826660463564
0.11810441887626741
0.18248641067101476
-0.24367950467375155
0.013157721395727996
0.11001148923309984
-0.4109782149112098
0.1663767703533987
0.10633062947130843
0.0361685023625862
0.1584895064364533
-0.06018026610809459
-0.17661611701053853
-0.06615611713470748
0.05177990671950266
0.006332985308413701
-0.09628003090810047
-0.23262985342146236
0.08798372822076501
0.03115813183454503
0.09864935246434209
-0.2038381675751328
-0.07776873266122979
0.13036219701391155
0.19520125672011981
-0.028476846991017945
0.01552303161815787
-0.15033652699624422
-0.04964160981476975
0.14352061335609673
0.05428719588428124
0.08498661752610813
-0.12738616301403918
0.05096845944655914
-0.2507833654034534
0.3428698984719795
-0.0022755930846772568
-0.14621951473256706
0.013668791808572217
0.16069861640290822
0.34185060970457104
0.035157851795940255
-0.054157465138448824
-0.20539313515520463
0.017497681329144716
-0.11010662902554848
-0.12090069330947362
0.13986177724344062
0.10605779001110464
-0.04588487209424522
-0.3258078169998987
0.2782303265396457
-0.21011974420222576
-0.3014171993544759
0.13280408498679394
-0.05617838008392309
-0.2941953912849217
-0.18041429897301317
-0.04175292944335604
0.16927365752814633
-0.026624225657990705
0.0662616117269112
0.12488654923217832
0.011126095264710896
-0.24641014468063416
-0.09575323125175272
0.01363292731846496
-0.20847732545226907
-0.0987018689358006
-0.08419124176930115
0.01207618285683209
-0.29173754347179504
-0.013713473233591582
-0.2786529485297328
-0.02466588260775206
-0.06708315741076867
-0.10966423863951734
-0.2442443148488114
-0.09512660048883972
-0.234614176289175
-0.12340023198201482
-0.20890865114875748
-0.23722142198831295
-0.07078443185276813
-0.12185584712107383
-0.17704914178149064
0.005584722503515031
-0.05333652318915609
0.1452203735263517
0.10966954009423267
-0.015445753514575179
-0.0906207155814579
-0.2031089114462683
-0.0705430004887209
0.006635120859769974
0.20034253732484938
-0.31290800772755073
-0.15616907134441402
0.26967251177060464
-0.09684916199913648
-0.12508965264738
-0.1582173431780399
-0.1616215364691916
-0.24480894671460487
-0.24742414510871064
-0.08666380076043693
-0.05685366918771699
-0.2427289424297287
-0.16481382782934395
-0.25828870445328317
-0.12361592249520771
-0.08137946934178207
0.2029027065979671
0.1708446475935156
-0.11931999348163257
-0.22727455153413778
0.06417717608053866
0.044796636574988724
-0.21060431671941823
-0.15187862541547234
0.19963253957357227
-0.20939544489233786
-0.030390392115744222
-0.2686575166743377
-0.28443561203908313
-0.6979188331108502
-0.27293442880832297
0.416419973879849
0.48613055770779834
0.579703373877804
0.029370866304882323
-0.324602859060911
-0.33906354322606225
-0.4102733798221482
-0.2258294198229393
-0.043797033618756524
-0.06008621181437103
-0.16950517071019908
-0.17489359610175942
-0.11485962238375504
-0.1534481255718341
-0.024902159386465245
0.14319991882282565
0.10488202482899736
-0.1863979347215417
0.10219799187423094
0.23953681054831855
0.036280200860859896
-0.08812126021587109
-0.2889144155503944
-0.17365218578304964
-0.25233750650850206
-0.08342917331958254
-0.27647362559774763
-0.5180296500580068
-0.09861138795769604
0.5229410926286712
-0.3119088196430004
-0.02085788659724741
0.001484287740226432
-0.2239335279854402
-0.687143027765373
-0.14574006570986114
0.38084541545620376
0.26525112425227865
-0.12601104727068946
-0.274074933168177
-0.18850316142053264
0.04686552194243898
0.1706172898239897
0.11474270302882829
-0.03494889697752667
0.08091168240820658
0.09295914780753174
0.2601986346933968
-0.06986092529091927
-0.29748157606805276
-0.24758330844284812
-0.5015837905435856
-0.07898881025460965
-0.11676065371815948
-0.3448399087220195
0.06371449851514324
0.530678266457895
0.360681591683584
-0.09777268572828914
-0.2906842496112397
-0.18633052268647493
0.1872568553400015
-0.1889576518169682
0.3376727064464856
0.07941309907218498
-0.0009207190562389111
-0.22842818322834188
-0.15369843465837316
0.004307403923358408
0.09550800290185665
0.042842307898626024
-0.1867667970690547
0.0005445663649337205
0.06454647344707523
-0.1519649338528127
-0.2099895749649862
0.14271801669150644
0.08539357483940933
-0.004242861060928833
-0.10424003187406145
-0.24574700873890995
-0.1834122713964939
-0.16179405530700053
-0.32142541373703865
-0.09243295368770499
0.017562956211051403
0.2115064830419364
-0.07242450074080446
-0.13419115743992907
-0.19195828899632228
-0.03080275962118405
-0.1112542346714916
-0.012534153665387588
-0.13900537828201945
-0.11510206814433632
-0.16556649261310818
0.24046697883248272
0.4139341021747882
0.04770530074951779
0.005811790500814644
-0.2372331180697185
0.21442659093266556
0.20149385477141257
-0.08814664200569038
-0.1809456880754756
-0.18033109582594384
0.09398004528208116
-0.08263889468324667
0.008715141605944837
0.15518292132791048
-0.3450793672481442
-0.143271234930474
0.04440689915629456
-0.19959519712521606
-0.18734857742419644
0.1342456061250134
-0.15417609204772809
-0.10030331308439507
-0.5195394101429739
0.23655097841620837
-0.009144886697644083
-0.09404027033861677
-0.15792943003141494
0.5165439425186413
0.17955232648193936
-0.0486866501297513
-0.2227601610616684
0.4599733282060509
0.11720156466286376
-0.004450275967528746
0.00043034388765487324
0.061313038083727275
0.1363707829518265
-0.13301477455778996
-0.05572131123497246
0.2460209450263718
0.275425133873165
-0.11719809425515634
0.026359604743790854
-0.06453924197112923
0.1949024670798312
-0.2947071623327479
-0.11656594799651288
-0.19150992407197287
-0.02392618052546911
-0.2682347318373472
-0.6670796202934786
0.20349544593242044
-0.03675075322167825
0.3754563889414849
-0.10800756443454806
0.39753436240249024
0.3475826998578824
0.00044347382999256
-0.09790528764102731
0.2331133880302747
-0.3183117634169964
0.07313486282607015
0.06257996966597357
-0.2776035669535344
0.08373432291656001
-0.10173103266486401
-0.5024704599682872
-0.38122999215355674
-0.35453490279694555
0.18561017835318527
-0.011021896457562234
-0.475061823184678
-0.6877310943762359
0.05077280441186887
0.22912766282347136
0.37228318632229457
0.039586812044436585
0.01990614472893682
-0.9146411205732323
-0.5075203481574541
-0.00455989259047481
0.4018781895521417
0.08506993838616915
0.33041061342687017
0.2462007206154177
0.03028085883995615
0.011198006922317684
0.023406397027212852
-0.2759936135072632
-0.3681280969337844
0.22621622438975839
-0.03525012175750146
0.044657596644077785
-0.03407978516198351
-0.03738784272886357
0.40664954132231396
0.36452083368880633
0.21793602594397657
0.07647267122153584
-0.45382634504088526
-0.6487948852745495
0.29862448444182793
0.46388321245924713
0.5095691228521295
-0.03590214171039508
-0.26177680614644255
-1.1298630389750606
-0.35801925019253555
0.32290968241854445
0.4702025485421531
0.5542821512217476
0.4026268665012575
0.3282582784524433
0.21265356050274284
-0.45207835990968526
0.20288169019684885
0.16314608632706784
0.2168362931770288
-0.3605423261108041
0.12954371695787673
0.10957496644815791
-0.07748538353353625
-0.08724529217459241
0.13852767335687433
0.10623970486722663
0.1598172537154611
0.24986734760494594
-0.5048292484711251
-0.11098952788694
0.8471104786325013
0.6306177311684005
0.342694757008164
-0.24233847040070064
-0.3918801690928726
-1.2157038323922555
-0.21026895870039403
0.47938674541857734
0.09714785550593338
0.08590083926546586
-0.2559067408595062
-0.21577263850866485
0.22732686527529328
-0.009369667192508641
0.20865813421961818
0.22112108707125597
0.1774995470621893
0.15073924216912482
-0.02703579358628337
0.010976144410920775
0.34379991824697903
0.2834751996660068
0.18254350289078558
0.3892505829721209
0.38299162201882897
-0.20494387489567883
-0.4640030262029909
0.326849255736946
0.010870135678112897
0.8600669711901044
-0.10786657989602291
-0.48105960628710975
-0.7824734084497194
-1.303641703452649
-0.5397284196580765
0.20545212568971577
-0.1315610945950841
-0.2973054181693195
-0.01823037887026025
0.04958100329396409
0.17269552952416847
0.36055859571918236
0.32658401360164463
0.08154190415565124
0.3510760125046252
0.10635841339371056
0.011926434236093039
-0.03513994536290006
0.18655235256636452
0.239962177011242
0.3942677559782342
0.42599437060745937
0.06011270580644053
-0.5039091305127222
0.15167749203967304
0.43874738138270525
0.16737656484189836
0.4914230971768519
-0.1680554512104868
0.2503089810776101
-0.4886712331132667
-1.0725357670398303
0.09582791634969932
0.2624403550628111
0.1925284564717687
0.20501394039264428
0.009063131381242701
0.21330220319474433
0.14036326106740413
0.1722943840537832
0.019513563632134835
0.2689848895178506
0.11416383420710288
-0.029442732015834527
0.060838404301211846
-0.08053967602727154
0.0026652464281461644
0.196117199788845
-0.006177605033266136
-0.3927526164137039
-0.24080504676533476
-0.17983805763446775
0.7077399627360083
0.26370380224500417
0.07287012621442654
-0.24477380037691515
-0.5271254481863157
-0.7145263151224392
-1.2500436421256262
-0.9566072385313762
-0.18482392908010573
0.520264974546199
0.42500030324573845
0.23339131656638656
0.2617750597114753
-0.3831536973386466
0.0425166864686711
0.08935699031392774
0.31953386487058977
0.5206921344614844
0.46149100114305863
-0.037935282587582074
-0.010147414497428734
0.025363706159806394
-0.09179726996224914
-0.13530241628757905
-0.3641029583858884
-0.3513322552549019
-1.1471181472155887
0.010388413519976982
0.18258278968214095
0.1544957765646971
0.37151565219164867
-0.5842875876616411
-0.25209330279910136
-0.1992086662878542
-1.2249638584647211
-0.41785063203118755
0.1590419476219201
0.4616397940769057
0.11090632133352626
0.3305607034262222
-0.017418604699538594
0.2912584605990184
0.37568804114055304
0.5443544642616626
0.5769288939449223
0.4853779235065639
0.36118081388347895
-0.09022157919777742
0.2095763155423279
0.13262823127819987
-0.06039245041556163
-0.3132970217014683
-0.34560070967667933
-0.27347246928031815
-0.18479405210927774
-0.1591964318270797
0.40355573711712467
0.18041426292079943
0.16918735241577704
-0.6229642607866619
0.19854760762832865
0.16922121844476323
-0.7591068300417373
-0.6459614414841037
0.21372264031029395
-0.005846118922691189
0.014309825081157653
0.42002378218313874
0.39340734688214773
0.187689713483315
0.26661071620627885
0.24612547432913387
0.1450205364154902
0.1277229904562235
0.4631634583462597
0.10278558774751584
0.12420283887837238
0.0934858870373794
-0.2257720917747857
-0.16974196709604367
-0.14056384889406473
0.039899570050153696
0.23349495722363856
0.3265068180244909
-0.29052247796082437
-0.0421322308285483
-0.03907435010182156
-0.4771871007628607
0.29907843056346023
0.15054956616476114
-0.09411773345403891
0.08623661446944787
-0.16994826816346847
0.3402853284950415
0.6837568145411816
0.4399041409448142
-0.1012391392735834
-0.16506860508036064
-0.04730101567979673
-0.10632609756031798
0.179622005500782
0.13680592609316614
-0.10630407885694812
0.18317754148546317
0.060152501140121654
0.14631297192398113
-0.02223512319193929
0.38204505034025465
0.6353786057696461
-0.13775409226012422
0.024998262501033947
0.3579187868411502
0.2684438192864696
0.15773616823246073
-0.859071166767459
0.0946251919329816
0.47098212548341534
0.303149859522388
0.3229102396072919
0.15376344038316034
-0.1283144092854879
0.4534964728551814
0.25554300080245823
0.17868725283975928
0.14798973647826633
0.28029363719292216
-0.25856500729514514
0.03884118857762989
-0.17436134546780238
0.03441177575571441
-0.005676351604565305
0.05731310559335329
-0.04249703160535368
-0.22177579341233467
0.12516431584360804
0.3661392232273066
0.4837384459020438
0.2570566829362112
0.44903435922209756
0.22122235785580105
0.06021655244862379
-0.30036147821222703
-0.36631885019689203
0.2384835451946387
-0.03280856777744205
-0.28760364549035755
-0.4115105487617137
0.226250257313277
0.09952442857029764
0.29358885757514397
0.06839495864498865
-0.1024531524570982
0.13252053941246297
0.16396660253502077
-0.07230763526442169
-0.11123751523237621
-0.21261496446958733
-0.01837886412650412
-0.14941006277655688
0.08965527993477446
-0.07031889454589528
-0.1346761641870321
0.3301204281777996
0.3610122737206574
0.5208760042167893
0.20963645305917525
0.2515764134934078
-0.228100927602217
0.30395574995011254
-0.29231836430019953
0.14186359594198028
-0.09334422642341224
-0.3735435579772249
0.022154627580771313
-0.008119215556743338
0.3899556784618203
-0.057131390393693436
0.1282633759270759
-0.14176341411465637
-0.15206045915076682
-0.054346184219857055
-0.15375477887819736
-0.3267667096511525
-0.3618093071919187
-0.2470856104657483
-0.18017426370405776
-0.3908914382975521
-0.020170336913247332
0.15767370130683384
-0.04846771146012792
-0.06717950963267466
0.2783205715754021
0.602294134007224
0.31025236977089143
0.00980492704785873
-0.15650409309307775
-0.23294568899605728
-0.32836054993196717
-0.3404167238909171
0.17158405197870183
0.19804269650489398
0.49787382897553617
-0.002366432636304349
0.39278098767444536
-0.1415201556426765
-0.02593017663144398
-0.10774448236031854
0.174463049442282
0.11250779207482398
-0.1822998134763908
-0.25504644586538716
-0.13399767791756537
-0.4343078511737566
0.058155587266971245
0.10269502741494292
-0.14464308993014777
0.07123504384926056
0.12448829307066357
0.4655839602030803
0.49371183874980445
0.1786221870909173
-0.1061146215137146
0.07744515374794932
-0.16299251983232796
-0.11897107656997546
0.08755796364939343
-0.4394979255635959
-0.12281304802258083
0.08652755080070385
0.5004410316536987
0.19358857361367673
-0.2704880236576344
0.024743269057356354
-0.1952322698786894
-0.13321360646000707
0.027658911508737345
0.06435453004300752
-0.42984486319950016
-0.037937325772315435
0.21855168904467648
-0.133262869206962
0.09275432269740416
0.2141580413175511
-0.0446389082324887
0.08578270446798747
-0.26087030246828957
0.13438177614426708
-0.18350545060500933
0.2858073042746242
-0.2602585056130862
-0.016722905965683394
0.012570963846939044
-0.301902374746016
-0.35635575871326064
-0.24234903341091185
-0.06530724855044032
0.28172024957882763
0.30176784657391226
0.13646221367258232
0.08724017953041525
0.15891364989000123
-0.04773014456233107
0.1777262941783446
0.08636284337587646
-0.24839519012683486
-0.40738774671834665
0.07879462317946091
0.07512746286937148
0.0550811039524369
-0.15100834216421494
-0.04532829292201397
-0.1359053184328532
0.055377354698944344
0.297417052933719
-0.04623052403391458
-0.13729578585103727
-0.14879387421134346
-0.5217126122505299
-0.24309261100504262
-0.18831423605385741
-0.11693739614735266
-0.027817119165963782
-0.1931200455840031
-0.02851004630964115
0.36945991815055595
-0.021979743909847298
0.044087102084208026
-0.1332958546230593
-0.08742584338418775
0.20676985438038867
0.11471257533069379
-0.03757974346958422
-0.1801703487985378
-0.1549162136411503
-0.14294087131133035
-0.018697548955364622
0.03975648403897077
-0.024106763692723392
0.05534192880269784
-0.11392215965332646
-0.0046358212286430325
-0.07307068218221684
0.05364149099488828
0.09894490035195938
0.04951653983363826
-0.229423587262529
-0.1432578777042364
0.2316581915177016
-0.2624959203069934
0.18087513819843168
-0.18671947755444462
-0.02955064798898831
-0.04967920460069969
-0.048180430733999774
-0.4649329809815156
-0.3883010222872906
-0.07986996839948467
-0.012891010783454811
-0.0530636050418542
-0.27365074786855154
-0.06095445930215186
0.007741952934409546
0.12777304335956977
-0.18021790902475554
0.18174191478670268
0.13259791589634626
0.07765913847233763
0.1666143458644715
0.02681329283562872
0.1049812338254193
-0.08485979852285122
0.04749395140550831
-0.0653208221267447
0.013727250613161632
-0.02323899730181162
0.0008071470012118761
-0.3123932182618111
0.01333764018718889
0.19539516628509135
0.012271440228523035
0.12608342916425613
-0.2586099106615674
0.1613937146119984
0.24305103545645224
0.18262070632003594
0.3254055992812312
0.06598605301785174
0.10700161249309673
0.10775496389792548
0.10601955792788544
0.1289308424019501
0.1188734828238542
-0.13583949920512997
0.07396592094674768
-0.1617743155661232
0.01213380972604588
-0.019265827536238577
0.04532183467326834
0.04816026864809012
0.24230203452029114
-0.14323513583176414
-0.20272003539644734
0.10736245054566346
-0.011344374904250382
0.06113262447891973
-0.06336390204973225
0.1257436446103884
-0.015411957511977176
-0.029964363996227383
-0.1661844532259108
-0.23806121294083654
0.1442257916955116
0.10945377550816227
0.0980925275026509
-0.0354402093804353
0.0043433954945616
-0.01762164764219233
0.046429572549086306
0.014401350940537785
0.11960406452781751
0.03858739342058932
-0.01051708710216969
0.07849712382971068
-0.018643388184756512
-0.024902289270844136
0.3378664919251986
-0.1364772507657347
0.13608737640343668
-0.001739396955373273
0.03205985326548352
0.29835312577429207
0.13821861622580975
-0.169299478592154
0.029894518580303626
-0.12210142513611734
-0.09363756514879427
-0.026762243840285763
-0.017257371883107706
0.027291612792159754
0.05602646059950369
-0.04332732133900038
0.15536371942309604
0.13191519805211954
-0.01986946272963511
-0.0032570324965687254
-0.12994258613073506
-0.12913404688515248
-0.15803680668685965
0.042291251412663294
-0.01244797832304805
-0.15897387164530866
0.09095674124219363
-0.05519278549713752
0.17830564488729134
-0.2563169308916569
-0.10063060038220559
0.023261121836206575
-0.04513198708084214
-0.22948183859078933
-0.3875042027569404
-0.011268630400890331
0.0481169563349502
0.10125754137432813
-0.09345037907777337
0.11897428923423364
0.10129168537154745
0.0534276950370308
-0.05370642610696439
-0.016722104059431482
-0.3157684428757656
-0.1668264565495486
0.21436369122714685
0.1661355458407423
0.21366300890672407
0.08580042297464828
-0.010095840931578334
-0.08122244160470143
0.017070010388954324
-0.23341958435480462
0.058012650578247824
0.026056005230279917
0.005817077951535722
0.04119607135461148
-0.23239873048922202
-0.2999620722937016
-0.31297346552084243
-0.2906001480195138
-0.5042033880540957
-0.43444773225330363
-0.522123284403994
-0.2925008503327208
-0.300712774127007
-0.36601381463383953
-0.05731165212962027
-0.13654549253603265
-0.03633916841787528
-0.3402936281413428
-0.03220142907974192
-0.24816298749813206
-0.3487477955847249
0.027502918697900218
-0.357549685588365
-0.23998897946374065
-0.11258421690981538
-0.09685895712048609
-0.2590151277395238
-0.21344867616503424
-0.16231358640637827
-0.22537636377646972
-0.009272006493955706
-0.0282643589604986
-0.26818969337872495
-0.6221066809641237
-0.7789628924322571
-0.7847966546408687
-0.480577387237985
-0.9018997930846385
-0.5785648747708554
-0.6633818812466477
-0.5946404874560723
-0.768850964601593
-0.6464768318019601
-0.45339372584315485
-0.4965263146558324
-0.35001846568298967
-0.46775828378366824
-0.3518829780445911
-0.5219026380080745
-0.3896628244704533
-0.18479251828425994
0.04352810022734594
-0.14459464130735983
-0.04190634185162023
-0.26870918263756244
-0.2278979831393185
0.0525778001445387
-0.06697584965167322
0.07261469929545836
0.05597957927221747
-0.40359287980831704
-0.9543202737837101
-0.8652153523271051
-0.8802786409107092
-1.2336586389722946
-1.3092522368990125
-1.4137843144306501
-1.6890444992564517
-1.8094904638105807
-1.3094503943776878
-1.1514785353705383
-1.0845421763926268
-0.7172486176907412
-0.8189344234331435
-0.6764931008796398
-0.6303824382669502
-0.46672173741156614
-0.7139615995587641
-0.19510584147786214
-0.591500896583795
-0.45306925333230386
-0.03212728704711955
0.031303249102260504
0.18537592687548385
0.033346759169340025
-0.04120674539254877
-0.1626207276919811
0.1436181238488989
-0.4736708704910554
-0.873546726284152
-1.0674833471359688
-1.4219841406313305
-1.8055142971818614
-1.8803005213426462
-1.6589371993520297
-1.3224851076129334
-1.0355099561946468
-0.6627650382880679
-1.0283374919771526
-1.2781166811794824
-1.0326956131042182
-0.9859209262436613
-1.286950022508123
-0.6217050392040374
-0.27961734576655456
-0.09856481325319381
-0.20354114156712233
0.04274453178455791
0.2670408997349404
0.2580822256257288
0.37193624942552905
0.14777570603258486
0.11255402142841844
0.007864838950381252
0.045167530539042995
0.0599568600669663
-0.34735840733370577
-0.6069568732348463
-0.8177744753890953
-0.7688905161461647
-0.5576090007519726
-0.4933674112088157
-0.6317497967127791
-0.08490435905250428
-0.34179562661668084
-0.419158392558659
-0.10774456537088099
-0.24070570645260342
-0.4101021475834898
-0.25479744474752786
0.0512791743830733
0.0664071284264243
-0.18788462429146696
-0.32127324428295206
-0.07223186884108503
-0.31900822574423054
0.057679911309915205
-0.19810039876733906
0.31300131224393535
0.3436360033102023
0.008377169067029809
0.10138073318565051
-0.13829809602353288
-0.30559484645495566
-0.18379216681497326
-0.5600014986965403
-0.031213991052788468
-0.1975624917928973
0.37980606065391004
-0.11322244191705896
0.15562298470207225
0.06122893156026792
0.46209378698524345
0.08560603679373996
0.3642794647908747
0.571035304282645
0.39570450649811933
0.34153332295716776
-0.17339565332010345
-0.05320056078647674
-0.10927532474890958
0.3888126096697037
0.16581699009716577
0.43370356097598506
0.28530860942121977
0.42032370699713584
0.13879719040931435
0.35538904118275405
-0.23061619742206949
0.14910108135089045
0.11968474729454094
0.18926903572909548
-0.026603592017708007
-0.18209763337837193
-0.07215186534790964
0.3653013767354143
0.5157282912328869
0.5131698925908152
0.19808582262748933
0.5603456607647445
0.5085697992761737
0.20535016670084788
0.5228298101239571
0.23060809464089868
0.09703812173287159
0.44553091727344096
0.06981971574807405
0.5355993320036331
0.26457448346936824
0.017163649173503177
0.38834474034681327
0.38734251346628784
0.7033809056715906
0.28852171600871307
0.5100711734509297
0.45866688756727986
0.2247116145279332
0.28108858042802926
0.061789603327839
0.34914868758230627
0.2926452324746422
0.28872614047085055
-0.18864589776469234
0.314862383146828
-0.3147651298565913
-0.1134484246282195
0.19231717148250094
0.0391619959410163
0.12956486675898587
0.18934612669137327
0.41504402553344394
0.10511090043026969
0.637903103958564
0.5568240885316247
-0.0018127377733378575
0.43623540622094187
0.019543290566307246
0.36517969674608314
0.5721701300151117
0.3447637345636213
0.0570711664373257
0.326235659751306
-0.1903006186949712
-0.3054794534086024
0.06742128124134926
-0.05303356595091444
0.21116696015118197
0.18193853917855032
0.36924650181893776
0.07259200677258883
-0.01447663923390405
0.22378717663424172
0.31456379152032576
0.13894794999125976
0.2589954242968882
-0.05872390166077477
-0.07259906923236335
-0.05306481992400055
0.11173351834683284
0.23682518474409542
-0.23065463313988582
-0.3492522304895172
-0.07131188777511203
-0.6416338755252057
-0.15136556985310526
-0.1460079797298797
-0.19529532730364907
-0.5490486915604406
-0.5344234518373837
-0.2485040198472608
-0.23468105404144965
-0.19316738721811919
0.06781874465955162
-0.12758038810448752
-0.05887309446217921
0.18927742158557836
-0.07798078615182896
0.4957356399888515
0.15829590626261647
0.15421710609943115
0.04345385613209818
0.29837041097510353
-0.310050872698357
-0.15942616818002428
0.1488681192924482
-0.4150594945898089
0.09643088507389534
-0.05552439873818058
0.32034474080478265
-0.20916670196110776
-0.07521168523653558
-0.6078814403594288
-0.19173147713486385
-0.39268434593103624
-0.5386081071929066
-0.45688662887822695
-0.29120299902637553
-0.37885786504723346
-0.25805759163761216
0.26856098805551404
0.06465765959385818
-0.26490040912906615
-0.006354522254537465
0.2601459392301993
-0.21421211334044907
-0.08252400047787892
0.22982679556192664
-0.011244396861734833
0.15078528412719028
0.33122023294028546
0.20947038374743757
0.05558752751797419
-0.2137336400107281
0.23606233849142813
-0.3450562761817906
-0.37168446877661365
0.08464942571735208
0.18262477701149962
0.05622799093979393
0.19661852623446235
-0.0383784732706746
-0.2801369209792389
-0.06783254892140662
0.06362264945502201
-0.3347499258406906
-0.4673156870411797
-0.5243917463562011
-0.10126839126522189
0.027533603810939934
-0.07059749814358873
0.2365535827777332
0.3315710514300301
0.27970691933435154
-0.0728538650049614
0.2245782752195866
-0.20000709631846797
0.17334982397229803
-0.14890312696516364
0.21078304809307324
-0.26264212446227975
-0.20462045349207772
-0.22577521072455858
-0.188546245398329
0.0898185241062854
-0.3938268504474028
0.09253124729986004
0.7508354299725749
0.37285541334854666
-0.23501325825367297
-0.012524649246669616
0.5410407064242223
0.1627106404257936
-0.1268372318415207
-0.49705141393522995
-0.5804809578442667
-0.13625292930269242
0.05064972065986715
-0.03080104627903965
-0.1971417228453858
0.24980433886126407
0.189494421213092
-0.030449890421292876
0.115868937319352
0.09832237698518895
0.008208119723529419
0.04555140783400482
0.2696186806214182
0.16996941517458716
0.02999172780756162
-0.04893725365425028
0.0624623431440253
0.21506671536561453
-0.26564916080853473
0.018702097783530935
-0.23579557091669792
0.3172405958601142
-0.05977228682827522
0.43712917983533855
0.05384215219710211
0.1905017946209999
-0.31207060841954387
-0.22091849699643043
-0.3317791414363445
-0.321546656883706
-0.03170647159884155
-0.33420071312451166
0.17806494456468294
-0.20755065786776175
-0.033585951112260634
0.17597584111919254
-0.11486630799449872
-0.3015262329410347
-0.23716119581520473
0.2919194470468515
-0.10117676315583811
-0.24065652935448123
0.08916542829983147
-0.5490135467747883
0.08340229905383559
-0.31023399581713335
0.33834249013165535
-0.1384679194125891
0.09403557371320342
-0.0028048287056973396
0.21164958214161927
0.21499767172329842
0.4605036929061648
-0.1040989734725251
-0.2961929186608826
-0.3148407545711896
0.1435886979678603
-0.05698353761431587
0.02066936990088271
0.050860544334530126
-0.24659788679190067
-0.12243216353333777
-0.009257625479985451
-0.07167603235204831
0.12318542984884119
0.17822911037039726
-0.04170641961964555
-0.2863853339014142
0.14152851982408327
0.28313904615166474
0.7970543678612857
-0.12070599833526603
0.19973295334513802
-0.11244065969828339
-0.3457322759048909
-0.46577445360755576
0.06801454371174061
-0.2710038848805063
0.04260533540367616
0.174657733897435
-0.10054084410000835
-0.129994373067697
-0.15413906197834543
-0.11273839784374202
-0.2670065738670809
-0.1382076560693951
-0.06965351011342766
0.1511067174723268
-0.2466859576096369
-0.18654936859611088
0.0004780788186907699
0.050474707352685444
-0.10011716220816977
0.03508934736748802
-0.20938022213372975
-0.16836777898964211
-0.010150013066679241
-0.3170621374863346
0.25871693482058633
-0.022711973905378293
0.03803773065803568
0.5043485230069127
0.07840365722768657
0.12175766835828632
2.1054845922120782E-05
0.14166185799114733
0.13554362459426872
0.37312331667439463
0.02939756676250599
-0.12773165409951043
-0.1972335401909122
0.19356066918149645
-0.22000353945199413
-0.13476446771855016
-0.07516421342874688
0.16221344665232362
-0.01323589451572152
0.15270045131369497
-0.19079476231149228
-0.03990876013321131
-0.13492493793585633
0.19277716576410742
0.07467143910549391
0.23621245252939224
0.24612707513982948
-0.2878751923258753
-0.20764561091647557
0.2561128386715471
-0.12929004694056467
-0.17777553523251152
0.09808573175160905
-0.24513842261401547
-0.20885305254500347
0.24785387944455822
0.1227133884126437
0.25181363045205923
0.22958127111067317
-0.045934101554928705
-0.2911233807165651
-0.2833033782221061
-0.1466023877993364
-0.2666207224901555
0.0381607268646091
0.06864654158418317
0.010821455927452126
-0.033384082756304286
0.0020969324824495405
-0.07660216537851207
-0.28072051501974865
-0.04224308032273444
-0.08217910467788436
0.2824103451108622
0.4165853893293748
-0.24663464271935542
-0.2973366942057732
-0.492202549836157
0.048513973635583685
0.20853634666718252
0.3206603612040214
-0.2863663603732655
-0.2569246806244684
0.10003377427171294
0.016150149619083676
-0.17631284285015503
-0.036059096563986516
-0.38022220693862013
-0.17840033634280336
-0.24209332602146616
-0.1666817471300445
-0.2178355439857196
0.1937288971280805
-0.1559752843574632
-0.09165551233326936
-0.014015225069690095
-0.09977753415666252
0.22603589427102735
-0.07167428438658759
-0.1581729169962876
-0.3446062555559222
0.09420061390808077
0.3497389445868729
0.19115621669473135
0.015719457969804708
-0.23637125598958478
0.3096932900345794
-0.1598327887783631
-0.06210758851579169
-0.12319918649467464
0.029944374697874417
0.24151905291377765
-0.25745264040399696
-0.14561092868577405
0.10302028852953123
-0.43726309771466476
0.1429802810375901
-0.06423867055987577
-0.4223887654887309
-0.1116495151707781
0.11369878727549826
-0.11886116111484181
0.061960279553161045
-0.03090297978351442
-0.11943426445640362
0.00926750466900414
-0.09528374402141271
-0.06864299785214441
-0.2838912668605386
-0.31462999424827853
-0.45098774565749944
0.19396039840513085
-0.10461711194575017
-0.2601245081130978
-0.18223482631075658
-0.13537252027357347
0.3224506144520626
-0.0645068274431093
0.0011359910612414796
-0.002447534196009566
-0.4673154603947536
-0.1150031813178166
-0.10178029559579747
-0.18400332747142073
0.043799982828214755
-0.3183936020742054
-0.2356614777411259
-0.038814668441148184
0.1974858780361279
0.06239357300655098
0.20882310921839067
0.023266723674016616
0.07752144000978035
0.20335442823141428
-0.07361659417870459
-0.25894733334500797
-0.3852893874444127
-0.08330904694800402
0.04137144783416478
0.20777791933142523
-0.21914389607880777
-0.1737809149406947
-0.00977322491051428
-0.05902069543498
0.05886289318503476
0.049213766492948084
0.2594173645116789
-0.18417117695729482
-0.3107505616083808
-0.04992736108121814
0.21186708504747634
0.23298479640392286
-0.0052838113333407415
-0.276825929503288
-0.12207045265054567
0.01802428556218103
0.19478540696518434
-0.11744483832245575
0.04901006045051647
-0.20921471169164166
-0.22135174781091363
0.15359870856798583
0.028564615518551096
0.12247272215655726
-0.05820035011380399
0.061520024157815885
0.44690990355718035
-0.01821727725576932
0.15467094010820445
0.32241401102029277
-0.15506998488217155
0.005389282547375959
0.1810404167083641
0.13012171576022627
0.3655268803940833
-0.25093234334483216
0.07018979787319464
-0.26135385613097734
0.17601231075746565
-0.25716444250575876
-0.08251072451450296
-0.08722971912158864
-0.18945471044116796
-0.2218671379657392
-0.03150278507905903
-0.04702915195860038
0.14056146532445984
0.2017534921352858
0.08203417833763589
-0.021624693657712576
-0.18461132697738228
-0.17769478856056092
-0.16451452668072944
-0.12735104424784255
0.280549875882231
0.005429485880362554
0.41092377798967145
0.3586086143462034
0.12890650065082299
0.0808991329322684
0.05016350051199514
-0.07883572467551765
-0.03490797675661864
-0.029399084445669216
0.04030128454055974
-0.003957332106372116
0.08861868205251802
0.09839524386218808
0.06971679957333513
-0.11777356660553345
-0.41320219381703255
-0.033540189802941565
0.24880148395986915
0.17914792033683216
0.2232580506570385
0.011778989284363665
0.4856637029711252
-0.0023202478301748188
0.1054403862076227
-0.13485756255809717
-0.016453211793324315
-0.44062012026996844
-0.17308208155536728
-0.31539816927605246
-0.026354986004712967
0.10628340136279348
0.18626021971460788
-0.571338786245118
-0.27843173505790647
-0.1859297863883588
-0.26463158211101384
0.10327804476237747
-0.007199768464531022
-0.16176037906826288
0.01610248223321533
0.061761930006691654
0.1082641996104492
-0.21860585174161937
0.3463582041989696
-0.14417044168264934
-0.26664680710936794
0.13011683518825823
-0.1344560231779667
0.11311541382623207
0.14911302213850824
0.1235688156486234
0.10752168283348637
-0.05762319118665227
-0.12913433528200122
-0.22844454473338566
0.09101577665169557
-0.2031684377235904
-0.11316414972859737
0.034727467404389874
-0.013698088649429266
-0.21737496061756764
-0.10399605914361211
0.07818742489143932
0.02005639011834739
-0.012522517590659782
0.038991322354269484
-0.16493839203490182
0.05232213271410463
0.20796718022440683
-0.09228082374744215
-0.09027031746166331
0.15481644936257874
-0.12198310871420838
0.19597316452415545
-0.10788544610505293
0.23598769775118372
0.0463508132970508
-0.20071290962375293
-0.14851915651450678
-0.07868096971642174
-0.17901088645867436
0.3042980032710662
-0.05458708362158747
-0.014773784253149031
-0.01348524835520127
-0.21525904385860065
-0.1684467906770478
-0.006536751083094222
0.05805404023204641
-0.11861627444348147
0.0014118382694648323
0.024036410480692265
0.05422820717959327
0.03405931614299781
-0.12116502852677061
-0.006495766157665892
0.13300002938275626
-0.06038126509422728
0.11616592725791205
-0.013150745676428289
-0.10605211958058039
-0.10259212898399633
0.001367894385514195
-0.014048113178001434
0.0447247886453159
0.2288447663947557
-0.1255035139098097
0.06905365550969485
-0.0667375896553368
-0.17936630611342794
0.2059844697799081
-0.09445255096116173
-0.037339945410383345
0.058192688875726095
-0.1652353442883655
-0.25731899943979597
-0.12760199642483205
-0.06151197149720403
0.14279256194394063
0.19235716960941535
0.3922887280603566
-0.0698483086303614
0.010947055904766257
-0.02386335967840835
-0.12543443569754065
-0.04249117084475231
0.13198285464920764
-0.11718088676116169
-0.19914148881521135
0.017650185778797588
0.17079698753630224
0.16133764319987173
-0.030659531981775102
-0.2717771655951007
-0.07177634364797092
0.0029624270017200908
0.05606754829602078
-0.394242737638552
-0.13919437970948023
-0.44616457135753756
-0.147810476253546
-0.3072611446227161
-0.4589472043733379
-0.6948355434488123
0.044037613324995804
0.017974033430055172
0.11804591029508109
0.2370667031834931
0.2396040824906446
0.5130259639595984
0.021714176704665196
-0.040161884366654695
0.1528304969720197
0.20399028897603305
-0.0368564949481107
0.3137735828530034
-0.03053561648833007
-0.13288984187931663
-0.19260890806974457
-0.09380650167282696
-0.0014354487475449164
0.04074446814474623
-0.18954533438668786
0.28445921165296884
-0.36714800431527483
-0.37682297467661113
-0.26784817582092246
-0.4337857694738699
-0.5924761294050893
-0.2580795920059082
0.07393956199351634
0.28475950808681005
0.08557942959752315
-0.050392726227093225
0.15747381953759157
0.20072805781259534
0.22480784779190796
0.5765999598550845
0.7315019737239399
0.54989654801868
0.2624003801142915
0.023422457936357506
-0.02825718530225656
0.32088564642590084
0.04200533087293947
0.0919186996149678
-0.07215677647672138
-0.12311285587941337
0.030348213897127097
-0.3038825045752611
0.267029595852066
0.2789477991904315
-0.15528172511402583
-0.5869837873892026
-0.6228163527058981
-0.896220025187585
-0.9824050639828428
-0.6647389987596379
-0.43233823346161593
0.47703161768556007
0.17178070860769973
-0.34862276368736117
0.0853992333689345
0.27746894557289387
0.2852686523138127
0.41040104698544166
0.5016363390816134
0.6456264907500742
0.16917910105206568
0.012304875773796376
-0.13685457112662416
-0.05203655711826999
0.0498331846310458
-0.07971337911052301
0.008630322986174319
0.09940285281006511
0.06055182817858002
-0.033399528478373706
0.47247160369095426
0.42301406200252417
-0.05335977632448588
-0.6845952187171743
-1.0958157533181971
-1.4667527779953098
-0.7208825892326793
0.19618304896994002
0.04429636512059597
-0.17501905453123934
0.19989862599157637
0.019853394880857883
0.6508118443899384
0.3632025968164537
0.5608182800756375
0.19172792232820932
0.2902652756368888
0.2534017250168792
-0.07170895543710108
-0.32910665913866943
-0.4838223409180771
-0.1690929972078013
-0.29609824214617647
-0.07217317747230391
0.11553181403047487
-0.03841449998176127
0.09684196254724252
0.05253135187559761
0.4891713504204275
0.2621464789677748
-0.028022567991926792
-1.12881628467957
-1.7479188671820172
-1.2600101273848618
0.2310005533325462
-0.13853348036070534
0.14271311006574794
0.06588400216546601
-0.24055555463901207
0.45965381435246383
0.7136734250883707
-0.01920264334660537
0.29689895132272043
0.018128593352670284
0.2872881940640929
0.166847356251325
-0.3654218133794047
-0.5510606902348719
-0.09803089919182649
-0.3832289325474232
-0.3973898460933679
0.00774796942838881
-0.14903712038793798
-0.1436524239915341
0.049701434510148676
-0.08630640008251338
-0.021421987594319
-0.40562493072376454
-1.1320507096892978
-1.5799749364575992
-2.045944764490728
-0.25005854052949256
0.5689527086084446
-0.4857157856128959
-0.42201997448369244
0.3101666207548459
-0.14302267893467538
0.16638676905675773
-0.14638374847098612
-0.05026783648507491
-0.09725961755682792
-0.24601685048081562
-0.37614528228225874
0.0683114176017783
-0.653824103752958
-0.5203336605945502
-0.2518427999098051
-0.31182372147660237
-0.08657416866334883
0.06329461396072651
0.28914759572282406
-0.10739375421894229
-0.20802932876413313
-0.37545314846713634
-0.18391826894554802
-0.6853468476969269
-1.3140659800509908
-1.4528657006194226
-1.4739592520265763
-0.15304559693093933
0.7456349899728139
0.3720783672464619
0.13925526290508947
0.624945877723562
-0.1738743621840223
-0.5929882189628196
0.17432620346227853
-0.10371635273335997
-0.05607094597756465
-0.7014418237870489
-0.3667612475798325
-0.4370728480600836
-0.72364339559853
-0.9853155618384882
-0.6918029111694222
-0.363766691220826
-0.3902089275494146
-0.08027123236046044
-0.024598943371346587
-0.037674473504019146
0.11358816893554802
-0.5365912924028643
-0.3490245900350714
-0.8635177673554969
-0.7633920601454576
-0.9087645442403208
-0.8956610574266861
0.8523644303519912
0.4914990581842134
1.216767153072774
0.1332613461426601
-0.03332590663487225
-0.34091240577887016
-0.1861741365567572
0.08323444571052782
-0.9869263502626829
-0.47677069136636646
-0.15795452930442508
-0.8487720894093316
-0.9483587173820857
-0.39436104051792875
-0.6529259782564831
-0.42292628916809055
-0.36915767613458333
-0.5604677567016917
0.2701974868537473
-0.05571911518886632
-0.03360238957343441
-0.207982390199333
-0.49683053122238685
-0.4795979895289314
-0.66391234826792
-0.8837388277267058
-0.5479319108646361
0.10037678472770221
0.17160905389556372
0.8961797218195935
0.34232334439057993
0.06734634981975594
-0.034367935503475416
-0.2164713110913892
-0.10508013895106752
-0.22396276109501298
-0.7435865029592985
-0.17526996792324204
-0.12324608341245274
0.04017969583440583
-0.178583579478872
-0.25922953343504807
-0.07628125931507024
-0.377936197450795
0.32380078080705565
-0.31083534664386403
0.019048580982799764
-0.10591240879922537
-0.18717480099122663
-0.14099080508471445
-0.2882019658447897
-0.45761875818964637
-0.9584788242978823
-1.024951581668875
-0.3290318540429117
0.5742345755414723
0.688621769026991
-0.17935816098503776
0.135755305213195
0.16885375865668986
0.11393056947712489
-0.2892787985633228
-0.17965937448445563
-0.02654055837392421
0.46283279881714784
0.37772193920602826
-0.11269835838155957
0.4244193005937761
0.027498146981245173
0.32653854374315017
0.08202061212585268
0.10540230952945982
0.022396106561860616
-0.3432184896059004
-0.08182374287373807
0.016868040978538806
-0.23771875189847105
-0.25031463661446973
-0.3677473270964417
-0.5007405248557447
-0.8807238260646724
-1.1228398278797924
0.4920413111826578
-0.44818967609000093
-0.0354541619931067
0.6568712577501874
0.1859724659877655
0.08444114421499004
-0.4041563760861241
0.10405000014284631
-0.5170057991819074
0.045049791979290654
0.04156250575121175
-0.11420098435852104
-0.04624189387801633
0.027132833439107183
0.12005427503634664
-0.1603126264905509
-0.0905525816193143
0.17978360995997894
-0.15969858516665258
-0.3674689741843855
-0.009859058217696537
-0.06971455659044211
-0.2732274816900675
-0.08991812157754218
-0.590794418376108
-0.5689029066119825
-0.727679401090636
-0.3486338639065538
0.14317086618975605
-0.204922985871201
0.22006880480506283
0.07075351019441295
-0.01899514966347091
0.11546310330045524
-0.03992506272744972
0.31400464217717305
-0.1969720579460699
-0.23185010232306633
-0.4295133940963205
-0.1552849618449103
-0.15973069642848597
0.07031494620678266
-0.17392376625978134
0.13571383095133469
0.23835007557951998
-0.03195755956587935
-0.20839443800556223
0.07717004413640537
-0.05456913971510266
0.06398905477830173
-0.2085994243903261
0.010600715303452952
-0.37342832873805676
-0.381394949527017
-0.6485172122871921
-0.24802161903517825
-0.30734989780374233
-0.06590629229942627
-0.29933727663155546
-0.05826460640955623
0.01848605027841319
-0.18351112611780565
-0.0137707904954027
-0.37637413214965476
-0.2715071685319829
0.2908116691029372
-0.19647104305816532
0.2794025868244396
0.13268004313797335
-0.09430452013170224
-0.14620460233171104
0.3595945314557415
-0.03130737331281592
0.14328442397729396
0.16815941483109106
0.24381055248961814
0.018985153997475395
-0.07404463331772862
-0.19970324416692212
-0.03322345852161395
-0.2049727641121418
-0.21873564171715085
-0.3942839163262295
-0.1643707404337966
0.14587551167054272
0.06298534483655374
0.177655330040716
0.03995313993410698
0.34348715141988007
0.295493122543101
0.09633498898758973
-0.28716588317952557
-0.2177618549158861
0.3245083957966735
0.37321372355373894
0.45592213294344985
-0.3447331393872565
0.041506277975129145
-0.036955314726596133
0.4019432361565286
-0.0326265722697075
-0.04249929159091662
0.2004498740997128
0.09528642801311854
-0.1523810724873867
-0.16830525226779197
-0.03404800552588849
-0.2814463950661411
-0.22879793318145283
-0.5047479172834958
-0.19806125358234253
0.02610952819412473
-0.001608054544164218
-0.05537405036499906
-0.2853955697644928
-0.1875928950722325
0.004743627971892966
-0.0008072212034234376
0.4989790114669749
-0.37654672858933497
-0.17391797251767893
-0.20109574200412417
-0.2478654871248425
-0.0546406579962855
-0.11549297977086322
0.029556781727196522
-0.19823282544652848
-0.10340335570024987
-0.3376894333906558
0.03345587179185505
0.23738854216595856
0.012908990296397428
0.09994888958335184
-0.1036821634013103
-0.13253036984627609
-0.1275347181632409
-0.3225695227074266
-0.42283639754801744
-0.07355564034210206
0.09821527089229894
-0.22572093119270142
-0.43452110601660376
-0.07548658849593408
-0.16664619642068457
0.1740563176668022
0.34469163319410484
0.1976526314320602
-0.06595891515757976
-0.07997982789946279
-0.5342064588826522
0.04291567672543285
-0.2607396210540231
-0.12421161250914275
0.13825761758245098
-0.03470561896927599
-0.39500796139289174
-0.5517907452082857
-0.20633705634414728
-0.06298420797747609
-0.039603897212580876
-0.01911861727939923
-0.16172027578599238
-0.24752971813694782
-0.00983729626495809
-0.5975344958009609
-0.5249616234753768
-0.1188686198882578
0.3452177501163016
-0.1440218654972266
-0.32024600356988314
0.3094232384790491
-0.03810205839777987
0.04901803236413916
-0.2777804467158233
0.06400071436424598
0.5739859607640223
0.14721967237522812
-0.47188252791898255
-0.07392375914126935
0.009404614480509593
0.06908641868600619
-0.26883632663831486
-0.11113164475123814
-0.1778990467454642
-0.1448261817512187
-0.19430490810699427
0.06273846796316367
-0.21728323068975514
0.07609109549444681
-0.21748414256073434
-0.34201078438411914
-0.3401209014429864
-0.24488678084033993
-0.4373990363551086
0.002809639515743268
-0.09203098093977885
-0.008750074540131492
-0.20012571299727203
0.08305904985252527
-0.38262865128851636
-0.10945817984784315
0.38826932546932597
-0.05055981250356052
0.6050091323523719
0.309365851999785
0.42378839537715834
0.19921761505546806
-0.19740706608549666
0.19140018678209791
0.313441779232403
0.0856152911415414
-0.021250290669667923
-0.051033004493934324
-0.1830816052509033
-0.2740247964107728
-0.10083275774973223
-0.06393421249806455
-0.15618515401493252
-0.12388035588068777
-0.25166828458693064
-0.11338545256024307
-0.06364222484458364
-0.18818010221168532
0.23932679391269088
-0.001906849250483873
-0.15401290418686653
-0.21957240410648646
-0.3769122213544875
0.05267250029241237
0.11071839090392996
0.13203685390293443
-0.15513586557359488
0.4873963146149248
-0.08198025238732116
-0.08463677426926262
0.00877943207182614
-0.11423170726104417
0.12390342104864738
0.14338574885847796
-0.1834555925039027
-0.09789474161551676
-0.01753561054280052
-0.08516611286414756
-0.066633077267303
-0.10284604275266589
-0.12865164543805055
-0.04717124540782923
-0.19640838237734395
-0.37916648046866275
-0.02717010317777051
0.02567938503969854
0.17498147468566183
-0.15247811278564016
0.5594679301102402
-0.05775974126640538
0.11814733783901761
0.3913574245449381
0.1768820600203573
-0.08220023568058454
0.0511652752013055
0.512059276656638
0.11937948866002818
0.10232292527535929
0.2629768312595673
0.1186000613579281
0.1945147093453346
0.22048036290522896
-0.10076517219495944
-0.020538316025245446
-0.12878887923871044
0.018575253134669623
-0.27684083600697657
-0.047530711425385064
-0.13611981213443552
-0.33396180399607533
-0.34209790348700686
-0.3600760275965801
-0.1805381719948577
-0.029520688777700508
-0.08626603704478837
0.05466406022322095
0.19479266700783038
-0.6942570208807102
0.06749198143242748
0.008754165740324001
0.14227092562468502
-0.07467278539474058
0.0749176235879202
0.3538112610811755
-0.11972482604274055
0.1489112150339287
0.42904389416940597
0.2183928863463941
0.20703633180062972
0.22781365942919313
0.2154109606713665
0.06223529243792156
-0.2941393637187691
0.24904841208637132
-0.0883114813077001
-0.02791853922447419
-0.156652885959094
-0.016267426234272252
-0.05092753563651698
-0.06825717382134548
-0.25137721174692884
-0.20770655815340386
0.2656388814674673
0.3459305226755536
-0.1851199934429314
-0.3906456041106271
-0.7196333597903123
0.016669431729723273
-0.08166618991694266
0.0033764572895270332
0.1290073111541517
0.24056158958421384
0.04582163221349186
0.06499354940519213
0.2690156106828321
-0.039218441409672546
0.2838022118516788
0.2170608737633368
-0.066973613882043
0.026804729914799437
-0.13968438267524697
-0.12946076973061807
0.18663024671536588
0.015561467313585119
-0.04373931033612185
0.1859144908118813
-0.02845826648001747
-0.3367036525877167
-0.18909794226911505
0.09720634927529467
-0.10931488472104567
0.0543001565123072
-0.23690133971554944
-0.26940752907548743
-0.5615913594707995
-0.4054962046498129
-0.15801239594320732
-0.23946590073632235
-0.045308201161667574
-0.12336722434243139
0.12530340329453543
-0.18655549522715512
-0.1373123258763773
-0.3480177063930527
-0.11262179972000845
-0.36868276335587785
-0.1706322519084525
-0.10598511679535207
0.2558223651757421
-0.21691682066381296
-0.13132129629358247
-0.1983605131182343
-0.05440209858422486
-0.028681321308884355
0.08487089066507339
-0.16819774541804902
0.13493130920433075
-0.10017016504488911
0.22031522671535592
-0.016685570591678987
-0.09717622010947308
0.060909618499523435
0.043365658330674836
-0.12197690493353305
-0.029579492803793277
-0.2172808975205765
-0.2821624361563128
-0.20214930340005505
0.03465904757602784
-0.04836336523034056
0.11948860664144453
-0.08778261489575671
-0.09620931962229484
-0.24578744152568663
0.016780853941763322
-0.02235823900545845
-0.10520181601630658
-0.23727562318757306
-0.11703539516257176
0.23715489977182533
0.006086634834982349
0.3232916196944892
-0.12371125783739184
-0.4389757787246608
0.0013010057719696634
-0.023030551323311985
0.17744392452625032
0.23946824934635866
0.11446435337064681
0.2061251833228792
-0.019715426080111502
-0.06764810731626351
-0.10742071082128428
-0.37521439044206734
-0.5358797540202684
-0.27598803463685273
-0.4756012354518502
0.09452920047275393
-0.03745582096041998
-0.14664967214714303
-0.1639768213460456
-0.2939984840561314
-0.26841225187071466
0.025322488443834643
0.0866106388878053
0.23974996918613548
0.04299911176497396
0.30186477165780534
-0.09498200240862148
0.3250044927617669
-0.050570211634355586
0.046601504946037646
0.09117089596052123
0.24796715833988814
0.0759855365553783
-0.2264052184742714
-0.01201616195111987
0.21540284693880574
-0.19754126014423823
-0.34975219377324346
-0.16870095778633074
-0.20775988365243336
-0.09525220716202283
-0.3086830191026564
0.01527729368144982
-0.03369404266123346
0.027866190557873986
0.07362510012478328
-0.05589587304666278
-0.18491419996251804
0.044798609828687226
0.10433998619799924
-0.2658963668266116
0.2745556333176394
-0.05568476773165552
0.008216112869382623
0.08992108002657632
-0.16473660057246578
0.13528368859618412
0.060676456471721346
-0.0042451884179453845
-0.17698308351190073
0.15861910371869514
0.025341969562564716
0.04123357926474619
0.08268888405686767
-0.18098207606904504
-0.06465853128281401
0.03717173543441707
-0.13301718627696982
-0.14377734135741327
-0.07115237958630757
-0.16384824079281438
-0.040465410021098276
-0.005184102383674943
0.06926404623515102
0.0030701466090866025
-0.045975798209230714
-0.04842385118613385
0.09107312793033674
-0.006378381294186067
-0.11664796715971097
-0.025273788353433992
0.04400714545724322
-0.04608231310026851
-0.005335125205565988
0.06865759032303159
0.11132288215475532
-0.015518626564498046
-0.07107302068078539
-0.11068698534131742
-0.0810556805190196
-0.055529662941808916
0.08858116705478324
-0.03518537861611008
0.09672992987406655
-0.04649751283776796
-0.09781915528746932
0.07368287864197884
0.36309395405607925
0.0602811500058293
-0.2244007047770344
-0.06381778608517774
0.14016968341465277
0.014290833279752313
0.09649457585776537
0.01150601202718901
-0.06838101591885924
0.283754317827777
0.032823371825097786
-0.011907557195483478
-0.19415639133272153
-0.2190160909430988
-0.20540449231960392
0.16705033127275587
0.3273579128369932
0.09288571897342462
0.2402816529867075
0.14968086407095513
0.1470976597884317
0.028933869610207108
-0.08442732383628553
0.05013434132267699
0.06890351998664321
0.32374781143375914
-0.011800664558254565
0.19833599278365543
0.44728068814797234
0.3678018415486598
0.05704132592945072
-0.00014617672799276433
0.2943181970861681
0.2563512916345883
0.07235241685206924
-0.024567032852275905
0.05449002821778857
-0.05345928096718465
0.2766398459700907
-0.022160557313173294
0.026706304875527227
-0.03534232374480371
0.22883915599709143
0.02100434503077488
-0.004121046086581516
0.1587981050707902
-0.0479317455490137
0.13116620197818354
0.2115463566157754
0.17984440313339575
0.387634154300714
-0.01543307970501791
0.011526295362299191
0.1862630565021373
0.2024411294950847
0.0671072824458387
-0.25106816083292866
-0.0009010926777424018
0.13016551888722147
-0.26704266135793436
-0.050400936039101826
-0.10271158900827526
0.2031503234968842
-0.11620642092830644
0.0037905628820551268
0.05406628186909427
-0.11946668529642859
0.028528310889660506
0.04909947785482182
-0.10149029289189267
-0.0648302060846317
-0.303939576781908
0.12880107529174734
0.15300469587379717
0.1348362448991961
0.1609218272863044
0.49344839759820247
0.3237383010986526
0.1242987651584637
0.05055895547652707
0.09062331396092481
0.28989844516505214
0.2929232911476695
0.45137680454592344
0.2823114647644076
-0.4131865911993082
-0.11060843887462213
0.22758327233894624
0.1438247192642489
-0.12480029278950124
-0.271537571415083
0.16044884846086552
0.0477873087458046
-0.0967939735985779
-0.18324092779009524
0.14734721701428335
-0.13153845013452778
-0.000327572077806757
-0.022840821818538495
-0.03252287776268697
0.17254912035759404
0.06704530250922171
0.015459630076414738
0.30319288051422344
0.15073919880311695
0.42026579048510027
0.2395016325832718
0.12975747799108406
0.20351031191182486
0.17620229383840122
-0.011169546633969022
0.33205217269299475
0.6272002434313825
0.215365490228418
0.6466537611981895
0.2765352316536352
0.08077594282595894
-0.025711312331079032
-0.2043367952320789
0.253025982398933
0.05830399600694944
-0.2642293362673924
0.13468781793885068
0.0049368804085591095
-0.003504061091932973
-0.10935509658535154
-0.03483455489011272
0.15836052094404215
0.008883580011284769
-0.0258351855842052
-0.5057040968887492
-0.012208308857784655
0.13865303356880063
0.13157924967972487
0.011791543711768515
0.24852021213730133
0.03843005980687321
0.14498280394345925
0.30969418122151954
-0.004350619275466853
-0.1976703355326957
0.028846185700463465
0.004561008293308583
0.3709094350915255
-0.5460623025515868
-0.10819583757936356
0.08322485674241994
0.05200649083428766
-0.042051966170201856
0.3842363876629055
0.23432071422131595
0.0022308018314588043
0.21436536858568772
-0.007031957462287421
-0.20574595250513925
0.3828467034634897
0.411059350977186
-0.07732758310334673
-0.31564621523540437
-0.2102882899416548
0.16038615633900422
-0.0328980817629174
-0.08306421336582925
0.025007636731356024
-0.21355293527512026
0.1834258479407883
-0.3185935292480937
-0.2037152978111877
-0.27063440138368866
-0.18087931492474182
0.3363112788426102
0.22107237307397948
-0.1954380702345661
-0.21118331893105072
0.15425608482365627
-0.20771674676591456
-0.13236517465390746
0.22464564629849998
0.2904644515838124
0.3335283405526107
-0.057858600626810495
-0.10045110931858707
-0.041062863293966835
0.15952879792619945
0.39650501348090744
-0.18631622283615154
0.11694591603308388
-0.5867784392797544
0.4344245131526675
0.47137134288789884
0.24775428655598786
-0.025109784995809882
0.11654972209186766
-0.22982659154302773
-0.3252311473143396
-0.15402230284111407
-0.36972854238281055
-0.25520503873003714
0.05563602247437728
0.11860620966645634
0.281840525872776
-0.08529380064338081
0.361689178099542
-0.09545517292189518
-0.036233971926887244
0.12581437909354554
-0.08513566179347776
0.2072615683707639
-0.018471457263340076
-0.10239555448902522
-0.09534787414946805
-0.20136853344844755
-0.2888342180968289
-0.1717077124722261
0.06493536818746747
0.01457697280336828
-0.4255286089242044
-0.16668901013415796
0.3403088816134518
1.0837252573599494
0.507666917704205
0.046952350033205165
-0.30643902825306035
-0.41857428207062447
-0.4408929406257696
-0.4422940742902314
-0.5871376802289213
0.02315821093279392
0.046951074951981975
-0.4850031636923301
-0.2388253721722297
-0.4162945529121587
-0.034287176046140476
-0.1820155524998549
0.028211616510176597
0.0809454344737465
-0.12688887293826973
-0.004498852030624387
-0.0594763600470817
0.07770511711569378
-0.6421430099765204
-0.41324478492659134
-0.4988876087731907
-0.12122278001552553
0.04856701271495591
-0.07196503459700514
0.21942108160927978
0.37141285523053574
0.590208862706422
0.4896586592733487
0.13769057109638064
-0.19674517540203812
0.11215312092512518
0.029211626040142595
-0.1481066923278188
-0.19659846488107308
-0.24213582679167617
-0.029246144952509257
-0.18962712709845742
-0.27445773786089417
-0.1049101478309353
0.18314937977984505
0.08921916167831338
0.26612344218869005
0.16400545703059843
-0.19555672811291117
0.08839541233031961
-0.00023535663517131077
-0.5977166982674244
-0.44621360059496823
-0.838393197908355
-0.7497014320088907
-0.6353601821105818
-0.5371098197446823
-0.688672109082717
0.1468372159691157
0.47314565582441886
0.9836010915888533
0.35213446697497813
0.07141930509264843
0.1535769939783373
0.3516537953866466
0.2237762628715077
0.26102923998328775
-0.1685918639334043
-0.11205974264632672
0.14103631620888932
0.10921332088160114
-0.0172904470925681
-0.09652435930487502
-0.0669829588769693
-0.1987789009745271
-0.047674618548123174
-0.013943989116980571
-0.18844585154421645
0.23210250317964337
-0.28500544768100494
0.1800069012625663
0.35111520722589185
0.02223184837028262
-0.6163054103753223
-0.3380562707399813
-0.5641478858399709
-0.08073909868312912
0.6965312671521346
0.6118533788369207
0.7281568144950714
0.11556554157595679
0.0937583998646286
0.2914446132645576
0.16753984501599722
0.18057514578329154
-0.125882304222522
0.10766443672948561
0.17490865463872216
0.1678114481345514
0.051381328953679306
-0.6355473549653028
-0.14146691709146827
0.24342440229683546
0.062144619865046914
0.21371548983221392
-0.11760439051563534
0.28570922909051927
0.08393179253675297
0.24668729809252365
-0.16918435783067037
0.05870971455421621
-0.23855253036765192
-0.3724569442688115
-0.3358045654032117
-0.3722712499389478
0.5558750112540357
0.9442078840503447
0.9027637941716306
0.6018772430505598
0.16237140042391957
0.25702147772480827
0.32657474080067317
0.09739152388053851
0.30807757729479457
0.543882644712577
0.2823873561396211
0.049370401313610576
-0.14545011092984636
-0.434222226772886
-0.14988514824721266
0.0851038786598987
-0.20664376997555453
0.03770886730743336
0.12514944386583152
-0.036270572278732954
-0.30268700943943344
-0.25479718285659075
0.07652425974373409
-0.5771955580277389
-0.32792160386487695
-0.31836977277275064
-0.5468349343042811
-0.9373733889141815
0.03318176308062057
1.056090688276174
0.9280498868296895
0.9873423160553091
0.5731547355031821
0.04449945316834105
0.4084424970040041
-0.18032950817255075
0.15479096884832197
0.4843433145678733
-0.18853636335796847
0.3005591958369064
-0.1867470198982767
-0.3667980932699279
-0.04350541121988487
-0.2277489828466849
-0.02460859708404203
-0.11317771251106395
-0.23058971564667202
0.061420719404188646
-0.14571721087996178
-0.6100254220592304
-0.15625159888236065
-0.666585401306399
-0.10047223467894828
-0.11014063226659687
-0.5464606329415493
-0.8585311190791369
-0.959896348606281
0.3686399304032588
1.1527286220770374
0.9103114871927851
0.8004070004189949
0.5418123075914926
0.49140818702666594
-0.3207391442486261
-0.08672392573495452
0.14473194223110242
0.396489980127957
0.09954017618173208
-0.033065900343679185
-0.03578351057417372
-0.2783016224060278
-0.1632869495254248
0.051164602519791824
0.047356252894484856
-0.026505421927873734
-0.05452948113250378
-0.0467713049613607
-0.3333400121434878
-0.46571907533802764
0.13339864824378495
-0.0979739524254039
0.08446905692057721
-0.2664798792484263
-0.594081341490125
-1.1611054202610835
-0.17420304125927474
1.0668953304617879
0.7734822679109985
0.8770135550572457
0.3370328312623306
0.17382898346543324
0.2756753301463596
-0.018728102152169898
0.049331786789014266
0.012867046519372604
0.16154476198691184
-0.05511308454266576
-0.35007235688672933
-0.009336441829902339
0.21198781439731199
0.04842873746095566
-0.02377128591166952
0.03453667498199169
-0.1581695113514855
-0.003274455174192954
-0.2364382310053026
-0.1984911267009709
-0.10426931027270343
-0.42539342523084017
-0.3097579840889727
-0.4316748671274669
-0.4398288740519835
-1.2130202186919548
-0.6774271894512152
0.29451428690320147
0.7635771996088312
0.8350250814174499
0.6018780815151175
0.1495102567559633
0.21951693944919845
0.3769260663997679
0.1501062737917223
0.10862708888943222
0.3537134042342737
-0.14141822905131485
-0.19845895700049804
-0.03588922220016598
0.06603882317045959
-0.07006633953394971
-0.06693410558100935
0.22847110178419436
-0.07603310564396247
-0.21950397818861986
-0.2091265901706067
-0.05314786603771359
0.01773214658201032
-0.14045538110878672
-0.340989827398651
-0.09491608894597789
-0.6597847725620819
-0.9512435976560873
-0.6669282868180075
-0.2978237646110655
0.6690204647245592
1.078493699174352
0.9443317755198395
0.304584547782921
0.6331621300200805
0.7791740137030468
0.319847241994634
0.1511057754610887
0.23280005704171178
-0.04293526508688976
-0.46164754467931896
-0.22624813131269933
0.2654167952380425
-0.18037786635697084
0.07656528461514435
-0.02514744636889211
-0.08819652868711075
-0.07859990908103896
-0.34565226716536357
-0.09426477310291344
-0.08139866594300306
-0.11148227992607466
-0.3899674283205101
-0.2574216032978771
-0.5026991165902072
-0.6130680400459837
-0.7938320658372835
-0.4971208413662857
0.4855752874514224
0.9810604827119512
1.1963902026195843
0.8362351886807166
1.2463183621869434
0.28924381119477266
-0.1935111365161201
0.1711907206022629
0.2883730996237458
0.12583719665555324
-0.1983141794318992
0.005319920495924184
0.26021793754557676
0.02345152348135435
0.23303975208161634
0.23635701010983823
0.15447836789946073
-0.11031223988794275
-0.11229607969385803
0.07865613843804031
-0.3033896517902641
0.16622121061885722
-0.2488194444779879
-0.0859205351684812
-0.09887093198175555
-0.7492997370884023
-1.297172504273467
-0.9735025643058319
-0.20163767312156786
0.9084557351460797
0.6269830295437262
0.7270398793874068
0.3940072273340504
0.2138237941850154
0.42516152446442407
0.598857694537565
-0.004438007565354043
0.036468561073503006
0.06287509047943417
-0.07412268893762611
0.1649824565115973
0.031120867658794907
0.05662976821047085
0.24497667717472385
-0.23851032923207935
-0.1473154978105484
0.09210978831940345
0.032135691028059424
-0.17783951121157826
-0.16801265710242022
-0.2941084202285689
-0.1322731865221219
-0.5930182875418071
-0.5271071219161688
-1.0069951961528611
-1.0297314086404177
-0.3008814368871974
0.5690788220902058
0.49036613985616984
0.2196344246436866
0.21772603390689907
0.49042689662624933
0.3181644680562229
0.1300550493770665
0.20638569441739033
0.3330958118300085
0.005748924910335703
0.09709345829740343
0.06876492243421603
0.056457224931673045
-0.25511165785022494
0.11497999070768042
0.054271036371889396
-0.14142862556571034
0.05747420832467571
-0.0035182170106828796
-0.11575807155052231
-0.21960740782816168
-0.05952863347776843
-0.23764572371803272
-0.20443829655173154
-0.38950269784241387
-0.891460574247323
-0.9496814905168866
-0.23384892169112625
-0.04268969886857159
0.27003689016722404
0.07662330462499464
0.6210433739888045
0.4762938471680327
0.16696074832439697
0.33331238031575045
0.3453803856964296
0.41400704612144557
0.5196901669548446
0.13747194898738632
0.08482318633851728
0.1198837002566331
0.1808357475612941
-0.014826949954089499
-0.22957127395690397
-0.2500925266727277
-0.16770213324320762
-0.10463856687696581
-0.08704162681246191
-0.4565472124146956
-0.5159691556909504
-0.6249590089805853
-0.2272358277618774
-0.47869863798413337
-0.6958588409081614
-0.8351360384751189
-0.7088894009548056
-0.25964466038157924
0.17097387300444025
0.31434114896709836
0.3035193464132537
0.4496153650527078
0.23992682857401826
0.41426638136638605
0.48487758476859194
0.1923770662877708
0.22724456841493734
0.2576303634735337
0.2478602096847676
-0.10169697714597811
0.14163875129881662
-0.034994848354811356
-0.07428698993107881
0.2387856268347361
-0.10919223713394763
-0.041119574031551365
-0.3890286583685102
-0.021667226779738463
0.04856997525502729
-0.6100758958181317
-0.44866682697334914
0.07056540931875498
-0.38809748103340336
-0.4537822593720413
-0.43967578171151156
0.269410801377214
0.1458771251980812
0.6058226317192905
0.3318253844995501
0.2376628868236529
0.32236473910891955
0.38650847794495596
0.25649167191919425
0.18799790270325892
0.3851444405996115
0.3174713473302791
0.014707910658190432
-0.06886451244536028
-0.08530369532044565
-0.20826552403207396
0.003288776597756828
-0.039826910845980314
-0.1373455506406667
-0.08786418766693546
-0.17365048945746345
-0.23461502996296668
-0.2588804413763394
-0.6788365355630075
-0.39283390305818316
-0.0922731186336066
0.06593182581693899
-0.114039901350885
0.09154866117922561
0.27776527068784557
0.7277404642306233
0.4812465463108611
0.23289976202156998
0.2354431455492638
0.28429727084349066
0.18242914811329194
0.35901600790820787
0.4362300450263996
0.20330073680426144
0.05411165401346414
0.11374985973154363
-0.003810400851875903
0.06956088248450903
-0.07402794447195718
-0.15135409456805363
-0.22237688175695863
0.015155082984610557
0.11997636186612103
-0.14710405854454947
-0.04124319265635756
-0.08835423174025162
-0.24311270081715128
-0.24487418784498752
-0.1992059532632119
-0.03910659885260401
-0.18018164523700536
0.11029007548546207
0.584358419781317
0.4897275072220352
0.31298242488529116
0.5983332190104846
0.34176492187789803
0.4150152478043417
0.2601030842930194
0.16599505805725098
0.32938473801979884
0.056907116995555465
-0.22224593200178885
-0.07695289158486616
-0.16990551546165003
-0.24717598796514018
-0.11357664374550014
0.024738795907470648
-0.13284572772561154
-0.07654159654003434
-0.11183262392967595
0.15019869023026983
0.12149974141886387
0.007250031136158342
-0.0005817869313309079
0.3426799045305972
0.28543966716297414
0.1934760722745594
0.03922176188914064
0.23649532241739613
0.14859815668184959
0.23013651160235857
-0.04692296184859499
0.14412880525491764
0.03622389604559038
0.08110508839607991
0.32525688503457617
0.0712513798677407
-0.12232479770157785
0.16435039072572702
-0.04646563331439255
-0.00935621269777164
-0.15715994074841325
-0.07948258015107024
0.17288392834449576
-0.13846193815083077
-0.1602642118302584
0.006017126704806913
0.026650643265584216
-0.12104454101482676
0.20300250210235046
-0.13637689368173872
-0.03619614500937931
0.0401117925373152
-0.19494146231580275
-0.11103226252944699
0.028742932089452417
-0.05490929603844592
-0.06431552396301433
0.15771212786952152
-0.05882794290986285
0.1075880894025637
-0.09772261337770363
0.051374852408745605
0.06575902235284743
0.1665461132562415
0.07417736077354017
-0.03402916646074195
0.10421653707386648
0.05858402990602706
0.09974518274491948
-0.06971274834478103
-0.16572870226638334
0.15417729300134658
-0.036232411570738664
0.008460529386469021
0.10548360031200497
0.12504536015911177
-0.015344718832356155
0.011668929882225364
-0.03503477457483783
-0.008529791013975743
0.1850871848955675
0.044822668894376305
0.06245586075419915
-0.03406845853824074
-0.14504574741452284
-0.10802647133491142
0.20499097119421947
0.02512214015321118
-0.021805651740365056
0.036531018273186056
-0.08149089589172465
-0.07815314538890789
-0.02753728881455483
-0.17025970502392787
-0.2981915634057997
-0.18036881097136948
0.2548981500011684
0.10853137585275922
0.021342794027143706
-0.046007163656269626
-0.12430201579020776
-0.07614611716643835
-0.0045724518900797755
0.13954410528764788
0.1434183734276268
-0.06521935271349062
-0.01161786265512286
0.14285579062117143
0.06686835542134406
-0.01035568773455154
-0.11411134275777554
0.06472147370542056
-0.3056390283158234
-0.3658290016698691
-0.14334685995608146
-0.17531852595979427
-0.01755800281883311
-0.12354082593567799
-0.06788566209755047
-0.14745677190737225
0.014659422721301012
-6.97713393132604E-05
0.09359575582593552
-0.3082155462353585
0.10978063123224613
0.10685685284932649
-0.003113658345150493
0.10434108392095585
-0.0011615159546250703
-0.15551491944670923
0.11457618452254369
-0.05548258446636376
0.02144026245170649
0.2575547461210164
-0.32943252041743737
-0.10332459116610503
0.0335377945706309
0.39244313760065563
0.5565079176956093
-0.08368534183155202
-0.24760675549265398
-0.18090665866894456
0.05787956403887892
0.2894356836648773
0.13782051377797783
-0.03650113240616964
-0.17025760575446153
0.14805475469241738
0.21106211772202685
0.19239700440413887
0.10783302408497894
0.19181224729497046
-0.0033992583016256577
0.11075085093450943
-0.15677624546449445
0.016782051824061246
-0.1506975557824053
0.0006149811673216498
-0.29885903868096964
0.1141705857401377
-0.029641685297170338
-0.17198472216813018
0.041483199773672076
0.02232826174729931
-0.06810336573487255
-0.1440153885801968
0.31242608003875905
-0.1710583731208588
-0.1890650941929195
0.07246628473781079
-0.24751996496049175
-0.10902527681124019
-0.04426744718427851
-0.09888631391812958
0.24683359760996357
0.11580129057672514
0.18626227580187119
0.06512944906811133
0.22625262534052118
0.19012537636110352
0.07057278435974579
-0.08649104611372731
-0.09308228383580379
-0.23721103549316408
-0.37301106487726304
-0.22519537160250733
0.07772779301915145
0.005977950849329899
0.3500080532205732
-0.1294731464275556
-0.16471353692309498
-0.3307950712253366
0.08796328046639902
0.6558895700105373
0.04207640226044838
-0.06431408005745312
0.06575270259424036
-0.2733965253287349
-0.15463875114136827
0.33089599971222194
-0.14695220077887117
0.04067460472000006
0.20334467346694673
0.026517573293397437
0.029952584023765536
0.26060057318467866
0.14448097651458572
0.29018386546662495
0.06930428162985215
0.07186259930313192
-0.1985277568394035
-0.11875697050226186
-0.42905375572633186
-0.3840901622986897
-0.1984123460263828
0.08025621124643068
0.18615865471923868
0.3260387672352875
-0.26129638084445883
-0.2552314505235804
0.3660779015789347
-0.4819211316239651
-0.6333817841944527
-0.29590169399343674
-0.0462637652286407
-0.15812891085138053
-0.1557628042535731
0.3355907310899343
0.2839900917847681
0.5021579199614095
0.4952708436279125
0.17704964790571398
-0.10912625572047804
0.13427616594202366
0.04056354779345656
0.20977996828654136
-0.09516841444587967
0.0005677045463390149
0.1359630168588043
-0.0795783870223618
-0.05097210873769116
-0.41379462570799314
-0.2590360590785915
-0.1729798560205495
0.641186052160983
0.3705413705063672
-0.3150299002179337
-0.6190552253414077
-0.24053350677507523
-0.2570645295255161
-0.43199241075369327
-0.6148456337011345
-0.5823494859958374
0.0503576127098161
-0.13755802107453632
0.12385536481028366
0.07737595525798717
0.350861465401619
0.39473944455952703
0.16620302507090104
-0.0742954416114672
0.22986871858200628
0.19568538071501765
0.18591247518239637
-0.08627768975732836
0.050769690520640016
0.11568785930152821
-0.18941076189112366
0.12087480960138465
0.15733479895465055
-0.22005901262683925
0.05871693794730017
0.4444450454154263
0.4203908321070527
-0.6512717140037474
-0.03232752747130957
-0.6412225380106974
-0.3579961355374666
-0.2890618267208239
-0.3097203238651823
-0.5832905971793653
-0.00041095387162090103
0.00928740654957753
0.2469189118163622
0.006100572403736903
0.31336670978032466
0.09743383422547607
-0.07907037493517315
-0.3586120152285534
0.2596714565837475
0.29185973503806206
0.18469043807199398
-0.02826358015033628
0.09252606318550397
0.16974432105276105
0.07862803444511839
0.07244962072775657
-0.033066508757127244
-0.3773590388899841
-0.2014486364322777
0.48153440558366395
-0.17544194019457546
-0.7772401116893313
-0.6972168251089572
-0.3622567375363058
0.12673956698594172
-0.07526699724563289
0.3911491437043934
0.05295228885076016
0.09535953315741792
0.19054102642553555
0.0849089223523024
0.08290148595145384
0.14954823347516716
0.20014688289798996
0.08150302165117244
-0.020399366050138805
0.2827770467658963
0.14753850646966085
0.09998611271770332
-0.07544940411835095
-0.00470119059239352
-0.014159751323000054
-0.04989041506224159
0.4193032074581064
-0.17493830436740257
-0.3732967873789066
-0.44510853019924573
0.34086644333139887
0.5031604379046406
-0.5011934766892315
-0.6788247643867823
-0.27726566257595286
0.3698452052733659
0.35966981609790116
0.2492083193641928
-0.2944872488601718
-0.7394402456279184
-0.10883117988852326
-0.36326458089553093
0.058560985477393294
0.29963874650921335
0.09829986960579534
0.13875715967719415
-0.10121701067558382
0.007769428408995704
0.2943516275424131
0.25827993457744786
0.00964120959085706
-0.01336297876482883
0.1973641785077433
0.16211820481913553
0.5887601841666417
0.186200034284928
-0.5938868834494185
0.09161881333336258
0.45624627632101544
0.04344847039242694
-0.858099587586722
-0.5078863138545655
-0.3888883182061292
0.36380172488689433
0.39497690474912306
-0.1431592084250854
0.18385290963966758
-0.5619196547197666
-0.0421549744338189
-0.34847747185209577
-0.3823136494869529
-0.226009085181382
-0.21279139398351238
-0.04463285666285396
0.0013303222711030006
-0.06069740569948351
0.0013712476906221794
-0.20956792486340223
-0.31597937947966254
-0.24710800987752632
-0.01200502756693745
-0.08796432093986893
0.05934639495884907
-0.14283679860349854
-0.3715497783120079
-0.09420290874497007
0.14539020658210716
-0.2694870451265183
-0.8934911279827313
-0.6504842455289868
0.3541888198291839
0.5376050314266534
0.28096766485370833
0.01684195307863872
-0.01042953212146518
-0.10390451634278515
0.19592276522844385
-0.4667826549219607
-0.7594311484287062
-0.5877624009162397
-0.2095237006962515
-0.0389758937290139
-0.17667441691217287
-0.1478065986929622
-0.2773195204866089
-0.18258278427166885
-0.018395230517002634
-0.11696388380016787
0.16206968379402706
-0.18669652212025148
-0.04171321254967064
-0.22474259156465076
0.4927984445839983
0.6269072183279619
0.6417301791668855
-0.004980964373040155
-1.0734722804066892
-0.28000227431693925
0.9935038777665566
0.7188971881623858
0.4130844927315085
0.3101904010072579
-0.3061808283451055
-0.29014603363235525
0.07837442646070215
-0.3512769241140422
-0.3879605799241865
0.06476407490572321
0.09232298364695869
0.09042551406127329
-0.014374576048801197
0.023651943941939764
-0.12118233519557546
0.0061065037809214144
-0.0299809950701442
-0.04082135405227776
-0.006542844887092575
-0.13597734324079785
-0.06704939669185568
-0.012464885682506836
0.702065138438716
0.017707440352851985
-0.2260862983844452
-0.6067871127516973
-0.8287393713269833
-0.42696278042263236
0.9217933078557508
0.9323764344114643
0.5467251291004305
-0.03301047522769229
-0.32210752933393433
0.14686114784128906
-0.23002862004298982
-0.3751181876684499
0.016274556329687658
0.14023176320528452
0.4664110280629127
-0.017587446385836994
-0.2273385756682918
-0.19716800748206648
0.03921565959969693
-0.11744339761835863
0.026493062006160407
0.08527285330262924
0.14107956072322156
-0.0676998000394508
0.07389376825467106
0.069117672099749
-0.020218339948269413
0.05422140720942579
-0.37442957269145066
-0.05500264300250226
-0.2632025629789234
-0.6200599678468053
0.4548878826728488
0.6911103413092242
0.00940906398564896
0.19432070262194068
0.08179200091080348
-0.4533752948517431
-0.4148418670651267
-0.37122875158042834
-0.49684924493124705
-0.053814514764025705
0.027209890329456393
0.18770182060848067
-0.018754445594639735
-0.02236930162078468
0.19498188447730375
0.172810619169137
0.030788195881335155
-0.05816264510905318
0.09505926549510324
0.02713637331149971
0.04376110150852442
-0.03339461153770123
-0.0366064603870389
0.0918647378604397
-0.014398311523823272
0.22150255315128056
-0.09550552537305838
-0.49891110966496577
0.5302882843127719
0.24541564381067515
0.15337603084589319
-0.284985112644081
-0.3793270782856542
-0.8846382558695445
-0.12859351264476243
0.011037033811066901
0.004367713206340185
0.06829310728966845
0.02541512444559574
-0.2548834060503753
-0.07115605804094641
-0.006693956940531175
-0.15287677943998418
0.04134488895876023
-0.1552971175989266
-0.006821991066055952
0.29174728273413475
0.2655813776667839
0.034060211764314965
-0.26247331910876825
-0.350932751381708
-0.2088408937234543
-0.30901525474706043
-0.38432367978802306
-1.016670358791562
-0.05613514252445495
0.3419245773958698
-0.5965392187719848
0.12224940237901866
0.2105989038627073
-0.6828642913378662
-0.502096648459242
-0.04466750913085815
-0.08101644458173285
0.0513368124090038
-0.11528421146453356
0.2800232818356321
-0.07169073632625347
-0.015482281510269893
0.09225017053170571
0.005150527432714545
0.16939381212101573
-0.19570918415507293
0.03752120036539173
-0.05200221054790975
0.17826792123062973
-0.1516708484421641
-0.2932453472781918
-0.14546123419827095
0.23096199778954032
0.1317840324354585
0.17172630324449475
-0.509711483774062
0.06461195918041511
0.1770881844561374
-0.042226023138160686
0.24409943944017318
-0.2654988527786414
-0.17066126385956268
0.02957712075519558
0.052956561037215126
-0.06568103820905187
0.14439500556591103
0.04997382091173056
0.09399662510390054
-0.024842507231640908
-0.09968872716336254
0.054558614092764454
0.23365515004258708
-0.04789604460492162
0.15439838184158872
-0.05560449879167612
0.18451603598525618
-0.09933339106095777
-0.4286864117864864
0.046239985466191576
-0.008479996621968272
0.025531371724384074
-0.010778361896786269
-0.15388338361529647
-0.4009922447411008
0.01682947196459689
-0.1397541816634582
0.31696335240370493
0.1266328552859007
-0.14756591879501355
0.11953286305996103
-0.06139535963390604
-0.303961076536958
-0.12707739250273067
0.028223673641804236
-0.028054587975957133
0.22219995636625867
0.12248947380864435
-0.11733529751019842
0.02447960329586692
0.12856251729706403
0.18589234501668728
-0.047500675179477425
-0.012504537526573685
-0.16168006890279257
0.0010331188626040823
-0.017418454117995752
-0.2473984422232218
-0.20261193921822912
0.0012312842517165344
0.07036129680204643
0.09024723564067202
0.10280031723910996
-0.2933582422986562
-0.530814982559718
-0.006149621160404824
0.38957320838557086
0.27997918153971685
-0.14865138206995102
-0.43140894225850906
-0.1969067528269079
-0.24680229730487538
-0.035158022142098413
-0.06795694517058797
0.3295737840609547
-0.045718557870408766
0.11378494872510633
0.03370256513974416
-0.06640488377748013
-0.18759204916286876
0.03221912817520091
0.05057051533443854
0.09985205088428242
0.05647648379879078
-0.031145388471004905
-0.1630679250957179
-0.19767249357653605
-0.018597575834931903
0.001238926078346317
-0.020282268854986723
0.0633291010034781
0.29939798329733674
-0.23742334356931888
0.09488252498996048
0.4992361371361564
0.17264726961744095
0.04011357500769722
-0.4600165132740175
-0.2518097749207385
-0.32366317187439336
-0.020066402713199222
0.1626544965341598
0.3165880498601214
-0.038132384238865155
-0.0009016248560917155
0.004407668291403935
-0.09070268194038679
-0.030173225498958508
-0.14417908931632106
-0.011118298669033065
-0.02506839282467132
-0.123041668912232
-0.03636538109104345
0.16884236787700016
-0.20613982214645035
-0.15766458356078253
-0.28950474662330766
-0.03445000142209483
-0.17929028122523785
0.0008745285059739288
0.21448175963199978
0.43556638051518054
0.40864208567969174
-0.11853194126840672
0.02013121869540689
-0.28604969880632314
-0.3377577103738383
-0.40569710515724783
0.09459382291485836
-0.007656914044777379
-0.09832876480832042
0.0002009760777642922
-0.07361535420510082
-0.3021596372499069
0.12358363510736137
-0.02325653568799319
0.006124629684648123
-0.0945353108489769
-0.039807590648720866
-0.04258944532090542
-0.07370613835999097
0.14119552989116596
0.15422499797481884
-0.1822736143035585
-0.017414384460306773
0.04391097907177938
0.12156607411455467
0.06761824331801558
0.339966201132058
0.3818930535525314
0.21534836523700124
0.20693976697847657
0.2745946755394221
0.036471713689662004
-0.2205967932579979
-0.2309688036180363
-0.009257554272595024
0.17936863629954722
-0.17747058475539432
0.16705766682440054
-0.045547038550220034
-0.2894466826491979
-0.11880898093203286
-0.18259169891207397
0.2596438469817919
-0.046073391674762466
-0.16645161679565923
0.09831035727215985
-0.12640460464684355
-0.049671921817644175
0.154943733740475
-0.1308975630981448
-0.31627872815435226
-0.24482925379245316
0.06638373649514757
0.01650680991400452
0.3531052786965476
0.4727150769128906
-0.17018786646790304
-0.15688915135622047
0.015922590172497048
0.1065249619696969
-0.16201778456801694
0.05333706129917934
0.04630866234559284
-0.028133633326412808
0.060427722603739145
-0.041738356473262316
-0.039599388225240284
0.17807891715365406
-0.15737388320176587
0.014278963141904855
0.11611245689015266
-0.05011379069183029
-0.017288722413691154
0.010485966520662048
-0.2653297730644162
-0.08437272387877963
-0.291539163800554
-0.054484996349910574
-0.1470601144253812
-0.08138142398528954
-0.2031594914909314
-0.23672383383024456
0.1519742603141629
0.41336626148588723
0.12236025974539735
-0.07795663648825232
0.07028507405987292
0.30157297022481955
0.2125560274991841
0.0007207000928391232
-0.14188720821919212
0.08061758262908815
0.07072115662009662
-0.017770240027257838
-0.19703168017159833
-0.0613397573887887
-0.026710572178104484
0.14702995172483355
0.1227859636401595
-0.03236062557849729
0.10855923353261039
-0.040298090328312865
0.14160701276144821
0.3436125816941004
-0.14992946727796563
-0.06633133452288716
0.13663190176044349
0.02305029488830452
0.0014968628754321281
-0.2981409554374837
0.24294240611089657
0.1762473076959718
0.05904138754292847
-0.16037334545024107
-0.20601513384042924
-0.19812560462694445
-0.22101032743681046
-0.028968790588236034
-0.05587807226571868
-0.052999187112565314
0.089608127885347
-0.17304568460068656
-0.11641504217415716
0.056293855660324424
0.15453791617930368
0.01154978011924275
-0.031159851016468846
-0.11832112268477092
0.05150432305778598
-0.03890580726274331
-0.11879250562021296
0.031470065524508525
0.011207686849979923
0.10096915450667335
-0.12866418645151273
-0.19287382793541372
0.0949414113087111
-0.0684418076790779
0.01833830712683699
0.28699125371782025
0.07903816780070182
0.1368217181205073
-0.10820894340526536
0.0468054145082262
-0.015305424353499162
-0.13772956496387828
0.046389454271079086
-0.23400652439139455
0.03524722330721077
0.02580835430249865
0.20079180932856985
-0.26197540021267957
0.28874331282166565
0.0528153849912203
0.016333337198067333
-0.10152004285253162
0.11987526169641317
-0.16485076473178512
0.013188140376964327
0.015365887645206173
0.022380085118826606
0.07474201372363731
0.10478705513328476
0.055505663469106896
0.05788325375018803
-0.00012222268865331204
0.05574785433426367
0.06413566708652522
-0.01965130389825061
0.004895611781031195
-0.02674761779479471
-0.046414970448843164
0.061569590066586855
-0.02668372290094039
-0.03446143515224479
0.01143590707141594
-0.06799400124092939
0.07472932339344535
0.09011205164600367
-0.0082966806979677
0.04912270839229994
-0.18458331416984608
-0.09230177475301254
-0.07769405296264358
0.0018243934719755933
0.16997040046183784
0.01231923367327225
-0.016531125382768675
-0.08391495718068667
-0.08962573497399844
-0.019199894867834112
-0.0462778544968609
0.08138332845285473
-0.10262974096903987
-0.040883358155045756
0.007947456506489077
0.08257005702680015
0.1339832491749423
0.0743433744983994
-0.12129806784974781
0.1559759314407434
-0.11499032368924296
-0.1401715905412255
-0.0656294697397786
-0.14449229604370425
-0.10433726380967845
-0.04873730989453452
0.12821311297570417
-0.029731812077914695
-0.00238656168596955
0.14488637472550595
-0.16424804422092013
0.054822730576590935
0.011054314009542564
0.027484243533516035
8.812386533825301E-05
-0.039693279083375284
-0.11787013370008452
0.03249027027226369
-0.01829657990925242
-0.14756091575120972
0.2796213638199778
0.32516564083608895
0.035836554396553186
0.051949283559313476
0.02678311384975264
0.10845965787359095
-0.14823396540178135
-0.03887145541495308
-0.23651898553443032
-0.015108909440605795
-0.08973124292826669
-0.025758361330317062
-0.023719399612642137
-0.07582192420300252
0.02999413744198718
0.005908818438861206
0.12194628962263628
-0.016271651434025064
0.009896742099275966
0.06658361253276858
0.1150930901046815
0.169588683092893
0.10554414182901142
0.12421289899600087
-0.04263809507255906
-0.03831302203639887
-0.05869142824586377
0.05232922991623503
0.2426274529634955
0.20672681834646495
0.3916404603701927
0.08525802749077697
0.11393032077010387
-0.2087483676126543
-0.14386270888338587
-0.18981759657649225
-0.06021982262769405
-0.1398833184268496
-0.052835728491325576
-0.15859387768478908
0.09790357306454055
0.2227372322759855
0.11655157555669338
0.027184128591985716
-0.010563691881182018
0.12258860535406418
0.033736284157786574
0.0423975575974594
0.007664937197474375
0.11496807839705722
0.03150269507754423
-0.21152405049255177
-0.12615150957728175
-0.013147640339215541
-0.08351981257009364
0.09513934190830216
0.24018744731666855
0.4965741533256131
0.23496546664874046
0.3771814834650532
0.18662718230606945
0.3357156742250443
-0.012827242183114016
-0.21224841311135914
-0.11973355665002715
0.21366594709650719
0.039867241192287635
0.2642279176358072
0.1633238810770942
0.3240692737508714
0.060131265588280684
-0.03198226446730749
-0.05558264444269588
0.0364728579413149
0.06960571910205084
0.01983901553508664
0.09119361317143863
0.09291232192952188
-0.13018727937579969
-0.2666502497943189
-0.3355976821389399
-0.5867384736293694
-0.38935644974251277
-0.1324313512891137
-0.07700270552036059
0.17379471425220575
0.14013671322246007
0.3716856058845373
0.4770796463135946
-0.03700250509172538
-0.2853817796394207
-0.42238765253001065
-0.12320991668742014
-0.050941721364449855
0.2036976576360442
0.1829430131343961
0.011045201272223183
-0.26396621509118895
-0.05557634317841501
0.1487737993028936
0.0892718085806068
0.0797557047225342
0.04717270578370051
0.08120335280650799
-0.0073686780743687326
0.1747643490896634
-0.3637625769949543
-0.6262238768305265
-0.49912122745462345
-0.42861431887677065
-0.3763233011188887
-0.8322926049172489
-0.2270340271147573
0.09317757127016808
0.17495541957494287
0.13649183784977767
-0.16447483148988953
-0.33207242909797513
-0.13905899565945273
-0.04731328417656613
-0.0799200574375987
-0.31271564802855145
0.033837876497024924
-0.033643171627942545
-0.05713651929890968
-0.07240438523061359
-0.0993282271286787
0.13620757523088767
0.20725474682365036
-0.19180227300398325
-0.101176739068946
0.030766778777995506
0.07665769606884133
-0.17881661384182307
-0.34872898645592704
-0.7179772745567373
-0.8353534194338683
-0.5502293445158126
-0.7686714872136702
-0.5766207160541047
-0.3974375892042173
0.0022364393154341478
-0.052159929146032534
0.18588179598775242
0.3348960259858319
-0.3575109850262909
-0.37301139865256666
-0.32404000629698954
-0.04995845993710917
-0.011822739045104504
-0.26768602290132854
-0.30700653844976933
0.06832784929723677
-0.046311212028362574
0.0507723307542462
0.14701815800128928
0.011859250900275998
-0.03232763780009404
0.09093221503087251
0.08234438490146116
-0.025558711287904753
0.04911050227558876
-0.225252350562275
-0.4252775965068116
-0.5907404133789216
-0.3670637896047133
0.2675572098688673
0.05743202772190726
-0.26913951624469584
-0.46863398262935574
-0.1332823930284933
-0.18966448287766643
-0.3757849716156458
-0.5574565276057344
-0.28534595191770346
0.24247284646706074
0.020173971922356135
0.07818528631019186
0.1400508721829651
-0.07925084721102511
-0.044400170018854865
-0.04692804036087134
-0.024083074183356947
-0.007035666852598943
-0.05467250828041188
-0.0337188735448756
-0.015200828826450814
0.016448357134810354
-0.025209507097773875
-0.19191140851686606
-0.31060615168545513
-0.21008305497408336
-0.21623409597703885
0.17939040063220066
0.654840430273924
0.3548121400201711
-0.6275014564785053
-0.7043363351231208
-0.35594810041789005
-1.005981378377087
-0.984302545722073
-0.46381172204768545
-0.08360685638745136
0.18378640534057242
0.27046365765853214
-0.008848315575603092
0.20674998456328275
-0.016541603397033536
-0.006411709373266205
0.1206521905319865
-0.0909728045581188
-0.09065255742368462
-0.011308654867991682
0.14846227561581063
0.018093583064134576
0.009612083554067032
-0.047198116031757775
0.018692530381345218
-0.27079696614281573
-0.15922095294141375
-0.10881066892799705
0.037660089138396816
0.42043684450223984
0.4013519301188558
-0.6640887371400092
-0.9952059871863207
-1.0828576739322537
-0.8306395468569316
-0.606089224795241
-0.11243779431811907
-0.16641505940116408
-0.11704560398194425
0.4931026597266844
0.036862149149510436
0.0697804545895166
-0.11341964975790515
-0.161866474176149
0.05211150665160823
-0.13126708993816927
-0.19819435797733256
-0.0018461872333534915
-0.03108316679971892
0.028955100325905953
-0.011021020280735896
-0.09218689103795052
-0.3038391767050926
-0.25524085674663494
0.1390222253660476
0.2316738315499365
0.17950772457832778
0.25602093988779484
0.04881567086426736
-0.5687050303260605
-0.8706423186681571
-1.011767174114753
-0.5145317050089783
-0.1712899373008565
0.05209835576674258
-0.21872697532551422
0.12180943218961904
0.33434309980596844
0.09456567466687857
-0.007909717414567925
0.005283510086596157
-0.1393306924753557
-0.14383911214945788
-0.1054334276945612
0.06154135603207268
-0.0691931040890835
-0.08634774565104764
-0.07943738514738952
0.09951212277360542
0.04475010563930068
-0.17714302448136116
-0.16764406226884318
0.027816113412616267
0.3464890484524554
0.12659358115284583
0.4476271841812278
-0.12929193933442865
-0.42268570621020596
-0.7461282500369759
-0.5379813207267309
0.07331657887474317
0.34843141821797
-0.07064703267298697
0.1618059773439601
-0.10410186406431596
0.1933045864461667
0.14608050808406745
-0.13747100715708252
0.029819234706639348
-0.1829917890084634
-0.09530695604834483
-0.07840553884997069
-0.09875497480519964
0.0066918532678018035
-0.008688560916427873
-0.0665796799218358
0.07310904801086877
-0.09660756386342632
-0.1428769643209545
-0.3627817789144632
-0.25977972469071353
0.14792821094213615
-0.018453936520332566
0.07990535072297826
-0.13593570308004935
-0.6138660170489586
-0.7734236306871511
-0.3387719591867389
0.22823777191342717
0.23557524408476668
0.03344107149078658
0.2200890920253908
0.1516677943182505
0.0735386025037923
-0.2124723675880262
-0.22229457205584982
-0.1147488208497537
-0.03452669635197175
0.09322652549738111
0.022244100894823315
0.06600185135558563
-0.10084628117764066
-0.054202083573997153
-0.04240216533398291
0.0671774140938685
0.06916948587499568
-0.03596182392204956
0.10879876250597782
-0.12150889249224238
0.05503056985581959
0.10640921488294028
0.10084144251491618
-0.18890785378381708
-0.7225806972879121
-0.7786958390164309
-0.1393440355001627
-0.03656744040917022
0.03537246358366093
0.169062937279794
0.4153620550217707
0.15221098384208334
0.0801525849723563
0.02837970537112411
-0.29683098538687147
-0.14991777573123066
0.07927170623127543
-0.0042180157457216575
0.1429055512384566
0.18422486122934176
0.009330409664820141
-0.11498646772823452
-0.022508999520395756
0.0701112973399714
-0.04611440672380528
0.011445573856447351
0.145962523380995
-0.23476635839520688
0.02303644331941553
-0.35830913774582906
0.4105823127116106
0.2826532243327198
-0.0748548793376111
-0.4781269826821331
-0.010707041570083814
0.3844461461817085
0.4093077155362176
0.27396270836738
0.31204661873341494
0.3223242343230845
0.05588121563176087
-0.22920165095681846
0.05032665977803418
0.01890361317754518
0.10622252513051
0.02507012100723945
0.052120266667885565
0.011271808960574288
0.01776874209531263
-0.005318634029724538
0.1380772425705495
-0.03086326856237571
0.03175777410882345
0.19663286160730387
0.35130848796754566
0.27760441622723353
0.17717109438872064
-0.03677877817529483
0.20360930974608865
0.7138372740860812
0.2175127497970821
-0.6097986519958243
-0.1419332120362162
0.23482281135194255
0.7148005799335689
0.4449364181130668
0.22379493047143698
0.10128289301606878
-0.35124040359016107
-0.17369263849844777
0.2870853511768962
0.1992683290645161
0.13342723363328915
0.13474542828780153
-0.030904069885726516
-0.02400448094564287
-0.04504099478781323
0.03327717544585128
0.07558372491560021
-0.05719985097039076
-0.024254310552515364
0.24910018714702098
0.2655947292593905
0.319431538255563
0.20594608207368503
0.17196233128382435
0.48386909756447616
0.4222044576379621
0.2524362135390592
-0.5452789551833026
-0.3897537800968755
-0.1159317307139452
0.2712516876795814
0.21785178112049022
0.24205686180975416
0.10927572141819142
-0.11673373360257075
-0.1127347592925181
-0.003121191160549271
0.019493039510609694
0.03950722840666101
0.051419719434041944
-0.028746232297454107
0.07097896268069838
-0.05411693158542451
0.13597458057810444
0.05503115326596881
0.011366071938369393
-0.11127879909936185
0.12384110552339217
0.19256208755487816
0.33773700459888195
0.31522256962403916
0.1896529257456826
0.48460591730127256
0.08278851206693291
0.3306850425024101
0.19396885238367015
0.02778862672885232
-0.6877784595792353
-0.2449249712580588
-0.010932897207941548
-0.03999039599810059
0.04003835427064483
-0.15986373506106763
-0.06760318654623367
0.047036260103443465
-0.11293837134029401
0.03624352058114263
0.005958909708316824
0.08263394205977626
-0.11401025336823349
-0.07737835471167931
0.13170824354175203
-0.04128652763964973
0.1232537680648494
0.022792034385180918
0.11783727662497168
0.07739658124221353
0.21128032536236094
-0.046963887993119506
0.4411498714382826
0.056799700228257956
-0.24324142617635156
0.0018840142195283222
0.3680132408177594
0.021875802282674828
-0.211142080674792
-0.004229141081731773
0.12457411640204047
0.020123924136516903
0.25923946244281976
0.14271007510888226
0.14231297200983303
0.13055034279552663
-0.08291968410106447
0.06590084388850981
0.07590196048354401
0.2449998758405807
-0.02962627614317909
0.04101152606510566
-0.011938994214594054
-0.045784401647535035
0.0418974632646482
0.050330772894302746
-0.09491841301500224
-0.06576804946910476
0.27952525593986927
0.02276280012225967
-0.10508331736216332
-0.13545358015142323
-0.3298821360178201
-0.3593489408697649
-0.0417710590658976
0.14758700846438516
-0.05255515735139079
0.12761456601792176
-0.2162916163678521
-0.11483961784610694
0.3819228863832723
0.11629905169103721
0.19179305726925627
-0.10013833934936092
-0.14118685473444936
-0.02363678719533363
0.27060624381700515
0.09732824214188479
-0.13091491634638622
0.058879810971324616
-0.03283474329506375
-0.01896902680292869
0.0464935805466993
-0.034670326029416484
-0.14208456284178225
-0.16320876888689115
-0.09263441410089382
0.018916148038636928
0.08166172438839313
0.04424753944132088
-0.2780591649511137
-0.4123244808481703
-0.00694458692433565
-0.11215618265013204
-0.27665676838415015
-0.19981194649915304
-0.22560597273588273
0.067323212443724
0.23039120663542828
0.16597429810090028
-0.033248679879628665
0.022071649213614163
-0.20093191394697418
0.050316842181036596
0.11325739477457668
-0.09339005274453407
0.003545409431016998
-0.06304485863179908
-0.07965506015580895
-0.01888119284254514
-0.10413742581098995
-0.0851395020230148
-0.05708916296217793
-0.004311963510726334
-0.13653045122712096
-0.04006185841056247
0.02446658533601381
-0.3595364716982091
-0.26580646337581365
-0.027924273000712607
-0.19653358773138888
-0.3469705894851171
-0.18877269884099246
-0.17639643116332723
-0.1020792849709258
-0.04310083053144279
-0.010024133384082635
-0.32670744752286884
-0.15399489868495927
-0.02054193014497084
0.047630453012055
0.12668840508890625
0.09063618790718153
-0.015747459478405546
0.0678754539224024
0.03521374658278848
-0.00981362511037797
-0.11602406610389325
-0.20001900853137614
0.01934802809656541
-0.074004152297132
-0.17806326278738593
-0.1863949745341115
-0.12058520982974462
-0.07214532094052109
-0.12158176881931497
-0.13965934896638907
0.004468234924992456
-0.15388887717397845
-0.087696159149094
-0.067447742981021
-0.1301826298661876
-0.06054672824565552
-0.025017205822656492
-0.09767928554660034
-0.14384929694617163
-0.18197529968055945
0.2231392916522757
-0.05661336569025816
0.2356510936825689
0.08531473893552644
0.1354373279875979
0.05598760727607278
0.10003773748115907
0.07797469427888695
0.06426427428405002
0.009784048640026183
-0.022835025665687417
-0.11489220186458407
-0.07364817037208793
-0.058059653676727045
-0.03565594676743337
-0.04819943778719675
-0.11322156942123943
-0.1221062096902422
-0.24434379905942105
0.10077866787319774
0.13737768538861378
0.06402375884466399
0.05432211692979218
-0.02890816351174947
-0.09571728989115592
-0.2804444711925668
-0.39122192384007487
-0.07728880009735575
-0.042414519375033606
-0.14655726210083458
-0.014862868583525774
0.07797929431852234
0.053768906809220834
0.023702715175962882
-0.019388792654304265
0.09572746576116078
-0.10064691457825511
0.015587081694080952
0.0033078983904918746
-0.02533441825847363
-0.0795389777191026
-0.10725753527731408
-0.06654945731708228
-0.012613289131402207
0.06767794652641818
-0.05677071889338872
-0.23653275332727328
-0.2838478629129229
-0.2030466519898429
-0.12985383174652948
0.00434806820063816
-0.03825890105808995
-0.020180567413284216
-0.12203151486514141
-0.2153564653302934
-0.058555201234670215
-0.05659520512223731
-0.02794155665025889
-0.05956363137324002
0.07654698791519675
0.021238330497059393
0.06018367560728071
-0.010633790200543756
0.0688818453123181
-0.023167518959532885
-0.1366661054869985
0.05647478509625796
-0.15195087949483715
-0.05915095381258194
0.1379842125645305
0.0673289195598769
-0.0045729090405481196
0.1591564657365936
0.010316846425899709
-0.04589650258812596
-0.09292438636401645
-0.14520394248501653
-0.23656490005537428
0.016755837465837146
-0.11453781693672788
0.05757685284995024
0.12685336468048763
-0.04601654975937813
0.13508740491630938
-0.11167827832158975
-0.1718946270198389
0.023592149304543175
0.11452408840181674
0.2130723281004356
0.12332750520382305
0.004981976643912597
0.09494971666454545
-0.03731231044710875
0.0071111462866325584
-0.11046912926008537
-0.08323417419497106
-0.022459148289450677
-0.04334197143428689
-0.005979748782794321
0.20062905421193272
0.18858002141240338
0.013502825830294092
-0.01522659480043895
0.07449375806903862
-0.02992927812356539
0.006840035844110436
0.13858178070231103
-0.12614276298806626
0.15101784726148348
-0.010813370946642243
0.0953201399103869
0.013481974839098859
-0.017338779901680056
-0.060121119787988245
-0.01654037567107062
0.11340371690256898
0.12262758277578845
0.12896211797582788
0.015371006263061633
0.14832046507500488
0.01297539762259813
0.13079499935704514
0.0299839911690772
-0.06480171360695781
-0.24827295157648466
0.2640751396919745
-0.12171644704586178
-0.062325415546006874
-0.30688217813299445
0.11332198097349425
-0.34115563118033043
-0.15582412885409597
-0.00843939610434859
-0.07402510765649613
-0.024722952072879906
-0.08709923332810382
-0.0898537903113227
0.07155942099188581
0.043562882944387565
0.05824263221965208
0.05570595898105065
0.021664615556389617
0.0009090368122217918
0.16044802574990083
-0.028250357566538598
0.006229903517077287
-0.07947950622151642
-0.14519418699012854
0.21902656090296055
-0.06343454425274514
-0.06220391860711319
0.1113407927999162
0.06176078073106153
-0.09723119556185376
-0.2439215000297236
-0.05015501538372808
-0.04014905865438364
-0.01989507087991947
0.06513327407201393
-0.0634550831486322
-0.10884444231622309
-0.23027446805708005
0.06989581491195486
-0.058537051066188416
-0.07639386013769454
0.07313220218785618
0.17864860806771352
0.0092369511874621
0.16622431581093172
-0.16746341652667768
-0.08298059991217682
-0.3389416423945205
0.16707426465528927
-0.03151466889500342
-0.02603702433850943
-0.10263317829774454
0.09092839252765936
0.015337630872617507
-0.24151272128350731
-0.01197042617434185
-0.012104523523779654
0.09832553995615134
-0.10312570761653655
-0.07639540117506104
0.08780142875729177
0.21361740559642997
0.2809893573797527
0.5270103147337843
0.5202620293400669
0.13593567337128434
0.19497954533850517
0.05086493366725746
0.17363280453935276
0.020966336384789792
-0.000849093659827191
0.3100732510795417
0.3767094718474567
-0.046551167984241464
0.036758553450628215
0.11818163042927438
-0.016080830676351916
0.017831433533890266
-0.04973425257671531
0.09724738529318863
-0.1747583789205111
0.05853468566909859
-0.03355668438421463
0.11366814129435186
-0.21389338091272594
0.1440186701216744
0.25577294903650755
0.801842451285713
0.48899577421436125
0.9410064406211296
0.5986725041670671
0.6162608741022658
0.42914726032189776
0.4401763506474917
0.6806149097878261
0.7562035922488076
0.3544707115059923
-0.005454360522620777
-0.0891911002744193
-0.003302553445111543
0.09000031648376305
-0.16639854416333386
0.1041482749987033
0.09755109182687102
-0.06563464341432361
0.04504082182969473
0.09851709447168912
0.15732592732325532
-0.1327391274453953
-0.04837611099457191
0.10931222870029508
-0.07978995054253635
0.1371639676383706
-0.09964868561305405
-0.3168536614225604
0.12166096325194219
-0.1795510285278303
0.3478212959715737
0.2542542196896009
0.18771671516027552
0.5317705988663202
-0.09223952386682165
0.5521161314527862
0.6618321812465014
0.17510193177535302
-0.24378947530096157
-0.1952371015994369
0.13141345344279048
-0.014680273485293157
-0.33523845621207726
-0.11943992887887647
0.12715455262209419
-0.10335900109455826
-0.08618331223486624
0.1277346042530015
0.07514266548912726
0.1766373898709194
0.07041669517304927
-0.14620863064073356
0.024373360223210863
-0.25776047863814544
-0.35505913469619327
-0.5585927436861154
-0.6403621339512897
-0.26718958210749527
-0.5257230941065911
-0.41026852523165785
-0.25354861309897825
0.2659399857420249
-0.30443005530749384
-0.24967491556339577
-0.19755177341618793
0.1917940894257187
0.343096952288773
-0.025012354096544915
-0.031620652020474774
-0.07459863711804508
-0.4836547092066289
-0.2909815752557728
-0.2970356809839
-0.1269851739409613
-0.10575936861967764
-0.05781246396452091
-0.11005108932423276
-0.0586724059513471
-0.16403801623081848
0.23016282104863728
-0.17902309154718174
-0.5110551334108543
-0.47166875986035417
-0.7567732960315781
-1.0413120004802887
-0.8499751076169956
-0.39971722782405017
-0.3259218204928118
-0.6407104834996584
-0.8110038421954634
-1.100067533808686
-0.8076550692597192
0.16196829258470188
0.38760243274920825
0.20434517190990234
-0.1519377510302612
-0.3421417747353166
-0.15866403045979272
0.020406339557035684
-0.18182879101102384
-0.1502161967264071
-0.12645957507929415
-0.12090874131715673
0.12685688202150017
-0.0260394069352099
-0.24209430814076238
0.08993614352904447
0.4759609756836392
-0.08809652758196448
-0.34778872076910217
-0.7119328810110435
-0.8541827089456085
-0.6850190217969472
-0.7466703797029961
-0.5751946558373833
-0.25206789644182626
-0.1847718856893698
-0.48619285002364615
-1.0648037564109054
-1.0194457517388305
-0.13279567081493357
-0.1484589530320557
-0.08696934126191717
-0.5173301513087012
-0.450692914492192
-0.06838680843176072
-0.06987654996347271
-0.5417147956504149
-0.27125489821195375
-0.2752577681416191
-0.18002345848930057
-0.09458450394827327
0.01769416045382052
0.008575641211299327
-0.31019552985878374
0.06716337765955996
0.03352281737790231
-0.05870293232346627
-0.619513663959223
-0.5022181648187276
-0.9187087475604289
-1.3695890861385926
-0.9136788220332976
-1.190570246471799
-0.7827745176329499
-0.5286779375006264
-0.14848459987208598
-0.3502218344085842
-0.43651957005673886
-0.26781322980229433
0.34230518334512666
-0.5232630606840921
-0.4097298869424157
0.10206311610590868
0.040409886767489744
-0.1664353495633108
-0.22362879547267062
-0.1826984340537215
-0.3891040647021861
-0.4804033231438639
-0.12783116746555268
-0.07198220260811204
-0.007295963136980029
0.4460678518263994
0.5952392880267168
0.5712127024389332
-0.17775028116745997
-0.6375180090731236
-0.6631995636842741
-0.7749906590020744
-0.8078437992941685
-0.583259737486522
-0.26191000781475
-0.8321537762045046
-0.8118948003042661
-0.4141096436291028
-0.8840375917713459
-0.8351459491470771
-0.5586331820564249
-0.5986206893017931
0.0332840520921119
-0.3046249661287826
-0.3163978986402313
-0.3018822894581009
0.010621525277716634
-0.10316177994604483
-0.006204555513332056
-0.3191213231542736
0.24238860938248577
-0.17385709553115927
0.11664399578543147
0.5237129601812521
0.7210307325588702
0.7494183220428794
0.822428498913527
0.6783287137262116
0.5381952736223604
-0.2874041147753602
-0.2739010078600913
-0.07634438840508435
-0.5466183980947454
-0.19274920086228295
0.19563093219986463
-0.7129862582765162
-0.21987147248529665
-0.49643955866314116
-0.21573473359677175
-0.32602439941328343
-0.2071006194488128
-0.060363197872943274
-0.17578618428591944
-0.00017069728499436625
0.16241836865763126
-0.13603689751189757
-0.11883947121945229
-0.29497264675655144
-0.027998132486725752
-0.013466749135765536
0.18300901258495753
0.5175864671851177
0.7698963266063787
1.144346045544216
1.691593080020645
2.075876215543647
1.891499828932179
0.6845810355320637
0.24003316048866175
-0.41711507578716583
-0.1398478512564745
-0.264208932930051
-0.2958867982652044
-0.2857460296895938
-0.040072878436402705
-0.17034437367948083
0.049567196997613375
0.07503015503856507
-0.4139364647093317
-0.07227375246103032
-0.12775098996589077
0.25491480529497196
0.24029020886067634
-0.016392633365209165
-0.22357934709722738
-0.22091821474656076
-0.11362098626374287
0.03213574597491027
-0.10040643890978151
0.3350839417793728
1.0525027903548945
0.944048469950762
0.9954283264249696
1.282281819794717
1.220498696058154
1.9707995254176103
1.9565312277340843
1.0342258759945155
0.32040995611128054
0.11978312595295246
0.024780915354424515
0.12599011051248202
0.2167401359964609
-0.19164418009762368
-0.19079192670965392
-0.030480676859651102
-0.12265177425796972
0.3146529437777432
0.17141257294324655
0.1054975027363623
0.43745914829399823
0.08121004661443215
-0.10716508216348634
0.03989756702405481
0.011415444180873688
-0.005581847107358234
0.0833543359891942
0.3191504778419202
0.42836296462903395
0.25184255779266285
0.13960450631185797
0.07967238586492603
0.2748803216201621
0.4404413452559865
1.0226313634874484
1.3485145269021321
1.5099654567282605
0.9437548202246783
0.39585978043502956
0.8269269508830415
0.9583598734780918
0.6392895434946952
0.445704232551921
0.2583093138239733
0.07640166462852344
0.5609041835009517
0.05346323909390403
0.18773893291810242
0.1941143881810401
-0.08492956474083255
-0.12143924236175666
0.07189147399686058
0.031872312098908374
-0.08194126315877234
-0.05954386866730489
-0.009249478743205697
0.4226168825149362
0.1237659991165353
-0.46582390157072867
0.07655545869641736
0.19747740336925287
-0.00041552381998785073
0.15965910182042398
-0.12486026224224217
0.538374200517185
0.48846180850474835
0.8960700918330446
0.24778436989649769
0.26832964780708907
0.48630186612084875
0.4388296894415884
0.4626124547800368
-0.09242741777094839
0.2516782217491382
0.016032299127545304
0.08256788741115939
-0.013836562639723144
-0.10748812839635861
0.17820843988180632
-0.157705157432157
-0.08398407069971536
-0.14657210235412144
-0.05936134719555116
0.07915192581009875
-0.25404983060657876
-0.29269658156016853
-0.5550744855206174
-0.12343597356278005
0.004047867024239281
-0.19447461331507346
-0.22661202030895145
0.16312399307060782
0.23598686545271136
0.46533552531375644
0.7807691807299354
-0.16015704502575304
0.31994554738158376
0.18655457152186283
0.38004674960094786
0.40743738043552413
-0.01753468541697829
-0.27127950430887754
0.1310270338014946
0.10060377336974635
0.22817494674199712
0.14178425415327603
-0.10220498237198583
-0.14007931422401662
0.07542745885724479
-0.13966980145674773
-0.003910349901711484
-0.563349918288987
-0.36786041778751266
-0.06029249113254141
-0.6898283207353659
-0.42328761692643496
-0.356977183298695
-0.10894857305038229
0.0183333732748945
0.24923013505080543
-0.4097478667022026
0.2454053936158695
0.4211669022852874
-0.12609233264336475
0.3118371159396627
-0.19109110311235614
0.3795916176507285
0.9422571425408881
0.22265136305645544
0.027789209220436234
-0.08890812972944043
0.041762946487855106
0.04518482362358527
-0.13921894375305613
-0.11742175171599391
0.1851213122650955
0.29590567197861334
0.08904073038256224
-0.09436655663202222
-0.20212401970988153
-0.11543188874067853
-0.05742816770542033
-0.4866944245654496
-0.12179544093156343
-0.03392478646118647
-0.10785098412488256
-0.2003280378721607
-0.16154295166422292
-0.17851011557848123
-0.06735932532136023
-0.05284990111394369
0.5308680979041279
0.45485312750529266
-0.005555078838881528
0.5442749164898897
0.49002396488232225
0.4474395336229997
-0.05182701710914466
-0.22042140891193127
-0.38987812934784377
-0.14016176457598012
-0.10933081650769018
-0.04327027444468134
-0.23972493759515914
0.05052428384354879
-0.15288957405012701
-0.03880578920764602
0.12176188681217887
-0.1991412896395113
0.03544172417317755
0.026741417726752703
-0.2982971318842139
0.2734513006094217
0.2385571333628229
-0.014498917925044834
0.23674002550250692
0.13452449778982625
-0.16448569151023787
0.2195131042312794
0.5386919633093766
0.06778180392520379
0.09847369993633431
0.040132302529978695
0.11656708062569049
0.21593404305597605
-0.16551175927859535
0.1262768089572067
-0.24637846854719214
-0.2588106906015752
0.10963294569588508
-0.2569727103233654
-0.046321566900632494
-0.10824828962956247
0.035877273649292024
-0.22460894972815046
-0.23645257730866434
0.0212891916988507
0.14220892642195787
0.292396404074838
-0.3095395543020134
0.06636032230833783
-0.21123821626398326
-0.20823693172923824
-0.21170805246253843
0.14643167355188072
-0.2101966852062017
-0.16354535722475375
0.023038936484438725
0.2600640658587564
0.1010289520996682
0.1077982561573467
0.08022985133798834
0.007698816179645695
0.06567523460400101
0.17757712861720076
0.0038728863984143613
-0.07048811918581972
0.04741922180045907
0.025322142907364734
-0.0020478202881514863
0.1564615652285128
0.18238796212661174
0.04154922204877813
-0.2395603778279784
-0.13291936104498783
-0.07780583128798463
0.13069049459589696
-0.14015077892387395
-0.12012714211673915
-0.30517318681328653
-0.04055420932700059
-0.21730357981173626
-0.31080273856386964
-0.00969499226177524
-0.1837210607565697
-0.4437243463156845
0.0857281682921124
-0.02532152914949994
0.08893407056237436
0.14401037630615626
-0.12257474765972627
0.2732446695438281
0.27397417672635477
-0.012065174659842927
-0.04339784462649956
0.22898943949903824
-0.1368356671560474
0.05427098953406306
-0.041627244757027074
0.02463424038386599
-0.002699058314160853
-0.18226651355407103
-0.32509991935026367
-0.1077869720684456
-0.030213818543838446
-0.04783784209396234
0.19299094868485686
0.07328282440035606
-0.19442674943470714
-0.2907247187631991
0.1467651624678333
0.1604628075823524
-0.12152694030485982
-0.27937364563205064
-0.20157894552555208
0.01607471257290349
0.42189558727483245
0.23998365445621037
0.11954878880861271
0.149754491614878
0.1603247721298102
0.22215054977706897
0.4765824200675017
-0.027025836110538572
0.03626350706449073
0.036600531117015604
-0.06731726221663059
-0.15276762072782418
0.24083898702760578
-0.03857749277898827
-0.042551904126454106
0.017531258678171624
-0.14846500267509358
0.14365056375114052
0.3173236638464835
0.34963413331205084
0.12092582566668594
-0.09467979930672886
-0.10146098707868587
-0.07677423356781327
0.002363685013375037
0.3599910265481674
-0.05521102466621244
0.07288490835810464
0.37076775651898386
0.35655010697555606
-0.41579506613313083
0.28209203729174864
0.4510124144232108
0.5703160523332989
0.29451658410088555
0.2945559077291969
0.09878473734835608
-0.19087660007393534
-0.02367105109107309
-0.12816297839078022
0.006016988812966481
-0.24528210887976085
-0.31061889480304256
-0.2800424176493158
-0.18050748854214896
-0.22797350571551483
-0.12281971661837046
0.03350824155066473
0.14064478660147214
-0.19459887380819477
-0.07997911027545357
0.055202461087785266
0.26925991569712227
0.0102648595184418
-0.12737885778013966
-0.06192910626315105
0.24695063086496472
0.3115483597649241
-0.13556542870091215
0.16876400422626
0.41653197420366683
0.36060264331897773
0.3240907800027116
0.16466655363568578
0.09162633386788532
0.10156650405677442
0.09118641706438067
-0.05037545785144877
-0.14385968189879744
0.13466551599907903
-0.056539271314090714
-0.21617806461238412
-0.3064723349636289
-0.1009837746965729
-0.1398329598309759
0.2986739510338037
0.20578373302750372
0.21946669867061666
0.10897120487361678
-0.18719351521793226
0.1216285050928109
-0.05972231318907614
-0.09493008021737845
-0.2836734916811258
-0.027616346017122595
-0.014199525948113835
-0.009510816694481632
-0.09142718767568254
0.27477660520583846
0.054825173390136824
0.24680650275149124
0.2982739023986234
0.01106728037858211
-0.25121442182600345
-0.06987979538539106
-0.009631542228393448
-0.0006003435888559343
0.040486183886864646
-0.13552253547056584
-0.19653594163547686
-0.38324405085648805
-0.002763030284987841
0.027631881412960232
0.017588520645446255
-0.2812164403009315
0.26941247706473265
-0.09783673178022911
-0.20870100666721741
-0.6610274804163832
-0.5111936348695718
-0.5429571716845351
-0.2704534501769568
-0.24484481539590394
-0.04639715874027482
0.02162752168732034
0.10617508292844176
0.09645651762143338
0.18324089705672156
0.04108340663027158
0.29715238295425345
-0.12944595825071012
-0.12431765992719457
0.09403466716002509
-0.0963699626943704
0.032884986279761386
-0.1129854430848838
-0.21320783760969803
-0.22761624848885328
-0.10215276867853942
-0.12107601571131173
0.04441837522059747
-0.07801552688389245
-0.18488766786736557
-0.03373111112686956
-0.08082225057126245
-0.39256278937395983
-0.3829688136195358
-0.06155945590579212
-0.1799116112653397
-0.1980890655563419
-0.08724445488358853
-0.06673750144236505
0.1090289950892742
0.03601187641383663
0.0014775216421874053
0.10931866873876452
0.010737120801063694
0.2632397952219927
0.13671061170297347
-0.14075329876275758
0.29559937396916813
-0.14493312249287565
0.04552297632829096
-0.0733554659732657
-0.07375251530864282
0.19458199360083178
-0.06441207737827956
0.1812479297114481
0.04951376356092634
0.41963121812270127
0.0837515972346448
-0.017248355991149666
-0.08552626187431593
-0.1518786222875345
0.004217337669719563
0.1960442189864675
-0.04879207731444868
-0.08770681587985424
0.028983583549999137
0.038974643752504264
0.11821916871256165
-0.02134025444421886
0.052010386989491
0.16889577121929894
-0.1268428189988158
0.15938890153193364
0.019908949479762603
0.017700167842763587
0.07467838513342538
0.027393866189048637
0.05993424524902697
0.16088013214092003
0.11669390016038496
-0.040152071576025065
0.044291499139135417
0.02271130037869488
0.01730465733459424
0.026797927776818123
0.03778208390636435
-0.018140666279617287
0.039026610316631086
-0.06374270628256126
0.11946871974790181
0.020596285678979927
0.06744203624542576
0.009670462508244375
-0.22354657302628414
-0.0034863267841641924
-0.0489942526809871
0.14048735657486458
0.10907560009649069
-0.06745281087006641
-0.10814143647519868
0.1577274629613591
-0.017030290521845806
0.09606173570450598
-0.01017549927037342
-0.03218129526309057
0.1971469944322395
-0.18845664267249768
0.01130398804671282
0.1538056313681096
0.016955532738769964
0.3185175650185079
-0.03367643038687689
0.006124309419719132
-0.0430884647595265
-0.049479089512148994
0.09166100239776216
-0.06466536001291111
0.30517364136298114
-0.02638136978069013
-4.427587117477374E-05
-0.022230208875135497
6.560699152873628E-05
0.09586033152760955
-0.01849665286316427
0.16049689415943197
-0.03002277206695836
0.07192241624187717
0.1146938029887413
-0.19921837547931937
0.04942169631604473
0.044523949917349655
-0.10816299313632895
0.002618642383470751
-0.06863307769383648
-0.25143020818473
-0.2922104656236315
-0.16540464275641784
-0.05656365890486476
-0.10816601531118676
-0.07723983890040396
0.05900492127512374
0.2137955810265881
0.3517364683847179
-0.04234802537939959
-0.034913377457280945
-0.2897093130921568
-0.2606795740119785
-0.09955098636803615
-0.08502263033925096
0.14321018922481218
-0.034957141645695494
-0.16804810911935814
-0.09570812554349512
-0.007187282944893531
-0.12243365901716291
0.05967529379206565
-0.12599689284787088
-0.10681337855660371
-0.024351235139714475
0.04819540848753405
0.07811154905790359
-0.07615073027461601
-0.15351405417764197
-0.31303309339709395
-0.23842448637156513
-0.15343574188616513
-0.2699667687113683
-0.3096785238156718
0.1426629506964465
0.024805020678136395
-0.1830979634556574
-0.17139647034100916
-0.23510156031136975
0.0574669647449334
-0.14718853623483655
0.026464934027204224
0.3099886878727102
0.2579214185504863
0.008382259055335808
-0.011279482545412294
0.1956579318554554
-0.028438851500624366
0.10647015607444997
-0.09941648799011153
-0.10433274615956467
-0.05364142306619265
-0.2268371968019183
-0.017478451643375102
0.06642516890466985
0.061054309743898076
-0.02941921961575023
-0.3173073128055089
-0.22732625155275277
-0.29843363437635256
-0.1993967223479031
-0.1814916275876989
0.05807412748898376
-0.0946930488930628
-0.14965825021190168
0.19740278334269482
0.03699884537262032
0.3459125379648598
0.30162741660597436
0.16994461261775126
-0.021653123789069077
0.05752159269711846
0.12392458762615427
-0.03169390232520507
0.16241783403051724
0.03414944531473626
-0.027899590511939774
-0.1477822073682562
-0.041246168138404544
-0.08898649033437639
0.09488038787044617
0.039326779145278545
-0.03964467990621941
-0.09870516616578517
-0.1489163949833389
-0.24500929136389052
-0.23004508125415116
-0.3589209635461315
-0.2030211553759273
-0.1763331482673219
-0.10849993173790481
0.10525574955259988
0.11071073689198445
0.05480808969336936
0.10932063368707826
-0.04030616031649496
0.2105286528513332
-0.0472350261372532
-0.07823701767537102
-0.4249872358829369
-0.24010217906212106
-0.04308004679020192
0.007460340944957777
0.20708035749222214
-0.06964688630815231
-0.13936721163889035
-0.26465880232556915
0.09274902447829497
0.07221060070684696
0.05226582420868894
0.05398419707901692
-0.024475856018779354
-0.04892227312941195
-0.5249044059074672
-0.3109722774659517
0.19044051432435438
0.1582951385322683
-0.10926558704570118
-0.1262441910247027
-0.34278214443994093
-0.2328596110175515
0.6726356081776955
-0.16790947891248378
-0.06252652382957874
0.1505499236193016
0.2015786641452512
-0.1145817494104162
0.18766555524297265
-0.07667758522884623
-0.013781508487299244
-0.11174942990090335
0.06546404437807123
-0.03255529200455328
-0.16947500625659015
-0.2583489142698749
-0.16502906650554408
0.08886575752433752
-0.08123816995893582
0.04184008104359585
-0.2095007286537737
0.13715706073678585
-0.06035182046856982
0.267368563088575
0.9011161031229512
0.517807944171798
0.6851940804677839
0.4687704000454257
0.517322323451997
-0.17325345719853374
-0.3040220300267511
-0.34475788191953116
0.24892616077445526
-0.33300098100454784
0.06994048107106919
0.07778767584633879
0.022230826524951938
-0.119860895935977
0.06222692264130109
0.21594558849357934
0.4340554099272327
0.12797704446010957
-0.07378451731906242
-0.05322772648199051
-0.17041446194908996
0.10269687120382293
-0.014014460658151933
-0.051029041964410826
0.010837484937963158
-0.04876731707602834
-0.1389104116259766
0.1562258273560425
0.254796834050114
0.026399352043593668
-0.23982730147352768
0.6871847684837907
0.9338594880770127
0.17249278919195682
-0.7559692281918515
-0.5150302206225665
0.16096236706725597
-0.3720342292908323
-0.552040700849956
-0.28706957810171346
0.10566740448002304
0.2538517578576385
0.28372840359879864
0.2624456724376102
0.3386114415569224
0.3151138066169193
0.4291088710851554
0.25919904273269356
0.1152347352076543
0.3349256205929886
0.14432888925513707
-0.08327163539466774
0.01959795551504807
-0.03952087010439232
-0.23171043199136585
-0.4313475309094545
0.15809384143911934
0.11369235240123189
-0.01840165667170413
0.4000553711523486
0.7934989884498924
0.5394677109251975
-0.32013195830756713
0.29459919803148193
-0.191160671631405
-0.1757142469529671
-0.5193641166528793
-0.2161709292611876
0.23453251087362356
0.02236396186267434
-0.053036214287888885
-0.01162358463104325
0.013990455726799503
0.035537120402968844
0.16212657401514863
0.4318167425205833
0.2905909963388671
0.12792216492062738
-0.06543956771042696
0.03142117211124631
-0.09964580581478434
0.00598652984105519
0.14039558418161957
-0.22603467729916257
0.3149678972085332
0.24503715709527768
0.3237047084563084
0.5182590797146746
1.0807483563743512
0.40198896228178654
0.12682344925123998
-0.11226726192322285
-0.4800430759810967
-0.3805005895011672
0.16175322786943044
-0.2750728026381525
-0.09132861900970911
-0.2663895917846646
-0.6083630397897365
-0.30300816223348137
-0.27151666351065296
0.1921895855194274
0.2745964924526592
0.34730451291974723
0.3056577160154069
0.23108488086706747
-0.04738197413299963
0.007573994789296327
0.05245353049238801
-0.05210080286460993
0.29146336572283665
-0.042231866304862815
-0.25697435149382747
0.5907610309705852
0.43780748411059917
0.8752847603135036
1.3462346733693533
-0.009686988301606166
-0.6747450869675268
-0.5750538877653826
-0.7094919067974286
-0.26941715373534036
-0.18588569119992696
-0.29238799074995875
-0.06327864778093438
0.02444760723907399
-0.23118070161120438
-0.34445711432427556
-0.5545264374622487
0.030425103661813734
0.1487516909088251
0.06163949683686059
0.2257762180608629
0.11753641040863055
-0.09252607672266902
0.15952838320973092
0.0534548221623159
0.31825441879215743
0.20260212770911015
-0.2840760323797004
-0.15287423585866758
0.15645211211928065
0.0549896519703359
0.018286087597503612
1.045538754047457
0.9452682356355859
0.16869148229552813
-0.7502361154597792
-0.1483446886876523
-0.401582833070288
-0.09530821805318221
-0.2824679787100579
0.3297418551412082
-0.09915578747520147
-0.009335764153414148
-0.42541038003243803
-0.3075487145518791
-0.0034640827421056676
0.0761434349578151
0.3891493491169951
0.20882594685170117
0.05544427420609386
-0.023430800452592077
0.09849262205027315
0.18248083810087673
0.24671625494639662
0.3422299756195201
0.05817332028465348
0.1889151146777629
-0.03643505314697511
0.01643989577091296
0.2357930599971191
0.6089978305154531
0.19922350898533678
-0.5008468594516591
-0.8046080006098213
-0.2406057361993426
-0.24502474527076296
-0.08319724216622479
-0.283430103560053
-0.30846829263957976
-0.08825395547421469
-0.4713984656900169
-0.2029683566762086
0.11176284132350398
0.35130640990871054
0.18994213827663653
0.165511865962784
0.21253771952569564
0.10848217539843015
0.07648104328431701
-0.09787461735807217
0.07917929203210432
0.4053003729950598
0.2917514155752846
0.08256899013283085
0.04406917562511492
0.19865555912917307
0.21781446285282555
0.5575053537034578
0.7167125982118048
-0.23595530123780656
-0.8417729548921823
-0.516137542345304
-0.07666943967155282
-0.4793027125508624
-0.4346094545929304
-0.46987386540630743
-0.43275594719912674
-0.04418577693897906
-0.054431270154716334
0.23194176264600716
0.054632141419062565
0.04365671837724752
0.4485541928577188
0.1473297570741434
0.37311541258655145
0.26862606944944023
0.009053221694079542
-0.05391765726320425
0.2542815926274876
0.18601935310033543
0.3973612565183667
0.4299801700185848
-0.14644414511864362
0.39130252020871426
0.41435770405165606
0.7262283572588564
0.19639374169770862
-0.36353795935437316
-0.5896540504313731
-0.06147099909136204
0.043501516694418506
-0.3623943066132795
-0.010662889696087105
0.08737178537947281
-0.09370833729738252
0.05218199266870822
0.06030119120234316
-0.17843542415003927
0.10559957715301374
0.165932035811894
0.1343124881349362
0.23695407594478474
0.3385323804446039
0.14906935216097547
0.2072250642874122
-0.16593678158843359
0.30480261497345346
0.499959447012155
0.5486213255736778
0.306327474433096
0.47217611133490023
0.63208857777405
0.5380160793428851
0.19548206983159366
0.10553039553403078
-0.34293869876845984
-0.3709102094356558
-0.33369962792581126
-0.46673293219946194
-0.10714886570576221
0.07458085012791497
0.24010408426386878
-0.16303279101113763
-0.23976692321672358
0.044108858068666684
-0.15664933542211126
-0.008666988259582382
0.25586473706747503
0.33211256061044747
0.16264775372848037
0.11688798570094334
0.029425266342427318
0.055419033527956026
0.2229237745685443
0.23023411446454078
0.4014361174407666
0.4751524057285722
0.6896056650147776
0.712132017867764
0.4185564184305935
0.24513299310816178
0.37022455360584233
-0.26404189972712894
-0.4787969239916471
0.023595070120682717
0.07050983063277622
0.16246873411973617
-0.006419784626935605
-0.07089905556793245
-0.11083539198178964
-0.21275314405529352
-0.3448260766708787
-0.0035940394850483433
0.021177536131080463
0.25343585911404776
0.3330914370168096
0.13385052642941783
0.35640535723964445
0.13255991333563358
0.1253197378470589
0.3020263010355299
0.15116959745698805
0.21016886143851676
0.4055469803867529
0.3721817418039006
0.7005239786552401
0.7120762464938833
0.24785819560477995
0.05406787621636441
0.21042218137457652
-0.42171922055708955
-0.5381617310954084
-0.6875336509396602
-0.23547840212910687
-0.5288512874099958
-0.41258774812736215
0.21340295407609775
0.16751125241033338
-0.08614266140830101
0.33715716685621916
0.06470169639502808
-0.024546625626057406
0.38840155797299153
-0.05330858489561189
0.12251547884032674
0.3691038428573297
0.12823657903490374
0.1376314723626983
0.22835331406174716
0.0938928560826764
0.17719127389129186
0.2249060116613682
0.06515595959900704
0.49351247019050054
0.34970709227184077
-0.1754228775523796
0.22423917300862642
0.047544392150820694
0.060257606097372504
-0.05448310905168663
-0.4899755915029228
-0.23972637755087273
-0.1257990479463013
0.22178783550268655
0.40726612564400433
0.006672379174766043
0.15203197542252966
0.26075999450225873
0.04057795388719354
-0.014140952419412474
0.16802844366111722
-0.0776400321733698
0.2913031770443313
0.1796067304742675
0.34646018613285645
-0.2591315323655179
-0.07567081147041384
0.1179438940166042
-0.017809181952768822
0.14691029062636338
-0.16969918749904728
-0.06633740399674284
0.03608074608136337
-0.3397351093116794
-0.15736791257508997
0.0947931840367376
0.02860243112552325
-0.2888056026270547
-0.26753266495903955
0.04841503849501874
0.2608613346196179
-0.42437923046726134
-0.4401969517805783
0.05482400958443921
0.1426543477062944
0.09409607790393482
-0.1025810535116684
-0.18141785177476744
-0.06867462658337846
0.5309160212844358
0.0006232787563299186
0.23357472859426445
0.07670469777633569
0.0648907461105465
0.030044753322562956
0.09697238302844256
-0.0712021938582522
0.12645745354121785
-0.031268745518223444
-0.1789757766189838
-0.18253223959499074
0.0054163673871679046
0.0037518886914052045
0.014870781686767198
0.06196456677892947
-0.1598396131764364
-0.364068888453987
-0.05753016423832234
-0.020468479338533324
-0.484661329658776
-0.30366816474954267
-0.2149952065905218
-0.21714504961172384
0.12150433040562608
0.1784521018414135
-0.03422171142857353
0.23109536173206807
0.06462859796580925
0.13982517248634602
0.04931006219671463
0.24033225390750393
0.053888362412245185
0.12809066110056158
0.12400170200473225
-0.09986490328313032
-0.06926127139013788
0.02909036863734998
0.06403443512192222
-0.13070134913476747
-0.2803880201584356
0.15040886848218976
0.25832195380672596
0.1321905330487418
-0.08651455474894966
-0.34635382261122966
-0.07275180282510166
-0.27602917050759307
-0.39400316505049726
-0.14166367796343232
0.14613507629915154
0.10120501324969938
0.09817574607687345
0.15287998837415923
0.0005294807242568614
0.04676447963798726
0.21512376019114637
-0.12609678930603213
-0.04518411279449954
-0.03846692414693436
0.041678096851648506
-0.05858086653757924
-0.042782923491585446
0.07893918494602703
0.12012941738795054
0.07583191153848781
0.0676304426584026
0.35040775935340274
-0.10636267121896993
0.0004844903779268819
-0.09374645128061672
-0.09670945418492875
0.1687665756857801
0.0903567567359062
-0.28580021680173906
-0.11998316047929286
-0.10019065847296534
-0.010814853731295378
-0.011699274343684113
0.07502636346061693
0.2081082551111593
0.1466026093953152
-0.1463150624674789
0.07435149334604738
0.003766230321612787
0.08265067775422633
0.04759425295579496
0.04131476852177584
0.05761474173451291
-0.03764249661381467
-0.0044482362536778074
0.10636753668118197
0.0403650625076641
-0.15079793655015067
0.03846994337457431
0.08060724207186844
0.16310977741073868
0.07368444456420013
0.09337841786726024
0.1451899088078223
0.21543947262523236
-0.005827582425391183
-0.3278497011980004
-0.36470976135208494
-0.16079419761927546
-0.46280816430692023
0.03167717251587347
-0.040288659804927116
-0.26431522012128494
-0.15215364046526095
-0.05585689743050731
-0.021336153184410518
0.13672423256054322
0.04531801344844104
0.11501227245311037
0.027394710117369606
0.2011056190889141
0.11628369584389954
0.11243839683138648
-0.19432018644809257
-0.0017788425065632695
0.19944479325286663
0.14336153349599923
-0.04435853034432112
0.02046795884946016
-0.20122551029200084
0.27877937625520444
0.09486616989877165
0.06691422324396723
0.04523998378719438
-0.17712166382451147
-0.2971595283859457
-0.051705610132999694
-0.033238642385212035
-0.22659710909785222
-0.4310368016140795
-0.39282469427047206
-0.3141770675917813
-0.13455685684488033
-0.10341617903502072
0.018484840208734366
0.07768947661486866
0.0665966129179198
0.20700795021201399
-0.0021915254732558695
0.08738012311260758
0.039881063181158395
0.09202905031347643
0.0884908840821254
0.07128874631711554
0.11638741356269199
-0.11177811788218298
-0.15122683120826466
-0.14816095236278098
-0.22612841500962996
-0.05378062631307596
0.009784271707072738
0.2272299765150688
0.10703535250590597
0.23123410923134227
0.22611382754907644
0.19052247961556945
-0.34297893532256085
-0.2181562065654885
-0.2785867587866707
-0.44876715138185946
-0.10431688840666388
-0.2210459401120392
-0.1987669519950622
0.13928526669430774
0.07444402108497591
0.21851453447695474
-0.0016436191781713304
-0.06050365696122984
-0.06910083949029479
0.0334099378640633
0.03329082113310313
-0.02550776998622799
0.21031652900071618
0.05121751855658078
-0.17352828706990123
-0.3146333789654601
-0.04683381444217446
0.14277034003637193
-0.1195376014142107
-0.1753617302884581
-0.24165453048594474
-0.18404589467147708
-0.2091535945452676
-0.1482378967984283
-0.10627986721901171
-0.08585381354166718
-0.2370397495074791
-0.10697982959375989
0.13974385347558155
0.007198161854031257
0.030043546666434273
0.2436575837793946
-0.14560218872831895
0.12070329955580875
0.02699213568535229
0.10360717868499042
-0.21268881059216554
-0.14380409943342082
0.09350695651132937
-0.05502884985001079
0.015293276774022285
-0.04418666868216752
-0.0888125630553116
-0.09710733475429835
0.14991294551050777
0.09396077008031878
-0.06903151490241187
0.020607041511890162
-0.008803001546533164
0.04151529860407591
0.014147326649884637
-0.10110303513853855
0.04524658876578165
-0.34296375035067106
-0.04478344508157857
-0.08174341682888546
-0.05105419910356427
-0.08646539555450511
0.24157824539355446
-0.14535498420474932
0.26517485426510184
0.1343523979833294
-0.08384825468037248
0.0355405123259296
0.06338143208818156
0.04138849955407256
0.2596691729446822
-0.1265618957063229
0.07387853776577427
0.16378257033190666
0.295771800832273
-0.032187930831419846
0.11955943548045901
0.123576971901727
-0.007132996129334826
-0.03749534481203469
-0.08120862460578093
0.35127086813211994
0.2642462970325489
-0.030368757438489536
-0.1528821023843226
0.17475616343220035
-0.190185403776837
-0.0590237580293732
-0.1166383948065026
-0.15939480251457128
0.14363128872523598
0.14526981070079212
0.06278866278262848
0.08041781271668196
-0.08425900010001498
0.044734155004351066
0.2448228447176285
-0.0045150790537642985
-0.08708864776231506
-0.08666266475402767
0.03833758416916825
-0.029438706919051403
0.021178434678088873
0.47916263816137333
0.48168402733406507
0.2580218907157119
0.013856405940446098
0.07921741533094186
0.37962445835111674
0.43879359835796294
0.340685422540368
0.1715490656674885
0.207953961398348
0.026814576702452148
0.0898741991937597
-0.02189692234128125
0.22969980041606633
-0.033222974620608386
-0.15792876694194805
-0.03676560362987418
-0.061896485069494626
-0.29498882584525377
0.05084539293233178
0.03690619708816582
0.13834841318761812
0.04838520047022742
0.1481290933513759
-0.043985207503672366
0.22970473214874046
0.24653892034967909
0.5851174052738674
0.5449172652930395
0.30633722179709416
0.41674725244052646
0.74607208227658
0.9985618599925619
0.7581096626894149
0.4500322902368606
0.35390548134460603
0.1802363826710251
0.4887085307652129
-0.18129659445527851
-0.18910793469328618
-0.07026504618121926
0.33832182529827387
-0.30289503370207954
-0.13332993166289628
-0.033150440398491354
0.13763638531924227
-0.10034125132886476
0.15462883782931744
-0.045010151948107736
0.36139312699909987
0.00011785238179574
0.025934436357700524
-0.08233683406911584
-0.05748585932802684
0.05391159045880499
0.08226206313744887
0.29984720583355573
0.05064594595711961
0.657225154980703
0.182321768952473
0.6554413445419425
0.8881242248994226
0.02030743789829449
0.3945031838082356
0.4150299593944023
0.13346072755843572
-0.2783467023767791
0.0996607177298458
0.16514949166883397
0.2555995537341015
0.1645396508901715
-0.17533302624426667
-0.3353905230339182
-0.19313600674486198
-0.02134804579939353
-0.16930674952395883
0.10061584994790852
0.1342386916683995
0.14695197057047393
0.02305955776247663
-0.0007957720184756562
0.25820219162276375
0.41760078682217705
0.23799545812459624
-0.005325225335978176
-0.28748374593698733
-0.27023490093078456
0.21827081305422547
0.28389848557015784
-0.259926248385139
-0.043248055511151774
0.16467521893911324
-0.32146906133158615
-0.19584687573267576
-0.3480107232550458
0.250210587191038
0.6876463855438617
0.4337534852832638
0.02816869432496845
-0.08292121609382413
0.08434430409634029
0.153738829377031
0.011869907251409576
0.022292448646859194
0.2715417938617932
-0.028268093610126662
0.08262239848498211
0.19134103664640534
0.24245274409259063
0.5284979361324132
0.731289999300806
0.17400236596508095
0.33217725363574113
-0.36133655062454995
0.008774818978497807
-0.10529738553558833
-0.31152158039444955
0.07116638778930191
0.058870345552500654
0.21329551810372688
0.17438059401078562
0.11074408969721673
-0.14877164776525426
0.316149457598969
0.13963569632014053
0.26047118955894316
0.22099826510875906
0.10619914506448412
-0.22121645086409455
0.06670759382922158
0.03116994994292878
0.06928245811595711
0.04052993006372062
-0.12608981009858564
0.027305154982606883
0.052517932353574465
0.1967509389707131
0.38578389666939344
0.6732954119563676
0.4818090231695912
-0.23536884031488015
0.3711425678940417
0.6443766144577519
0.029517721391716923
-0.19284167741410352
0.18638025571778988
-0.028817145362395623
0.1379120120115763
0.09691353657632547
-0.24942398368376487
0.22518835831283096
-0.09242371045712915
0.15678714087776618
0.1728406999502913
0.15723506312442792
-0.20351054432460283
-0.08396436037623113
-0.1132189812990373
0.07205168166546642
-0.14343586818559986
0.09754855733988946
0.05150114552476222
-0.01699460818936153
0.21093106251270508
-0.1842498176905481
0.005864545590677128
0.05932639617382665
0.4331765779497713
0.12385556671576163
0.19317683394604993
0.10700819769147424
0.27882060852307067
0.09104288986907796
0.5080465685997956
0.5667663315702915
0.06246859833331275
0.12637481262397088
0.4058786134497249
0.316641231998871
-0.10524750292225342
0.16623370782270439
-0.004032398242153172
-0.03805223016053714
-0.09146298708844933
0.23136125796095056
0.01362136093404388
0.08628789383183089
0.25543733201156593
-0.08218588193104603
-0.18269428754078199
-0.016158566120059586
0.15481644933353433
0.4284659145117087
0.3931043550959708
-0.03402256080948128
0.7164334334050741
0.8286363130159764
0.5212688036677201
0.9076708290031484
0.8177421955080098
0.6575966671893585
0.8967749184206756
1.2031248249976445
1.1140510888726098
0.6373021067154154
0.3116796621570138
0.41468634760826195
0.4197591735441727
0.09687701160576558
-0.0582748171399974
-0.033619576259751385
0.02308859353266171
0.1800906747161473
0.190779044288478
0.09392765191759465
0.2751869175429679
-0.08823713554187074
-0.02336859047507785
-0.007543148840048481
-0.18149929814088137
0.28575153897690786
0.40202364954424114
0.5266424121559969
0.46587859337600157
0.4959516341424953
0.26162350196983497
0.02918226562982123
-0.5399652105554813
-0.3009051164785672
-0.025759827316734603
0.2541444059635428
0.8469734221897005
0.8686206933680876
0.9893905959442093
0.4813345826557552
0.05511767897584246
0.22136013783007147
0.09423844765360344
-0.04309965947336492
0.2412676476746877
-0.07350521529875399
-0.05989079888342441
-0.0561178918729492
-0.02995559965880746
0.0034861855082425858
-0.014899396728450125
0.06042135490662841
0.28825304562209547
0.24982354129746245
-0.1661910466421789
0.5912911539459415
-0.25520701559777825
-0.6126624007522601
-0.5576956908416424
-0.8591470807118469
-0.48506871992299866
-0.5854312976017675
-0.7645576750904713
-0.8812712047246508
-0.139029712917633
0.5645857643002095
0.5430835169412809
1.0141323179498698
0.8829860227005445
0.5209733045329639
-0.25518781168553734
0.1067433249416364
0.10483362137465316
-0.40673070409238726
-0.17573543166247796
-0.16806778804754843
0.07374030736321645
0.012935333219593895
-0.1332747667453399
0.07380342577528734
0.24830477007523183
-0.09811300435408836
0.3278809754902543
-0.07164850927816631
-0.44431638938127205
-0.4067252521082778
0.010815776104867983
-0.11735960097442352
0.19128921190240208
-0.3052898282248065
-0.3379940990088445
-0.43496245186840454
-0.8665787917075365
0.12369080583229466
-0.05919941216661617
0.13887683191882785
0.7066203374802066
0.32461318112551174
-0.060771812361482845
0.006546153119174537
-0.1964696228187444
-0.3942656212496312
-0.13530415116497171
-0.054211233156837894
-0.08324788284835703
0.0727548284856035
0.19045379851137634
-0.1574725233134924
-0.023303105874132174
0.022389164097238318
0.17064157220756102
-0.20106458900707733
-0.39665497844250436
-0.38959555607215035
0.24571234279487789
0.3196681796460058
0.42525979356515475
0.44292643143982174
-0.5230302163918101
-0.3259731973034494
-0.18524511274499647
-0.639515141642586
-0.432365849912623
-0.2980690546505314
-0.17216185561968161
0.1773267410058226
0.04759653134966112
-0.12625009864891043
-0.3170114813346884
-0.3046925742460259
-0.09713629651375799
-0.06774065617831444
0.1586072069523772
-0.02681902778411903
-0.17286432310047284
0.13793499216696997
-0.1666432816810078
0.057024369446524455
-0.295836563567361
0.02940546855423826
-0.5371861700819528
-0.6453006172916202
-1.0273545518728868
-0.35796582953019707
-0.42710958607763266
0.10134418846950959
-0.2834338476633488
0.014389153662165312
-0.24060693824402088
-0.946800402289819
-0.13414581262044212
-0.3084372619276199
-0.5603562481234624
-0.5630528646727184
-0.16082032846826405
-0.1017354840322792
0.008774381574815556
-0.08064813302501901
-0.0749256621246153
-0.04844321065465794
0.32832263577154785
-0.033100574505344815
-0.3129751231932983
0.010099412903914258
0.043142835875076654
0.03972676769221899
0.03672352019260322
0.5119590710340193
0.304260586506112
0.29574096257310095
-0.6307049709248854
-0.1753840065024145
-0.5655387995625601
-0.26230561744430003
-0.24279499329222326
-0.3865652292719708
-0.46290524815407486
-0.22748414713425524
-0.18860444838740043
-0.6141298476366382
-0.5130844451422264
-0.3325380371343543
-0.1004844456205907
0.33223319795687956
-0.07267573751827583
-0.07048862549322232
0.20038604116660694
0.13966344737015307
0.19709914375121218
0.13362810697362779
0.02334493556042989
-0.07401626117449973
0.10021685520775811
0.3394205143515892
0.09715207089362804
0.36211720764406236
0.02348403202542296
0.5611205983937942
-0.06512000619452611
0.27316871093801137
-0.7240436243386414
-0.16360020507751596
0.2672250745573251
-0.16310420802517958
-0.2800141356985579
-0.4153069287098222
-0.16265165744974835
-0.3480644439815927
0.17791469792866924
-0.06857488591377198
-0.07462598541937282
0.5892316391435015
0.3246331246870134
0.22098211282596622
0.34588027881662836
0.5713444119265757
0.026125861606976976
0.20940243130051217
-0.09569600582430483
-0.051950273040585845
0.1623529099080695
-0.11889288933048538
-0.043023267545103855
-0.03359055068618491
-0.31126736151649814
-0.2578400073095789
-0.00953292077644921
0.01308520226582345
0.1624216561155835
-0.028461180967368004
-0.17972500502579603
-0.13501624007375443
-0.4297241970256908
-0.5231394450944172
-0.4501139843086252
-0.5720164133975113
0.08789502598976577
0.14267135874702314
0.042857483801192066
0.2907623987698186
0.06280981626650364
0.27059856797653115
0.1985637335126225
0.4681945459634261
0.18391886212651687
-0.03841505537948692
0.06226845381988428
-0.14587514434418147
0.11301461128782359
-0.13622751093564378
-0.014096743816759679
0.033459748759460645
-0.2274307865463485
-0.5692954424871565
-0.38448259516908845
-0.29815339462351903
-0.3442548790647194
-0.31106364810735865
-0.3129447562195583
-0.3128527025908973
-0.43974012985608524
-0.4613855500758905
-0.6246207121277345
-0.2873856206065835
0.33220302099099036
0.1650948835497623
0.015794305361151412
0.24994310756755694
0.08674135855809122
0.0005931983618617147
0.3576851419869009
0.193712120583412
0.01669757705052503
-0.2084303953656533
0.015265380810702243
0.15434104801539217
0.12580225088099634
-0.20028962150998483
-0.2246603450390889
-0.1467320595253428
-0.11534705214680611
-0.3413709247365193
0.14622950387868877
0.2388855387776494
-0.27279532503991083
-0.3799607439253623
-0.20213300582707294
-0.24186873891010116
-0.9306507098371121
-0.5988083294255392
-0.2307668408381134
-0.1366342456331605
0.07744157184688594
0.03923068706224231
0.1471718637262992
-0.09696666689709008
0.3641554470063401
0.5603496389509135
0.15005816989399876
-0.016581234246160273
-0.18905084600015135
0.13564460742491005
-0.0005794132807764372
0.011803613318080363
0.2350383581143353
-0.20477507629114108
-0.26609357746469464
-0.23900174448839545
-0.33253987511892796
-0.6146089424837281
-0.40577613731640405
-0.0038932130826081902
-0.37240015046497377
-0.7459644328488593
-0.8196861493689804
-0.8228732869393525
-0.18131341614210014
0.07617859611431349
-0.04060436669072542
-0.5926953477069917
-0.3432235172546061
-0.07518525956603649
-0.40967960235571166
-0.17173676685546294
0.10268018782220922
-0.024736386578426722
0.04742570090799621
-0.18210137140755966
-0.1558829989629153
0.017925922294518195
-0.028404880242334677
0.19050939142454362
0.08147036676104588
0.06942778489347877
-0.05229892488829003
0.0340469282549652
-0.5184778547420925
-0.41845328288150974
-0.3807670091776067
-0.4273836521085657
-0.32960170633479935
-0.3498101609294284
-0.4785346660024446
-0.24229676828047755
-0.151674536953741
0.17738011243845817
-0.21000654444890993
-0.5881052114095264
-0.47502946007858793
-0.27672413445276783
-0.3419833273668873
-0.18942491106490944
-0.06310648550334667
0.037589696185825076
0.02063100193111194
0.1366051281261515
-0.010737326076733077
0.0049363376196340895
0.19392253808735987
0.04889864982126644
0.01374592221822382
-0.01704211630403323
-0.19210130413567647
-0.061322600632769265
0.18492815863266227
0.16045831773628103
0.06027310749802244
-0.01521622810951652
-0.035217093359973556
0.18495485752179672
0.30228893199043644
0.14559836972009127
0.3614931664489802
0.23115874500611627
-0.29416315106809315
-0.42496570430687525
-0.352869496779749
-0.2086383431836585
-0.1691959215709571
-0.2912412533551834
-0.3243859673715378
-0.29420267689558904
-0.09638203228178155
0.09487125679512455
-0.01368255811576747
0.2579128699094347
0.05649410262390237
0.18048704178859667
0.05728786338791315
-0.05513025750178027
-0.12527003614496282
0.16545898835098355
0.2599242290993308
0.5103842856813436
0.3910569297322973
0.49004909821778375
0.458004822543046
0.8760985096276643
0.47006562399897667
0.8716512522813541
0.5061507574138846
0.36913576792715697
0.4110675604881795
0.6945290429028049
0.35889041505929303
-0.002510529734359041
-0.1288564556574952
-0.21382128073126952
-0.4414220520851922
-0.07572214943023658
0.03699069100726732
-0.1847962702227692
-0.3030453189396102
-0.1288104677580356
-0.02609040361858164
-0.09345133465704056
0.10514953145372938
0.21884421575936824
0.22727973497859383
0.09039001949609943
0.13712014300431677
0.45302561422937215
0.3654235492981441
-0.00874045258035017
0.18022913621219633
0.4023491419543622
0.25574829911039076
0.2697503540829396
0.5516227140707248
0.48787796341323414
0.6392447517312129
0.6480210733335093
0.4911840759311818
-0.10985223526959327
-0.25519375709876824
-0.12684150626773724
-0.09043060567431614
-0.07481908593390586
-0.26374401913042456
-0.3908124054764597
-0.083797485030255
-0.15583456020134673
0.09669258143858542
0.15846716769185148
-0.025926544998736038
0.13518357635336534
0.28129377451718074
0.06280691752943607
0.1531712200891363
0.23300289290524043
0.45957292295371954
0.38613726849944496
0.21954209561780685
0.060394868846644995
0.002430863600183925
-0.14011668232566993
0.19909938957211695
0.3428274645123258
0.3111142252231155
0.22211097912625055
0.11438407984283222
-0.19948436661671787
-0.12476547895883008
-0.3354242871502872
-0.17997096399952017
-0.05724228637789589
0.011856181902534558
-0.011771012889495253
-0.015169833551816064
-0.12512333975232867
-0.18220484478622267
0.2217023140568484
-0.0578306801807363
0.14767733170544575
0.2148389801735128
0.005716714740309504
0.021934100031312916
0.25081093774149305
0.12645193195120105
0.29837817258361593
0.028581438516706484
0.1279822347170314
0.16503074733537043
0.19348500339426647
0.026433365460762234
0.17167005459047188
-0.030920530196494624
-0.213500798062062
-0.0851244012970475
-0.05036315865465547
0.022121002769371588
-0.09832934228015372
-0.09935609804620746
-0.28848037470022986
-0.17212012922031134
0.2361311835977301
-0.37082650532888983
0.1908035458003812
0.22110802517875766
0.12194080557656634
-0.04467881331182788
0.3102595088551711
0.17240411627278254
0.0008073905211269277
0.34814151880730526
0.02614065395519909
0.029813781197013937
0.09368760815889374
-0.002695122299169105
0.35780889889529216
0.2595222406287821
0.3639367509754874
-0.01917904255919804
0.23571963085590358
0.14236042892316741
0.10207453228818163
0.12285564096440757
-0.05541481700680653
-0.06898634326094066
0.21915281368913792
0.02246856347557363
0.3413800798687117
-0.020416559200791114
-0.18458114888370886
0.035929970297852894
0.21982630583160065
-0.23486510057783286
-0.10214576694890402
0.16636150190534352
-0.09329758720667088
-0.09523657146679766
0.21523505191788803
0.2250937778733438
-0.07942724538468802
0.01167051341014129
0.17270734250567485
-0.15283435759875064
-0.13686856617759594
0.32331110435681876
0.10349023290575629
-0.0060258756631885865
-0.19412816443990172
0.0005348566835648275
-0.07178398226048896
-0.08395347127030289
0.04760788848737925
-0.07185946701545634
-0.04621408852300775
0.22074611288791648
0.35284752224601906
-0.23792221062728397
-0.019224344170707487
-0.1774686530179701
-0.17000737289466247
-0.023425034224250612
0.3228147979233542
0.07936299831365257
-0.033812437803357784
-0.006197651073663201
-0.08568132190390496
0.10537540571805938
0.16344175904823813
-0.11415321144408418
-0.058505694701316995
0.17651851333642168
-0.07470559459625746
0.07708295807449639
0.215323616415792
-0.07189994399490797
0.14054577238087423
0.28929285547995687
0.11452658214401974
0.1177022981021333
-0.12469753559250094
-0.13990594954366734
0.2345154199306849
-0.14690999228769863
-0.04624378162321006
0.13713597878642841
0.19558944984317217
0.09596829366455124
0.015493214781865189
0.1110559760296245
0.08189750930870071
0.4028762182870979
0.07123767416879188
0.024506207941633606
-0.08376654177023479
0.28322865546839276
-0.041643757221582894
-0.003430238150905388
0.3830050306438561
0.01578563794591221
-0.021478111909156463
0.2668970637155232
0.4213253167293835
0.10940734053635952
0.09543407556667312
0.14290121371388576
-0.07554396569336802
0.18722975181118445
0.2579250375455034
0.15279860445890747
0.06465316548500949
-0.059924517861034046
-0.21590366959204085
0.03203891496586807
-0.07805615447040477
-0.07968131019730332
-0.12030959025743931
0.05831100965111439
0.11408206389359495
-0.08877309991246257
-0.18008945599477413
-0.09292206528330549
-0.22332436645712947
-0.1385239959983844
-0.2672221211138658
0.14675183177148887
0.20106462689845117
0.24030015702913343
0.07575885739903629
0.47093323275443555
0.5343533392617377
0.7634065108314945
0.29372487361288974
0.019133293673777196
-0.23842696983915912
0.013286102322898596
-0.03218232536736445
-0.1990701304942841
0.2771542994062204
-0.24798908653677765
-0.10150450870519548
0.0628667047669223
-0.062089222468825644
0.1530524309718141
0.13996137480519527
-0.3324992199405307
-0.06082417608055342
-0.041866506395455354
-0.09793659265624652
-0.011791776720159752
-0.2425508650935409
-0.04394983931645266
0.014667360578333675
0.25625338993899355
-0.3054808624227493
-0.3804248850682592
-0.09783101369618911
0.11772645430466622
0.0039741541975856914
-0.17263961601494276
0.36840304754114755
-0.04331940807509758
0.0869393128383082
0.059767257749467104
0.12123443324334089
0.16375450630444063
0.07906124288894127
0.017093454564180512
0.2500465206464603
0.1530800723092402
-0.01906084518537774
0.09680606761492247
0.16970782363808332
0.3737373512615486
0.21882889707071465
0.13249608356333312
0.38933997875277815
0.27974112410758806
0.3587495387300707
-0.26768418702921787
-0.07741184005195977
0.1966847656492795
0.12695412069297274
-0.1768935256300492
-0.15839797933551522
0.32803226642601424
-0.020672999562185934
-0.02516517365435805
0.20289496470464746
-0.08132366270567347
0.3070363156769386
0.517462553422191
-0.22807267782282967
-0.0656831942437143
-0.18267263685071924
-0.46106148766681954
0.08009842531133439
-0.15116492857032812
-0.07723191489950974
-0.21127489194534033
0.060699239396036865
0.004947762526312089
-0.3030745886455951
0.045013117599910425
-0.04567469578248014
-0.34910476817746444
0.0816690778292507
0.3290939072809549
-0.09100271706885099
-0.08491461951730876
0.18432518466006198
0.3060403474338139
-0.12880296351396645
0.28964073029439563
0.07640049174093612
-0.05245534143867331
0.01343581271970641
0.30628517564984803
-0.11620217908627323
0.06005660425650462
-0.19783925486431522
-0.1381416736971106
-0.2611018573768759
-0.12295536584550933
0.11550414786168697
-0.11733755232413073
-0.048944853578272794
0.023641272317467106
0.2595117921349806
-0.03666418002762167
-0.10446772235950194
-0.12120118369154202
-0.3873954126623605
-0.19662066917155624
-0.1664977569914553
0.07656342955420292
-0.01464560720136009
0.31346407348391714
0.0030197019028523524
0.07725184475728859
-0.09358145917671779
0.2823322014325166
-0.14705307438747797
0.3001569641593119
0.43312912921493407
-0.023293777276700768
0.01428419693893481
-0.07880813020946355
-0.06390815843063258
-0.06610984595330156
0.16631227384574568
-0.10129935468291096
0.3655763546353951
0.13261401430103542
-0.4564444183227527
-0.09659055541172146
0.041138600598767526
-0.06949657915546696
0.2134055383212502
0.07172726358537557
-0.3734605424941447
0.08399859502840065
0.11452284468132061
-0.1621813714904096
-0.11324825354013679
0.3767459748911859
-0.08429778418937288
0.2038484806093151
-0.0347755289009388
0.36782691307336485
-0.13683273899505552
-0.018227571741260606
-0.5543725753687656
0.013591821398109685
-0.16347949711436713
-0.2604794261527379
0.023750467327058968
-0.06329749194145763
-0.3395332291928845
-0.237981142110089
-0.2000108724071816
0.1563741213952685
0.3091708565196466
-0.12934382185100032
0.12980475696399293
0.054077782038237564
0.33588111262632026
0.2577881318525545
0.32433971590690647
0.04985814450064854
0.4321711586439472
0.7071112757319268
0.39398498285715416
0.09028757195019851
0.010996361680996374
-0.1419480560697568
-0.050580193425470765
0.06281660606054965
-0.15416120617193696
-0.004197072452717035
0.14015611054547805
-0.1595892215756191
0.3032915757913685
-0.18410916441274097
-0.17932431640009633
-0.3813988259777156
-0.23567317181317798
0.012657935983199524
-0.11171576555970981
-0.0909996190871674
-0.04910905660225454
0.13129354976481344
0.06768431726331355
0.058944038946473216
0.2753378245927303
0.06355661164185689
0.4219874409834556
0.5737677518528892
0.43510742823094073
-0.0842639393144636
-0.18737741108046377
0.5076974875608504
-0.10294790842197508
-0.28445565233196834
-0.25158918834832245
-0.30486821888270865
-0.32907224876269286
0.39275372246061657
-0.11806640836031204
0.12863967781903596
-0.0591228092230096
-0.380020476816807
-0.2782050915248571
-0.4726948961866648
-0.1351790174033962
0.027975757342363582
0.0015767196890843127
0.05680641306564071
-0.2749090300653836
0.2015551231527684
-0.08182210730373445
-0.1564056845020557
0.09136406804254456
0.4303831462639802
0.22462603992641464
0.05393378934136315
-0.17622625512793408
-0.36631317930469454
-0.6906257471993121
0.020104497942431125
0.06582883462667907
-0.25342830110063996
-0.12463723580722359
0.00015027729520407745
-0.10231764443490811
-0.32035176470143345
-0.14734190070842335
-0.7343841887673578
-0.4009553663130633
0.12288618088069045
-0.1642047153085303
0.08936143932759838
0.4567553398736905
-0.10851037175643244
0.050763991710180444
-0.06234812567981824
-0.056095584476711806
0.065091977675524
-0.2426162055906869
0.20461258764894294
-0.1942908990078909
-0.15906026680856122
-0.4667003221175461
-0.1167685408631607
-0.4096312633638
-0.4897613975808454
0.09104183862610105
-0.3689716682262465
-0.20490833482262572
-0.0845857840608183
-0.23360034367397767
-0.08365858557695087
-0.20114618495579356
-0.0013206838046154203
0.06501430925954309
-0.06478105329925911
-0.06293897776943023
0.21478814438432214
-0.06143454030783864
0.24495012479964795
0.09586412185850171
0.4780171019764684
0.05670982369018707
-0.07830079228701513
-0.20132362961594807
-0.18964580248814367
-0.03576014154773868
0.023613357207696552
0.26227454685192414
0.1400199622698827
0.34787666649730614
-0.0779692989605742
-0.30867019160839715
0.06550416678814519
-0.4028947742180473
0.15079046830225523
0.20177884418267072
0.30703223346693204
-0.0730751524850194
-0.3039404678670541
0.26590762106228116
-0.1110459293071527
-0.09984133356585838
0.41781345221178423
0.08746705671753746
0.17936501678850064
-0.03246450852880715
0.138428560348636
-0.19423406727445688
0.2885656320094514
0.07969490842378509
-0.3452883292588524
-0.22163363931004734
-0.08800554411864918
-0.009402251944791213
-0.2793887591603673
-0.00581687167217031
-0.042235603677503515
0.17745852291806094
-0.4029835849199079
-0.5043098791426985
-0.22852174612554316
-0.019135686462748935
-0.2572847988573617
-0.04072600476156889
0.17298369732674881
-0.09896628140129791
0.11738210047709838
-0.0403451966885443
-0.568846257291652
-0.035007033274621506
-0.15547912565330055
-0.10281632581303254
-0.08170495003884433
0.4198246642808066
-0.07212313743551106
0.00901363381152949
0.1615338635703488
0.20671919901597174
0.007877914356003962
-0.05332139701831532
0.04093783430305159
0.07326417583266263
-0.02109449446339056
-0.033981709589529
-0.05653707167451351
-0.09814332215051079
-0.1617600765236556
-0.39131553750101944
0.4279530063986813
0.5918165820708209
-0.08788892736392774
0.06526189286578145
0.13600628035585263
-0.24870082191190201
0.27899319999895683
-0.26007275036480054
-0.15071087412994313
0.3207441472530063
-0.37106276241047553
-0.21029501575811993
-0.3085691702350613
-0.12127956368561418
0.2483455222021772
0.2130837969468971
0.08842068696922184
0.19455739059756322
0.19548487163676992
0.16818244272393262
0.08905421017267413
-0.08909427011685925
0.11719348570079907
0.5722518735045589
-0.09189326762112444
0.20659970067941197
0.3281366893338576
0.14399473109482105
0.46274472498073715
0.6229610110731424
0.5119576197898819
0.548706604839885
0.9119163034087094
0.802530704697431
0.5709022645968165
0.23836732989103804
0.21501925013678086
-0.2742792344880235
0.3603341512195921
0.39847842524302446
0.0022652790562228504
0.2813248919219868
0.15715457455235365
-0.0023197067001308443
0.22641946652855163
0.06389126889800277
0.24586265611821667
-0.1340244284743908
0.0824390943699687
-0.008312264114329638
0.27777810069782294
0.02058428657151088
0.18807988231848352
0.15446880918512162
0.18265195769977716
-0.012703824133787126
0.1678082553971521
0.8401408632891257
0.9525925365927822
1.4240705615938234
1.3403854055616788
1.1958806038559036
0.9369448646155889
1.041964215949379
1.2846014535669705
1.5266109244741273
1.5050339577142111
1.1995446719533913
0.5553579257984774
0.5306389573417314
0.20607242436881149
0.23345951019055383
0.3161334089295424
0.07213037902656286
0.23973628024731636
-0.08861511690700331
0.261399466734947
0.05914720834165593
-0.13600393672778083
0.055580403669484746
0.09582195525043018
-0.17972362841405798
0.2620264359413772
0.46581144435642374
0.5674221560403149
0.729105356929741
0.654332405712369
0.9355500340532257
1.4703056138184667
1.3874008285127901
0.9797458656950111
1.1468160018954614
1.4335560230409325
1.3308242361242497
1.1053155158007968
0.5232183018403019
0.8398387320482978
0.8911417223234791
0.3041192637977738
0.5373893650496322
0.3835867293405901
-0.12859737722332484
0.2401479989221691
0.08120653032603567
-0.12192599524257733
-0.04291637213300709
-0.25453843924440583
-0.1903988753934371
-0.13963348684510363
0.301168162707098
0.5681643006660777
0.5770545361658733
0.7096894688248856
0.34372314459384723
0.8092377263102735
0.781020981227628
0.9989042635001273
1.0509313142116183
0.7931322411150277
0.9040599253505981
0.8191447857518326
0.6047146059446704
0.45721342735543585
0.6114251355573337
0.5616620227209498
0.5647283885468127
0.4963301801629799
0.4054458454034171
0.14815605520541794
-0.02544544717394819
0.09841759384152189
-0.02990226550375272
-0.003754734655874034
-0.1953231343283902
-0.027930472240363706
0.11213018204409865
0.03243000532878776
0.25120416849356836
0.10722400498861223
0.5580126223891357
0.5602880010385786
0.456561310944004
0.419423769959812
0.7067746522216429
0.24149187967464358
0.48674653426760955
0.6775961986102089
0.7507173929118218
0.5790273444256068
0.847595997887021
0.359317094504966
0.4231020606828291
0.11661187448481189
0.6438182619556865
0.46279907985299973
0.341700769907234
0.13324096321701215
0.3568961196868437
-0.06633011968597836
0.20818009286730707
0.010380063111351635
0.09861410057989754
0.1409280775392773
-0.028433593354358373
-0.031476481837714815
0.4219238112911046
0.18236192231884837
0.12615143973808476
0.19139675876981618
-0.01932629987392367
0.2651778377832646
-0.1777521909763844
-0.05131887882225067
0.13611383869820268
0.31134130103422075
0.1983604757087025
0.2179447131994155
0.2518710511906741
0.3835198126145331
-0.0076352675741013145
-0.02803116644925861
-0.1657888456772888
0.32565004663630975
0.27717961767817256
0.059825943359963066
-0.048500932157240315
-0.033461941392683034
-0.11368325907619002
0.18847091345246025
0.04029983769433925
-0.32155634744134337
-0.14265345511648408
0.09724274795071546
0.17187421186406718
0.4685601304194279
0.09353612295462219
0.18690562199293537
0.09052977878090641
0.33778673730258135
0.04683835852838867
0.011700375628737446
0.24467893077248373
0.12139619781614297
-0.01327960459561233
0.3010181426104287
0.2839568874709341
0.17939069848496142
-0.11280347820347715
0.06263252260296075
0.1760791221633757
0.3105257556925339
0.16662078205427835
0.0654547369802763
0.11073515884120924
0.18366456083479668
-0.2477961429688668
0.20838578128678548
-0.08657021606554725
0.05130807754712404
0.0622510887149302
0.148206805956316
-0.14702789967269647
-0.062431151548171776
-0.008411131717886806
0.20808127174345908
0.22388948525951607
0.03677550647355471
0.1409672306808643
0.13250708224551982
0.0060072061602054905
0.007720493321545075
-0.061192894539647776
0.4325601287073897
-0.09802011370869353
0.24424142300481222
0.06228827584908943
0.03799314401888035
0.343959932647846
0.21581894190712456
-0.051798482929492316
-0.07084356742947945
-0.17845142065814906
0.17631707939888908
0.09808816336594434
0.22358340068661647
0.20995739534108857
-0.062227726232824125
0.2052720463430367
0.0635911316913935
0.0037318747732707365
0.27056615205289114
0.14083564100539706
0.02493939999783726
0.08733545648153242
-0.024918133722868552
0.004040896683819534
0.18987052559034195
0.34421259003655086
-0.2862064717092139
0.06777422407308946
-0.13507204336372222
0.1036234471274907
-0.13649708936964622
0.1601031059810913
-0.10561462440455295
-0.04189952973703028
0.18179930995392204
-0.1362356705259999
-0.02845452903597418
0.19267160554141677
0.28506880111344424
0.10340074747127408
0.05830718623341831
-0.11691930232735794
0.0865396097399674
-0.143896102445723
-0.041004954575056256
-0.07922748032222172
-0.09621210612095496
-0.1491204195578135
-0.33762184136749634
0.13136718225652888
-0.055546581829593086
0.12983658986291574
0.2136319130970408
0.017958632071755035
0.24406550188719484
-0.2854711599442251
-0.07923919576018841
-0.023930181855187742
0.06739603935946437
-0.21640803859390084
-0.17594592329575984
-0.10233577084705296
-0.09473659068424009
-0.3127132377950655
0.01479785086438892
-0.21570721461612893
-0.5187383118209206
-0.20143523511784073
0.010561428111026143
0.1857033076937667
0.09036990798917792
0.06898270657121501
0.1327599455174507
-0.04449972631597141
0.20008073789507574
0.4186097761632403
-0.25238430095912306
-0.10047329025811948
0.15519068435877464
-0.025182203535270904
-0.1750754272430396
0.0126841002303026
0.043508372713324014
0.035791491359922066
0.07591254698857099
0.13478526273173888
0.028909641632482597
-0.37404487764759975
-0.08835505703215189
-0.128710516073874
-0.032556337930347914
-0.07397073613529227
0.1287356635639086
-0.0460636969583359
0.17346437506676118
0.23528481542383592
-0.16287662977265024
0.25474847444985527
-0.021709470259849466
-0.13156187524917373
0.11624223987945655
0.019864877565174584
-0.01564265922833983
0.12037735394984621
-0.014343723490796219
-0.06082125148262899
0.015363320286670408
0.22952834681692774
0.0845371594814211
0.05154543331592908
-0.032156297146315925
-0.03799201525030078
-0.30518051170337407
-0.05580645076546242
-0.13240938007016279
0.008081665832838699
-0.3413119335496023
-0.08821827617155183
-0.20661266314008297
0.032432636652409134
0.03721606004834402
-0.11848183421167371
0.12740903901888714
-0.14288972928228943
0.015840891893596207
0.08253926038947887
-0.019909586844362136
0.21365240435628235
0.007326857987989368
0.16488526931853487
-0.15354110972777904
-0.02293802985747338
-0.0827467621003294
0.191681282650507
0.3798315926259315
0.047720636025830224
-0.22875627908638507
-0.2468564977583443
-0.17550155888256702
-0.220617898336152
0.04411408424955478
-0.13029788978933535
0.038689512656786065
-0.2934995506367479
-0.0887050555291815
-0.037541839272560225
0.12638469703765243
0.24895211391180166
-0.28220947746230457
-0.05445458931386942
-0.09837308758632436
0.14980064133349885
-0.039671726088028714
0.08035650392282544
0.16177220290365282
-0.024370292009337855
0.17129473697038716
-0.08562131614861111
0.22590991995071635
-0.027903600496411718
-0.3544534486511014
-0.1869857393430169
0.2520287276783995
-0.0418975769211251
0.12716520789760585
0.19473114908278716
0.10322754144226469
-0.08873509904950136
0.04402285683611502
-0.14688125206156358
-0.022017013066406143
0.036802910723439594
-0.1133737303075956
0.12004622064132897
0.38889242411174346
0.1216123352657955
0.1312379365993171
-0.14095058690576798
-0.18566844816639944
-0.11562040172609811
0.06685700969732569
-0.28270679242043173
0.24271765768969547
-0.27145576077991507
0.016523902183213587
0.01180687553487472
-0.1370761254355738
-0.18698768876839306
-0.03346180017464951
-0.02257272828539912
-0.32970689186126434
-0.11932229776615777
0.12306937682151707
0.7340940665730572
0.15471668514897832
0.30069818545467386
-0.10010081290574105
-0.07808983289615902
-0.07774790762450727
0.18943181261781128
0.07129452846342428
-0.19111009716475844
0.04232853986134092
-0.04510206401130135
-0.08385468858701497
0.12170156203008387
0.002245437556609259
0.12323981393037933
-0.13503215436930058
-0.03095580737102493
0.08984221004876657
0.1657351579850671
0.07441949855861048
0.07166414372903741
0.051708979161137224
0.14368415746548271
-0.05298808910879535
-0.22070586933799882
-0.19015676369605855
0.14256497739545707
0.23251781208230635
0.11265866580430066
-0.08490365100325611
-0.1704943017780476
-0.07029628412851904
-0.16508469623782399
0.2578502156756776
0.15089064528573787
0.08391407942271921
0.2668407186947672
0.019534568259726444
0.06801362152792284
0.12852459040046985
-0.06288594213610645
0.05539944979011365
-0.14858065679976035
-0.09662198041152625
-0.07229692285092705
0.3684552809069303
0.12857179818843806
-0.08462386655274043
-0.26506208833517425
0.31870750413025456
0.0793917782410597
0.08695736597914654
0.1294344453136156
-0.12628629045348352
0.08207497043493284
-0.5977212262694372
-0.09228993745958727
0.12566757864027414
0.3020428430317963
0.2010052078249775
0.33826004596137066
-0.14346028092073487
-0.29720263137570524
-0.046220248487217806
0.313384035494935
0.1943937555059809
0.28107028975226866
0.34160073111201933
-0.19395141359814388
0.10005255323973816
0.006084848845518011
-0.23570129247820454
0.20037818153098977
-0.12389023754400444
-0.004342215356227767
-0.28227118924782785
-0.06048375731630293
-0.11018649914303827
-0.38277013165023754
0.05646083152071895
-0.5736799296485928
-0.4445451205115469
0.00829103324108069
-0.09991530731736335
-0.21517300219280447
-0.1538902489680118
0.016518778479481196
0.4300907210732429
-0.005870922463775997
0.27137666811543015
-0.017984058407494116
0.12262098700515446
-0.04877772575999921
0.10923225400899635
0.10348512680760293
0.49935101445926566
0.19115637326240648
0.19935013606148544
0.09420837924338704
0.3512023957629694
-0.3188550769107408
0.0484895922246083
0.08716799587486715
-0.15610266798029512
-0.16723342488181625
-0.3502146033893286
-0.6930264608844515
0.06447917041053028
-0.4666000754888709
-0.03602952412104605
0.08526184687473448
0.24189786017829365
-0.38636239454324883
0.104386708801208
-0.12054853914435848
-0.2636883203435566
-0.6316042255515121
0.036615051051529075
-0.39744521300239866
0.02172162584091244
-0.013164761257380388
-0.16799026008538764
-0.11450161032361551
0.23154273376851067
0.3659422368314173
0.29369780223173475
-0.1207319180259683
-0.19831720111220288
-0.1480735828114034
-0.0334864813599288
0.2074150062694899
-0.37612497136544903
-0.3956249899394242
-0.8374830473118962
-0.1002012744264952
-0.220450583062721
-0.511340220831469
-0.2314821914701964
-0.6050887407139935
-0.06411773425503642
0.2380654501790498
-0.11029168589714979
-0.2725732810551404
-0.4283588744886875
0.058100045005899575
-0.007108877543352053
-0.19956336937259775
-0.2319273083474483
0.49378504550446495
-0.05405914331162119
0.16627366163182106
0.8074606929334732
0.3510963531639175
0.29596810821185854
0.06359137483239183
0.14105360118712582
-0.010937226795891474
-0.2525364786467686
0.0005669062140149481
-0.40039102984436853
-0.07696094937240709
0.02517635428996026
0.356899972973843
0.12427483283152146
-0.09803684937377746
-0.7412603499377166
-0.5607571409742923
-0.2728060435024963
-0.1780193761322352
0.4382994881256962
-0.45544595334300914
0.19680297866059832
0.02250032009552387
-0.6113615258995525
0.17807535508193964
0.04433448527639879
-0.05255705961835587
0.03432205981194932
0.07383356933684986
0.40380624562974526
0.28883073174087787
-0.044407629438065616
-0.060089108784270956
0.20197532400100698
0.2446598365600849
0.31980509519131173
-0.24654056015149672
-0.38067520871799465
0.3658527783284165
0.35773338748899264
0.029015758839587336
0.32680525972840846
0.255083133822398
0.006087792602693455
-0.3379613643995637
-0.6557292810986847
-0.5082910879643665
-0.5365549235966222
-0.40280893852159283
-0.9879992746252694
-0.13613128075382855
-0.37954076766640393
-0.18517790005466922
-0.2102831804469712
-0.31618110589582227
0.07547218338452973
-0.12372580718296523
-0.14470480889756246
0.05984658005913099
-0.025913353315167566
-0.0467749771022367
-0.09654236330932339
-0.306551479720143
-0.06403137941911771
-0.4452366848209223
-0.24466739232461202
0.07548302365990946
-0.2974401116885695
0.004034909290282798
0.5779031289183314
0.07801392217209442
0.6472290626557977
-0.10986629386112856
0.06085613206569296
-0.010832243538748572
-0.39886487547289146
0.33027266601192257
-0.4894391084144346
0.16010605784872128
-0.15794137870868483
-0.4814962393767347
0.07849393442370357
-0.3416763567929592
-0.022810968266060824
-0.3357727699250772
-0.2651581040629736
-0.12957009788395363
-0.3167729047221308
0.1504988397206675
0.14502948617622466
-0.09574731216810026
0.24358648295208754
-0.30091741255604426
-0.2868017461563035
0.018304888604330976
1.0262258600987386
0.3131113822495632
0.3129886700445307
-0.024430219962638455
0.35672183872980495
0.139021231906085
-0.0625123519743382
0.4926973702999724
0.38188286463221177
0.09312552334221062
0.8017616776093144
0.16180275713520492
0.26601048136388056
0.11016036741137193
0.09322033262325602
-0.07502031398930646
0.07023426934830027
-0.31431211872655723
-0.1118755081309644
-0.2253331171077898
-0.2381829342792954
-0.04167607061363
0.11739106879880412
-0.242325474777268
-0.37629494821131665
-0.066042470196143
-0.22068434955620034
0.583493613753215
0.2733898530230602
0.547467214723423
0.49781218656997467
0.4440568841239844
0.5001214326998841
0.12374720230749306
0.3476303947184951
0.2925831584346368
0.5602563784880291
0.24242682864040493
0.43883659561032773
-0.013288532858897003
0.4950987161061727
0.329656151068187
0.13397804065032784
0.2233328747386385
0.39244400878328267
0.43294568866627076
-0.05221140513127639
-0.11897336538388428
-0.3366496859797685
0.03810682829336292
-0.3778873069029816
-0.024737154418449064
0.015341212402568064
-0.3911021697419249
0.1695283045139116
0.13324386439681668
0.11419863225332245
0.2448790260342357
0.14650249900444254
0.2762668265175416
0.3328964612047153
0.8181311536451712
0.6203389003478389
0.32191472753065126
0.6948567020849564
0.3847708429901855
0.010376948598052644
0.4605148290716604
0.25235715401869085
0.22426217496708334
0.17135623087722993
0.07239994257580658
0.3488427911184418
0.2545189319854007
0.06808731785124614
0.07896208639589636
0.08677092524328396
-0.07064774591574374
-0.21019983338908074
0.2737655443589705
0.006248055807866346
-0.38449785791843444
0.3687782263164074
-0.0326422119951731
0.089675747515009
-0.2617759012461856
0.10207649206586539
-0.05093276974974542
0.1281140609714066
0.37589484605624907
0.3726397934971484
0.2285657619188174
0.4908949484170154
0.10034929156638847
0.6481573188428842
0.29765408562945206
0.4161360904401897
0.30526433343004744
0.5418317454287069
-0.13958774906253174
0.5704657025677755
0.34565661847557966
-0.12410666362332362
0.15380755327428625
0.16062914695542047
-0.10850371907402108
0.07471477890324235
0.06037453299944246
0.18984074159398412
-0.11518157246024736
0.1823049819400663
0.29735290116906754
-0.013944629265523036
0.14823130687547167
-0.1417659759301456
0.15419438115617184
-0.3237624678641958
-0.297222724582755
0.3123369924233981
-0.10920548851406453
0.36120249285535305
0.918153983472596
0.4816119882709674
0.753135829852441
0.5520789289423633
0.6939802565010282
0.07733641827773735
0.13632259857560183
0.3472679229620024
0.4477621042102519
0.1628942722446711
0.0653604989702536
-0.040878343270035714
-0.012723711274866737
0.13775176603032654
0.07368929522463723
0.2152140434965528
0.05101138926625522
0.5084122328561933
0.04196016849050093
-0.0575932993637097
-0.03045423114362282
-0.7318979801312037
-0.13804295255501986
0.3778608042978715
-0.356499180661946
0.18848430987724246
-0.0308593444150683
0.15558425551896674
0.16189699514317077
1.076551284182604
0.7560402306496332
0.2613160881937043
0.3178429545924262
0.7686154495433051
0.28387222053762684
0.004060138833331687
0.5671722300097458
0.11340909405912288
0.10838781950516255
0.17337900014403976
-0.23728424002320983
-0.23145228784227678
0.07042767354036997
0.09876889709946547
0.27550590768496597
-0.1710894828397143
-0.01954773576406757
0.005342726516458502
0.2745698236087918
-0.007998077365128302
-0.5224564923490826
-0.5869624210068031
-0.7449588177371548
-0.5551629663211984
-0.8641295074972725
-0.6040895629094949
-0.2090580997866779
0.2402615619642521
0.32867637333064104
0.8269534282205522
0.42146117211182577
0.7235095969899717
0.922846831447955
0.5412825524034278
0.5273897888479331
0.47202734126726165
-0.07263193504574149
-0.10165249732237154
-0.17090874254377345
-0.22697784666165605
0.08874248941380869
-0.036351775605499285
0.13744856884010423
-0.08047508425742081
-0.07470517562556123
-0.130016601904492
0.015331236778947537
0.1745762239938656
-0.6723868900039611
-0.21045619179860964
-0.11412959548921388
-0.7890853309837853
-0.4065139854443523
-0.43412433729005934
-0.7877160513229998
-1.3236591742729602
-0.7552435205872388
-0.27384223403753605
-0.1014839306822301
0.10560588740644655
-0.01659426882393869
-0.1893328521531323
-0.2474527549810942
-0.19287301943721985
-0.02957420505297925
-0.11767999387441731
-0.27684974286016867
-0.3817926218054702
0.2808933903988213
0.13664403083277116
0.38662704789082136
0.2160480514802547
-0.21799797897659112
-0.5358352332733217
-0.42417730168451595
-0.8920265629555177
-0.4098604010515229
-0.8955928650807381
-0.47653145859798923
-0.923122455170583
-0.9491744950334488
-0.9022003398803993
-0.9910695623839474
-0.9688439424730282
-0.7388801649853771
-0.8791940211094024
-0.9135709354306538
-0.5735657359775818
-0.3269117417226402
-0.697062179920848
-0.32911216365179546
-0.4795383118372315
-0.5832116754052026
-0.335408203202992
-0.2596832929424556
-0.11811597874728028
0.05111850702850783
0.07795564853804338
-0.2422183548381326
0.10213142092310552
0.11076673423320132
0.042883595758172535
-0.4133600739802198
-0.6828604668643034
-0.3948258490441191
-0.3607926539528614
-0.8499289941144844
-0.41189414155613385
0.11269982874298627
-0.24303314430022732
-0.704806445045479
-0.380843945728054
-0.7624840894481776
-0.5838853348094312
-0.7789184072490868
-0.642126436562367
-0.8628262833013061
-0.8120772029978555
-0.7680859891480042
-0.4779427267140622
-0.4474201659869601
-0.27307630807510574
-0.1499853662770402
-0.10699613040338661
-0.21967230671749552
0.09546935739289096
-0.06694818101790177
0.06561865560364444
-0.12415836338803277
-0.3566022767656245
-0.3888956810192039
-0.6634882427307747
-0.400615886930085
-0.5844577649848841
-0.32259315665528426
-0.5847435893789185
-0.6127507414914454
-0.21406884838287368
-0.05702473543525465
-0.2520023157332963
-0.867180843099062
-0.6757622026208181
-0.8502271057845102
-0.7749549120838202
-0.7163907543607033
-0.811902619599842
-0.8515674133445285
-0.5973323419071236
-0.4703743060893578
-0.40737285909253645
0.01085416744737948
-0.21459493084650536
-0.13138608087159345
0.18611257642903195
0.06280236176054092
0.12919793500733803
-0.0782931990370089
-0.22534525694687985
-0.11858610703557178
-0.7726007087226154
-0.059154629480718535
-0.598863977242754
-0.792408426394809
-0.8235707531018769
-0.7443637327693419
-0.40210453311512084
-0.4303358602470198
-0.3922181139948894
-0.8625750121201492
-0.5214859605659106
-0.67260785446877
-1.0889111173363775
-0.6047150125764839
-0.9211409358509635
-0.8915199099867163
-0.7269276997960852
-0.7416490034602556
-0.4409023313969237
-0.21988998306539834
-0.3028785763955646
-0.0533522109508879
0.05517924233109973
-0.03118047318421861
0.17454695432590592
-0.17449823325093747
-0.13129258634405122
-0.16554069558880508
-0.6518106734799037
-0.3056555722806031
-0.5587632282771787
-0.5498664646089682
-0.500578680521491
-0.40070211320933996
-0.840970902640207
-0.7750833579781826
-0.8901427983786473
-0.38231986380033833
-0.532657111814921
-0.5832170579245897
-0.5455198090893321
-0.36369183438580494
-0.5958925282279205
-0.7932005593987405
-0.6132125058419893
-0.4238350657641409
-0.22474923738616373
-0.1657667774656169
-0.10394496198523248
-0.17883199923124354
-0.024008735683506553
-0.21672478606402812
-0.03871534860617809
-0.12798479421976658
-0.17718744372439363
-0.01229174783271257
-0.16929131601465358
-0.20715023109868433
-0.33566789706985695
-0.16712551887410193
-0.160581848488779
-0.3670992717792628
-0.4417484802356721
-0.8778925997295127
-0.7413484498124309
-0.5671385673290987
-0.4624180793030666
-0.6022281028200548
-0.14987990045910451
-0.06721670091124374
-0.4109536876295969
-0.4515565360385463
-0.116553837388387
-0.4576961541579878
-0.13013726800293998
-0.03296120928852447
0.3073516890539197
0.08765657196171846
0.2379770713441464
-0.28972403021624926
-0.14647890495671298
-0.12668344680370244
0.28887904188180835
-0.028176495844626878
0.14316468767712853
-0.1744326904501621
0.10241453331340417
-0.297027577502526
-0.27868893358303665
-0.628681591174637
-0.630303881254086
-0.3896848471686777
-0.6778546260248232
-0.2639744449515404
-0.5017909076146858
0.03182468984105414
0.08278300779599963
0.09774479852358048
-0.08607311472522175
-0.46613318070820803
-0.4114928035035333
-0.32326567198336
0.2669213048976247
0.40962354163606934
0.20375329688565416
-0.1544057743586666
-0.03249541544035812
-0.0991005145620384
-0.07820096665708401
-0.07571340502199787
0.030413868033510736
0.15410213103501874
0.2009151461948381
-0.009917190222685788
-0.06445304216453324
-0.02886824139920805
-0.1935722742767366
-0.3338955586776041
-0.43108021610324676
-0.24845384683108937
-0.18661724584635478
-0.21593780619262398
-0.16650608588986154
-0.1981911195530642
-0.20140236109768814
-0.1521028723390229
-0.13929925434627563
-0.4195089955256398
-0.3960575319548453
0.10213102827885433
-0.03911812231588658
-0.08951835235581769
-0.021078480108672762
0.007803538652416683
-0.13264046477184505
0.07852446862559363
0.18769679057830954
0.007590814753770142
-0.005951341581665235
0.06837403604240765
-0.060109017326710194
0.08451168415010399
-0.38371097942386356
0.0906013933170684
-0.1798201291540812
-0.41910778580881686
-0.1587835120253608
-0.28325929164527697
-0.4922474352630263
-0.16801529539348808
-0.18210524252240753
-0.21098684433270923
-0.3458923389290227
-0.19121677842598883
0.20417550009929017
-0.16234973637606293
-0.25397889720967143
0.13861854121780945
-0.0927036179870246
0.14058841804045855
0.19828700428582702
0.11928493043346529
-0.002388781338234914
0.027777584677541146
-0.060997509753967956
0.04739937365389669
0.07069451819020879
0.06750316123273419
-0.07831200831399514
-0.09709878156700828
0.14397826558105964
0.0061705390869512
-0.14412521441459406
0.010100269910088791
-0.01420619280388103
0.10931983785961728
-0.1106104965683602
-0.06821340164918435
0.07168731424203409
0.062056672145721345
0.030046477990831252
-0.06727439101765502
0.08594876836364013
-0.005903200989562146
0.13677291885624493
-0.24545745881629694
0.021931737382149864
-0.039031994016429365
-0.2146477870587554
0.05054424265366969
0.01112787859701637
-0.03445414179514253
0.0008140193498102649
0.09623054008563735
0.199494847094664
-0.10316632551126247
-0.03471764962604159
-0.21096562052738485
-0.12727949806755404
0.009860154767161228
0.08672899654569478
0.14858813944937135
0.03517908908878454
-0.025555938153582508
0.05191708814533932
0.1392572218983647
-0.1356272691595134
0.0549736492329403
0.19237171940059317
-0.016559076951515015
0.11286533022418402
-0.1033867920328264
-0.005126616921490376
0.09165452143708085
0.16506729491228841
0.08386637069908512
0.032391607126634164
-0.14531549880732422
-0.01797255644225044
-0.11996128218814436
-0.19087810822630996
0.01601153047693199
-0.17028316608317925
0.013503512071339138
-0.3152462554145989
-0.08525048177189137
-0.12436503845976514
0.04129318933486047
0.039223346985342
0.4002448932462549
0.23584565099740956
0.2046296965601743
0.13511797482895926
0.29146038956308357
0.4438352638359253
0.42421082519478537
0.3222849848901562
0.341515272307152
0.08464848605909983
-0.1183872489745314
0.07318867512839813
0.006406364027703991
-0.07981906798364058
-0.029639978913696293
-0.10832984519346714
-0.052409389237082216
0.06661493619255313
-0.037358651831722815
0.17807984295487747
0.18509680326206687
0.014401548304518858
0.0746085519561986
0.06057881664492004
0.13705051358564485
-0.03367991029313158
-0.078061625324396
0.10250637214461222
0.06934541841328945
0.22028943713451926
0.2585473356670261
0.09583685525808323
0.15308400511756445
0.35759850105786856
0.2114799352120379
0.09123180430510451
-0.099672393060327
-0.13009872509109505
-0.15685725104357875
0.12932463755962448
-0.11109799553050449
0.07640600267607495
-0.023974579233189956
0.0328401608260244
0.049855542167678464
0.06874569237266878
-0.06045901758027672
0.05154262762856305
0.09182217317345368
0.2632836421651815
0.009797164681907016
0.09786805661210905
-0.13324795666992867
-0.6254520457938983
0.022687931395355448
-0.24311133660959355
-0.14211968932695135
0.20725139378019
-0.3171514191595568
-0.10526879550264019
-0.14234576936936458
-0.11880773825822788
-0.23083821655234593
-0.23067553810608635
-0.32059178046173487
-0.2741080078817651
-0.29163665746913237
-0.09915653549005823
-0.06966956954886465
-0.2795127592137756
-0.08467325242123871
0.004746708690695201
-0.021872482147643573
0.06156694200764609
-0.006780965353099773
0.04346893366233902
-0.07318336239632546
0.031690372855428244
0.0690089769296907
0.20902552361513535
-0.29565936710606006
-0.10792794810535963
0.15513359076211689
-0.37780075056563617
-0.021999253181750465
-0.04013147732474594
-0.6189730371890589
0.28675590974935633
-0.018741408159929113
-0.2369696813585366
0.18987724617921817
0.02723175869507088
-0.7988143875542212
-0.4715675811445965
-0.5561956064166036
-0.3005235200298242
-0.2407471909624731
-0.1837767378365665
0.015210705744198959
-0.10209446836213316
0.14205413778515136
0.035940549324033906
-0.03922839214245302
0.010176497436290477
-0.0208964711200784
0.032177642230895157
-0.14743277665001306
0.030167941398544965
-0.2276604625652164
-0.3688854598446759
-0.355053710197252
-1.007151153730645
-0.5142817090474617
-1.1231041882265926
-0.790478841834889
-0.9554134273599657
-1.1918522421301299
-0.8165812419343008
-0.46929591544079424
-0.22854420486894145
-0.44042959391665404
-0.23538719976189562
-0.10755926090496518
-0.0627945276501801
-0.2139822394333668
0.08489814039580523
-0.05139434827287747
0.1522409928316419
-0.09904314357378738
0.034365142260082346
0.20465943340634044
0.39310399931553386
0.15667678985818156
-0.07977181630326693
-0.15992759813222307
-0.1409600202444559
-0.7266764592754008
-0.3917992000851503
-0.19346479221640187
-0.6279425479855196
-0.12135437031271387
-1.0011342274703445
-1.0848910920176011
-0.7339669563806612
-0.8668569572353065
-0.05678321872052142
-0.34495643542969734
0.1227337479634326
0.05026257214242543
-0.20873065956458153
-0.029305245429442458
-0.12639958416955613
-0.23187049752949984
0.0745646645877857
0.01972710323433726
0.03776258834207292
-0.06776499122554352
0.14762059156961665
0.2223640656800982
0.12557422589547543
0.1586738487443307
-0.09662719606416229
-0.1472910004976913
-0.14379483494966117
-0.3822991761206896
-0.03427316212247889
-0.02329378858532987
-0.24404037377971302
-0.31986582619076837
0.42295425297791567
0.8309527561309072
0.3353876161430996
0.3930898294311903
0.4307722811608305
0.05684353934499699
0.02582312091156445
-0.11335725480327175
-0.20586168218651196
-0.03331152443305471
-0.17001587900078266
0.017968459889300237
0.013346369300574458
-0.05677054889540573
0.02885507270169552
-0.08568764785480619
-0.05622783689835805
0.051884319391307616
0.0834736100605749
0.1602848362648131
0.05760662005330404
0.09553225036058775
0.6377463681153218
0.5878882241464481
0.5115654702139597
0.49940908382782057
0.8123865030384511
0.5331284034954713
0.768335976998332
0.6243100951526306
0.9425563912609999
0.5836999441069313
-0.07449466337959085
-0.03509627270907967
0.3249051707121953
0.3234796632693133
-0.03206345472934063
-0.44145658140013294
-0.23395073433886998
0.06407467348239686
0.006617760199989506
0.05938292145585825
-0.008051769576194214
0.016289868965944875
-0.09155094678919294
0.06454250129135201
-0.1184165682578039
0.36742646394911543
0.2893584485748547
0.021743498089635733
0.15218901765922566
0.385104833381366
0.5187216217109601
0.49997410308950535
0.4491920277722908
0.5666935813219379
1.1744036017133552
0.4953540451885709
0.12256259948402444
0.5088831451633614
0.29886947876818765
0.39903205522786594
0.09909379966053465
0.3763299797882202
0.18878599413001304
-0.4600995601260978
0.087763928804668
0.050438832668985134
-0.011864532458519735
-0.1193198325424421
-0.14102986472684986
0.08045175573439063
0.07891883467957318
-0.06770795995132636
0.25415378437179326
-0.0765171917897656
-0.17087637032003702
0.051327578588804344
0.24000724751697297
-0.07244070796135481
0.12748283252090697
0.44558733247508114
0.4168605970558699
0.6375822595075338
0.9906094697078454
0.8552552499846543
0.20210395719445617
0.2517519567310508
0.09453208013607833
0.10639337030252675
0.10510246019004309
-0.03136276038474669
-0.11675957999663274
-0.07264345941482357
0.16436112565170138
-0.28425712833198724
-0.27437122446628825
-0.3043375838957423
-0.05336481849018138
0.024366889317408016
0.004872721733982783
0.2153104190676888
-0.07980904624380722
-0.2509413330088613
-0.06175253761122326
0.22715260731286208
0.16504680799961124
0.3068885439866228
0.36422198000307454
-0.08546515626187523
-0.18739894449024622
-0.23752006076993878
-0.2813771569558655
-0.015095915572661931
-0.05610144039859464
0.17112663279059598
0.43644711231485894
-0.01309738021398724
0.16404782523155756
-0.04036249813034329
0.05571573852680281
0.29544553049274236
-0.10960601368778153
0.0705854951215872
0.0886369935549823
-0.17175323610807214
-0.17313853616144662
-0.07060642546310453
-0.03806745014016918
-0.07622899637711796
-0.12745760269835868
-0.22806394062323793
-0.11010661027886705
0.005500025412632359
0.10264896546607372
0.06898934242313892
0.21052766530908223
0.04282823958513918
-0.01629955352467589
-0.19681301321748967
-0.6335067738975995
-0.1376767484045155
0.056053020703816105
-0.22606962967105035
0.2304719075771739
0.14245305336242825
0.2139417524023582
0.10589632556945319
0.02922576752772512
-0.15435497853220134
0.014176172554516944
0.19450214198981985
0.07874361953728871
-0.13140001098484946
0.12940763901010038
0.020566404061412732
0.03204932672977997
0.03716697533984957
-0.0822835529490581
-0.18305902280821076
0.25640408355879707
-0.31201752102097896
-0.22358203337078023
-0.49231559404485636
-0.11110933048717754
-0.17411239742091197
-0.2620676325589403
-0.2815828934873083
0.030973938754775988
0.18231617479600784
0.27058250157646674
0.2925388552613965
0.22288473970598666
0.5234768104195997
0.1332981047374036
-0.2911312877999021
-0.1256850981066784
-0.17999020008805972
-0.03754185804920474
0.01099952784782107
-0.11456487732103765
0.20917251160698241
0.07425741595537944
0.03450905363835531
-0.028342514486382975
0.041630433220161835
-0.026063546066905533
-0.05600228197996109
0.4044126909381981
-0.1625327514222338
-0.5140170403682646
0.04864678139041473
0.055963651965397355
-0.45741474581127617
-0.04015275676797051
-0.35220795131656546
-0.1230932671739034
0.22311109601343157
0.34689800876112964
0.060524241616391944
-0.21156372284351357
0.21783834111074324
-0.2705539987826149
-0.6349554663772257
-0.15094881051478626
0.1601050453198019
-0.01667312973975291
-0.0430482392897637
-0.2768673899533616
-0.14450106339634222
0.033105119202011764
0.09915616773348086
0.0012392908865729996
0.009858908117559077
0.17362214724526528
0.33358124118476107
0.1658073034857638
-0.06280061469125955
-0.2904290022150888
-0.02903757262735492
-0.24067512821474335
0.12404703077560374
-0.06692924074225612
-0.14192077592206648
-0.4541282429643307
0.2161717923245353
-0.09671834109790026
0.3919471208333546
-0.04062717088149847
-0.05323418135343252
0.04216183280214136
-0.1838531072469953
0.005680543380895808
-0.04343593808694631
0.2745701300749381
0.1418873968270021
0.20945151195040068
-0.0027085024222588574
-0.02462026660954489
0.10028867271271484
0.051389805909408885
0.025400077605867693
0.2222870433776786
-0.0011937839296276955
-0.14442105985417367
-0.3643778173056868
-0.3670299672578089
-0.3514219851448513
-0.14088195535587802
0.12239591126214416
0.13992889844878192
0.0811864206934887
-0.2500499285542569
0.1465520718111748
0.02040185928777953
0.39073418124595505
0.25005925928392736
0.3024811384903293
0.28308415941858844
0.41897703459207153
0.12874609142512972
0.08885913889223736
0.07999034471877636
-0.17177703634966818
0.11791080836182811
0.22029673244480838
-0.08202070855622057
-0.08544990679068229
0.12725960358168972
0.006906683232190342
0.29467703027954756
-0.1629460181431304
0.07316722386434593
-0.13359595549027442
-0.46069529569108986
-0.1515500271260467
-0.08098780991894712
-0.14393755831849633
0.19308732449333124
0.5233492677419359
0.11741340992148298
0.2544375680525497
0.36393224487167924
0.38464609910134817
0.16235287278778243
0.40987915177247974
0.30706358680450957
0.2557215625628178
0.08069157560165047
0.21981045529277624
0.2055829063732233
-0.026342411460281677
0.05309156055061063
0.016701475425050454
-0.03739137147595252
-0.005767639109696378
0.03966555229176262
0.18017056352531222
0.037572714606308254
0.07618146966178992
-0.21573719533946406
-0.13030650603799035
-0.05479422718959515
0.157530373638664
0.1620016734203017
0.26275376002752227
-0.2548029013772253
0.08918646249066682
0.13513427247791285
0.022059166035247036
0.28329692792309785
-0.04090653674808397
0.22721724860264553
0.18962327176681817
0.17500209451318907
0.48275982342049056
0.11021705582226124
-0.09135564775112288
0.0053268112722152285
-0.038065417749959474
-0.31012149289501045
-0.12025037526939784
-0.026395997047603884
-0.14629073824987224
0.08896723001144018
0.06715205361518403
0.0923239848004868
0.03845480180124082
-0.14551808515430026
-0.008169509475296766
-0.0651717543312429
0.2661000962741438
0.5938831436092694
0.686346997280145
0.3638391073813508
0.2405415146066176
-0.030996849107540088
0.1574204827434269
0.3782729022767644
-0.17489200586122625
-0.02096489516251193
0.2871399228891163
0.036715994584876455
-0.01686166653747788
0.30325846194659306
0.033553558390413955
-0.11580803170312949
-0.23426238946705205
-0.0007930467871741985
-0.20114447619494127
-0.08587690059162592
0.011881366396682053
-0.0950792627483146
0.09210046531777172
0.12783970508557493
0.18259053917438645
-0.005484028707566675
0.28227142123000215
0.08853415032740024
0.17864742585073984
0.21784296680787454
0.3342761183351811
0.32682274912167597
0.15392539819803544
-0.31542610869205806
0.08729185428602547
-0.013416724476575048
-0.1109415056221923
-0.09315456615884352
0.22941073667005338
-0.04257935102105844
0.16813700861573175
0.38690180813795144
0.17745856937932317
-0.20642963003364875
-0.043635002616703236
-0.13264583167287178
-0.07937262173083656
-0.10628335093829609
-0.14717309605941833
-0.01402439182767512
-0.02438766918814063
-0.2363762412816527
0.047727460395837494
0.06265140743605194
0.19009505777569505
0.13779180383631476
0.10133210996105843
-0.051145651757524446
-0.4783909312713406
0.20527097972596947
0.1300974970273369
0.19705342374704013
0.14057585486355959
0.2291399771209492
0.17302949137166967
-0.5033885665892156
-0.11150841574115673
0.19310591584563214
0.22283966491753698
0.15811011050846163
0.08440228551779719
0.06503077245240411
-0.022696465574064132
-0.07357012722495941
-0.02274210423555057
-0.2501656867440048
0.018340177995734095
-0.11137727725900554
0.0064320909237065935
-0.029327508476334883
-0.035764991020034866
-0.0442601488733499
0.08341018594524835
-0.16096093206954487
0.1125990808727642
-0.10401098202273351
0.18548949205751641
0.1815575059738135
0.44657469950847983
0.17192014330434136
-0.09512427933690304
0.15908288092932188
0.08158767863015874
-0.13640251144606722
0.015752414977018913
0.3045333851135932
0.08566308838882153
0.10036306904074757
-0.06710114554807405
-0.20073071584316682
0.0064499294754242565
-0.21975186095346774
-0.09286408477905214
-0.06212850984885209
-0.056354189209307154
-0.062419534525867904
-0.15216805119439672
0.025772918196498355
0.007754524737355144
-0.03428906366771275
0.12245910335249284
-0.1246277732504321
0.32834101825096795
-0.025380613730238456
-0.0040911715307053505
-0.001367449410454215
0.20876666642701291
0.3024971797123978
0.0975854252706834
0.3986260615793242
0.20202825966830115
-0.00409974500599139
0.09136745672442535
0.20620593944466434
-0.0899005761690985
0.03619339453047051
-0.10885016416822584
0.22288406417690454
0.04556465191426896
-0.1938243076805101
-0.13756272742096726
-0.1456004167004065
-0.22291011231289357
0.1292226818661577
-0.03466180463989165
0.03871514663961302
-0.10606273673437508
0.21517447084099306
-0.039492267561126365
0.1896542621807788
0.050995568407065844
0.1874254430643569
-0.10598066102367741
0.08296972506315982
-0.02229297333000208
0.05114752312012908
0.20791466151262164
0.2529899218951197
0.055838014433797635
-0.1153703072231986
-0.06695104968719694
0.02155134515343463
0.06266330753755735
0.28441648414205634
0.05396494559903961
-0.13490940127382872
-0.05320539465395793
0.03131433109419918
-0.049564064663657086
-0.004224704785214485
-0.03190357757331398
0.06798062838465745
0.23484436187821256
0.049431146829275865
-0.09089725969971028
0.07801064482665371
-0.005499106944787324
0.02326882432556996
0.09543981726267285
0.05435292372175663
0.10485727180199127
-0.056368030046767784
0.184502117967118
0.06602035240445701
0.1942547106909362
0.34555563052620075
0.33164868297810063
0.028158885133119524
0.07214008214206763
-0.007114355870159945
0.25603956343350087
0.1354406451165113
-0.06285458281913789
-0.05712556980510371
-0.04728037056306905
0.004573113599470081
0.09908451831650118
0.06900690112988292
0.26845361211630336
-0.14891206561075235
0.12743650456645716
0.04263815399848452
0.04216217438509061
0.11144886017170103
0.03558709865341327
-0.01304563048352068
-0.043885423833132334
-0.029355095542402912
0.08561576544878016
-0.08902116106146889
-0.084409729755674
-0.08188637643559835
0.27772801058514873
0.10274337341301965
-0.06181232468545795
0.06696768105277946
-0.017136767005892364
0.09946066782076575
0.18800080261577462
0.1282532018759621
0.14188536667521937
0.11855704943767391
0.09145391381761102
0.020774836811576554
0.11709817412313053
0.13727004682614474
-0.08459282324421076
-0.03285717373284912
0.03366394092816514
0.029187943095128805
-0.08452850269427642
0.08032903072299087
0.06125129961007201
-0.029674608145806424
0.07602227591525287
0.02049309629455913
0.03971534814804144
-0.016540143957345557
0.039331186437619514
0.08787648285128967
0.0017306164302433361
-0.06798229423904131
0.07014858130373507
0.03183829805047465
0.03949536088321947
-0.06746914883267477
-0.16345683310870293
-0.12798672443828008
0.05970235867743771
0.04759593575534278
0.11016748979560109
0.06961379484885295
0.17328941672110812
0.05064320165646357
-0.06628717007198083
0.3124016181238003
0.01675832999147663
0.1105360993148724
0.02366623359279532
-0.04315667228947622
-0.12551901485979616
0.07618897807616953
0.12815883295194147
0.007426836646808972
0.1803559552221852
0.02486066574026112
-0.07141038513254692
-0.11088864824106208
-0.04567364894608009
0.0423756955622653
-0.13463681964541943
-0.08978949101834828
-0.08498679655127728
-0.16840333737904734
-0.0851713628399934
-0.18174363788442774
0.045893404668469064
-0.1924707283565678
0.04044823403783529
0.07958900955133429
0.05901874775658397
-0.03380375606386164
0.07662831002180583
-0.044908785466764536
-0.02045325076852401
-0.06783687300165112
0.12716876637835262
-0.007861036629716035
0.07230047189697791
-0.03155640569346453
0.0986502271371401
-0.021890191719723007
0.023527105713435213
0.023719362990100627
0.12521472129381864
-0.18490896164148532
-0.2219428622200737
0.05746890702815076
0.18293339057290328
0.11186986639233866
-0.11680528756401277
-0.12867195222142375
0.3047115172344426
0.18054966369498804
0.12818676601749524
0.05162871382821513
0.04063892421425345
0.08824533787218024
0.15855814840337584
-0.1431910995962083
0.011325174477044076
-0.040947691483236334
-0.04865236082111744
0.11317056837658422
0.17992781011557718
0.023882784524435076
-0.027620055301713874
0.36446351914200487
0.3300620829045945
0.10215599194185077
0.3611038682141904
0.6721241131546818
0.15479356171455708
-0.38998832877456024
-0.1961448222114932
-0.16545482755838004
-0.07999421625289417
0.07040009357335222
-0.13291773491392916
0.10579007463476495
0.050718743098583485
0.32895577348140276
0.04998826250878683
0.12092227045251407
0.27365816552420996
0.1082228017255311
0.047999752499566714
0.29909691390303883
0.04596921143142086
0.015388367023573867
-0.12317748733742337
0.13677973528181414
0.05725913276085901
-0.07665173798760003
-0.10991823221335462
0.22780115744022944
0.07106512197188257
-0.050457470215219895
0.1483599921396681
0.0991893940196866
-0.4691945622973161
-0.6660471943728837
-0.7808668860473537
-0.49209857797875656
0.1382274335727849
0.16120656605205527
0.18489616666245884
0.13548695458708535
0.21872629745394664
-0.18597805068559442
-0.13332377516008515
-0.019536571315638417
0.11322085297699849
-0.01979221660657249
-0.09319492670577094
-0.0022871683379296994
0.0188325711519343
0.055810663509399366
0.1687655324846542
0.12055416044099863
-0.08085826798751514
0.09254656342639245
-0.2109910053134847
0.1892098303318272
0.10898728613648961
-0.061238841433601636
0.1042298425436079
0.07684517616295307
-0.03787690561094306
-0.28208214590206426
-0.24025903746046376
-0.23368257510963802
-0.26181317156546385
0.017398938247792636
0.337119191203159
0.19503942451698697
-0.17190177097356074
0.10056554871662979
-0.23157445871930696
0.14234102911528854
0.1770697813258534
0.1489426893333166
0.09124134507172289
-0.0647582399317374
0.16850006878753399
-0.02699597683964275
0.16096373474812972
-0.02606468725841143
-0.0506128088390642
-0.4902837943988711
-0.3445904550390335
-0.3031628204453106
-0.2411882765010673
-0.34964345602040703
-0.13952477301701194
0.2896135954331306
0.2295981886335437
-0.18583625710146084
-0.2980171495272345
-0.5897983626951804
-0.2707348415469033
-0.037317275552518916
-0.03221928022127933
0.15941843622691662
0.35698373339237166
0.11309949303010798
0.20262185374193417
-0.05746906519666946
0.08584044743113962
0.12943645922228628
0.29213997778467166
0.10736251287567863
-0.14780828820641173
-0.008008345743962402
-0.10675816413283892
-0.07517872113438452
-0.2500973181726169
-0.21496994642661144
-0.03576359512119885
-0.47560636635190445
-0.11155447052907792
-0.22166412597859528
-0.19901609722118022
0.03676751815171627
0.25239432765220093
0.1923456872804461
-0.4412615746737587
-0.1378483400548548
0.10382438905266142
0.42963894148076076
0.11429978097821483
0.4460017421346163
0.6310219116263704
0.12272037846915869
-0.17570273586388338
-0.07503505361506452
0.29943122669397143
0.21715394667106208
0.01684447141277314
-0.0032343373207436065
0.01646051787287006
-0.1426692048990906
0.11720164905694525
0.07759696264020405
-0.007515392478555956
0.016797440236719263
0.06981703963893447
0.007149733025043538
0.3290837742038349
-0.07380178888640464
0.10528155546819486
0.18544228391140352
0.5945083201036794
0.025420202186881465
-0.08019692782728328
-0.037890070295701093
0.4902919114785661
0.19180605356292987
0.4510594436094242
-0.2512534023715611
-0.003488218155496361
0.05181785856964929
0.036877548714769746
-0.032709827979720975
0.21891051617322663
0.005934794311117095
-0.019283098310155438
-0.0008282767898807498
-0.1333673493025079
-0.1439224488091065
0.10011140874036654
0.048215841322559724
0.03747516580678971
0.09611859563666957
0.028429381284994202
0.5478810293718085
0.7302450301954105
0.08223106650116865
0.5838231051824733
0.23151960707838967
-0.7725762383677258
-2.0039684962052386
-0.6989846662016201
0.36652834179639726
0.6251552066779612
0.9003612903034973
0.6653420225041092
0.3153942677376144
-0.025395467775662182
0.08904813852072407
0.04686298499346489
-0.08335460814862596
-0.1390167166690047
-0.3143197248949775
-0.22013422177598607
-0.2215902768610573
-0.06022137533509615
-0.12822901813893753
-0.017429010274056262
0.039959943580565094
0.06874588096572061
0.022293942909753915
0.3075430080540998
0.048980630375209076
0.03506067519691148
-0.4513111276878472
-0.5864905289533416
-1.17575744849557
-2.332223384635975
-1.5254746835650403
0.038779919363179115
0.465955662546253
0.022207775287225603
0.03398472167199214
0.23358193168558322
0.0520614533519476
0.4130086969266768
0.3847118640771422
0.0006530263699344433
-0.03843799776052111
-0.42635635618538165
-0.5780060342615391
-0.2394226587355424
-0.32229655971619275
0.06449685034736742
-0.17549073608284924
0.1007998971820949
0.1780383793655463
0.10690295820224574
0.2562882682294618
0.009337232261408432
-0.562725149492817
-0.5051002884185835
-1.1090990486147811
-1.177563882230076
-1.206988248943749
-0.6696266342755312
0.9788407959583655
0.602766701118582
0.018946466018595974
-0.010685246116959592
-0.3277481812499432
-0.05940355640284859
-0.18531446245894068
0.422619857238652
0.15971836445562612
0.08360041679805667
-0.10167831303914301
-0.6949427560822505
-0.5803410054865489
-0.5024469153258816
-0.19333392040534225
-0.10803652096078764
0.03826255313129021
0.10980055781457619
-0.08929152355599926
-0.05297372775415946
-0.05612772086328306
-0.38218237591221904
-0.7937971381974803
-0.8501861638438637
-0.7200864247968328
-0.39791360778966745
0.09976214818241846
0.6549774710050813
0.38108955552233076
0.25399323874356006
0.2526533576998145
0.3353982664129937
0.23779871186281332
-0.02205900454164066
-0.0494871535617374
0.25245151814782774
0.2215681712188047
-0.05375676833246749
-0.3483432845024294
-0.2825846714785412
-0.04637720408918768
-0.2689764794998057
-0.25430603885868686
0.02122128551993641
0.09305972271917541
-0.0891308033553894
-0.017741196090758464
-0.1556698416685229
-0.2706581226468165
-0.018186670150527093
-0.5567314632439649
-0.441577152075838
-0.07942026152380968
-0.44176607267572404
-0.4096492769242793
-0.1386719735438241
0.24826356013605602
0.19024940440955937
0.23729986557598817
-0.09737038267569767
-0.2714031337324288
-0.10166350284247945
-0.3081998468874017
-0.08911527454989655
0.08108694282359583
-0.06996841978904556
-0.27285924667420414
-0.13528378228955437
0.02642340747387381
-0.069126258265884
-0.08238697064097099
0.0031553988032267458
-0.022516899922212983
-0.011454220035755617
0.027699676307564695
-0.18056223723017983
0.07764917544373097
0.11545165525659465
-0.4003125597854612
-0.5077386716766356
-0.15432792405393111
-0.4544348831472743
-0.3626641633445399
-0.12830085299984828
-0.3149909061321621
-0.003816763929743881
0.14227318416895682
-0.11842767050199564
0.012325438402819265
0.1503751557213419
-0.11582150892535993
0.23121418395569282
-0.21244878904315814
-0.203390839519607
-0.26730585186075523
-0.16489433529412634
-0.12921796540254368
-0.1290696204630237
-0.19503892986810678
0.002040152596207928
-0.1564861358369502
-0.2011926043923354
-0.17597180925203948
-0.26104610383056664
0.08108393518927819
0.19198943063168974
-0.32712101602609306
-0.2845149142724159
-0.09977457656735376
-0.3984470780310077
-0.6263035458936987
-0.329805397442935
0.02493928019046868
-0.11119889927644297
-0.15470705234386997
-0.009761056968729965
-0.09641363975932203
0.36950487922001923
0.3011383569835834
0.05965396558055078
0.49687725381818015
-0.03455850851286029
0.2315251624037735
0.2522837346827221
-0.04025087339474671
-0.16511488971791347
-0.21525105143995074
-0.013986070544933926
0.09452267054889267
-0.24601787342573414
-0.19442094855592
0.00517995809336236
0.3629678367530222
0.41675489462366094
0.47940249581828925
0.15858936799585469
0.05715155292182555
0.2368937282961451
-0.3834429830142485
-0.39819154921051897
-0.3514576334116888
0.3244381993721402
0.21744083252551577
0.10533231006399894
0.05514408204780935
-0.0060901824433741755
0.03584390737489108
-0.16221064159627124
0.3288104831610241
0.15495108643456187
0.5342272431121913
0.2472262809219219
-0.010111953577831135
-0.3070514707610902
-0.05641222659311976
0.010601270963425329
-0.24025274834923832
-0.16413528362148136
-0.12526442069888608
-0.0795771051666374
0.28949353763260355
0.1139093810516485
0.03743677037698344
-0.05448653597672904
0.08292944665870611
0.23895627185112753
-0.16149295520483092
-0.09402691977019159
-0.29337844942268293
0.3605169227536348
0.029148551279474556
0.03789740025749739
0.041837246985104735
-0.21454823456324534
0.19233600537108494
0.2810412403167766
0.03793304342380409
0.21122101230204235
0.14469316889972925
0.1186424965488995
-0.36126823897151755
-0.3369887440644295
-0.21927359608844613
0.05056827377903571
0.0646498114621659
0.01578044213530489
-0.3171641001940707
-0.3772493313686181
-0.09593361839121779
0.24068392147096493
-0.37702393185257016
-0.1730875310928097
-0.014454899496865695
-0.32366463909193055
-0.3303297426470298
-0.25202714835796547
-0.048074539152093324
-0.24395761754167047
-0.2929590160638333
0.11843205161540478
0.0006661055851294435
-0.0052373792011908985
0.18566222834913929
0.1103801710656519
-0.14394321592237694
0.05875836585823833
-0.06379412820135291
0.1294198900632559
-0.09171658603873069
-0.21235003919210202
-0.15848263851667482
-0.009926626175065114
0.1551027420419213
-0.07258537950449812
-0.24250146902077832
-0.030543230929014058
-0.17923025706765752
-0.38703886067053345
-0.1500425662588714
0.10377359542873406
0.43439662030471116
-0.19682744652283002
-0.218822529935585
-0.15003381490761103
0.20796490634496734
0.09780342390640462
0.012917186584472405
0.5066866140252103
0.606919816132305
-0.0804356828526302
-0.12191636136869557
0.10451669672149638
-0.2917736482598247
-0.044100429976910265
-0.141323184329955
0.2855515660054961
-0.08305782661571251
-0.07143508503832677
-0.08381735380691438
0.19470047275954605
0.039445302247352404
0.062132723925886944
-0.18369400464097752
-0.051781001857612176
-0.06934746301334231
-0.3716092514894152
-0.21943542004399316
0.1359058159082223
0.05818964764250046
-0.09194219969958227
-0.052449502434883166
-0.1853475015384367
0.05051481079456703
0.3492015566662112
-0.11684709330650331
0.16734140108055376
0.23143294329010144
-0.11694868613588746
0.34571225540532924
-0.12348424728453884
-0.2980706386334753
-0.22335641135534526
0.07973307384902548
0.07282205910716169
-0.30210181052333
-0.15348040503042384
-0.1937292415388338
0.0008199904023613832
-0.19649854699030733
0.052857259599723753
0.1697921077746203
-0.0038664468434688294
-0.08046361256928992
-0.1619968544850597
0.024150266310795393
-0.1695385278158629
-0.0815796711790222
-0.14840360529691865
-0.07492863558138048
-0.056146673343057917
0.0020085507607547734
0.015564458089707993
-0.28848410643537
-0.13972354535920173
0.3121073885044362
0.09084316421557376
0.04363639227129728
-0.15498771699022793
-0.04812259811161332
-0.320933971160159
-0.051121501612667763
0.09982984008854669
-0.16378620156035384
0.057348349082033984
0.17699216217687957
-0.14579722550338847
-0.06510471461193013
0.08981969481651524
0.08003554394029722
-0.01181393667509927
-0.4331713765063571
-0.2963079469308693
-0.024175602902041012
-0.1609467426368218
-0.1076303270609272
0.14632753860882206
0.10796955947580415
0.3624691868167128
0.012256189100775007
0.17206477194880407
0.128393486019034
0.05372475076936966
0.2587329271529256
0.021998106492340356
0.0082798381155003
-0.1040113918693426
0.21338222388363212
-0.13791183868024304
-0.024860870963171012
0.055385765036693374
-0.0874470375067686
0.07578374264184591
0.07838390050101858
0.02034144225593598
-0.07179405233841689
0.06995295296549962
0.2817665666580935
0.15982294708640607
-0.3184740050788043
-0.20181362627436264
0.20400903220341232
0.4246704064363376
0.1906940159962717
0.20004701583924883
0.045071546459238
-0.3782983429902576
-0.2244155068224377
-0.10797512853304847
-0.07529109354141213
0.07755775813920723
0.17471702429227814
0.028695696431300252
-0.05638680759489449
-0.1768801558338168
0.32940269525857885
-0.19661293982553216
-0.05871873695757105
-0.09693580531055317
0.06275126901509727
0.011156601231485605
0.058145924881043955
-0.12398176997551989
0.040068261527055365
0.11665565018105231
0.08445327140090572
0.2064618028076656
0.2088786043742161
0.08095326424361102
0.12691652840039336
0.05912416416320663
-0.05889069560885747
0.1103148555147949
0.06324261907427654
-0.08448893825472163
-0.2671571181264816
-0.3060120949420712
0.05943748566963469
0.07196690181825117
0.0459923607306711
0.3844517756888483
0.1720787041892733
0.02011782025524368
-0.05122249828015086
-0.052534282203603795
-0.10477044866610781
0.10100188361524597
0.039616875933987966
0.13561846810246
-0.06086578677298147
0.009000504428866437
0.00591640389108758
0.11456601612606886
0.09642981461463161
-0.05717547476362302
0.20461743811872898
0.19947023332529626
0.3307065390438549
0.4012339956448958
0.27396040824185225
0.37655993570750496
0.2476090234092518
0.08228729400730499
0.16922389672130608
0.05401508245775692
0.3001741561345996
0.30575449295425794
0.10433899546195596
0.24781120927632957
0.21711031152574706
0.04108892126652854
0.20953624725326628
0.03795145272229219
0.08039673443518289
0.05810072390537862
-0.04911104941163896
-0.07807640043917669
-0.10845316982186629
0.03884955767538888
0.012398380921335099
-0.0572640627283742
0.07143213256244954
0.06267914884031288
0.08335059469455079
0.20064986535804474
0.25785753725531585
0.5274355721998699
0.48033012841526623
0.48362066882142296
0.44957704182019453
0.2309350255150144
0.05931441299274956
-0.081248414426063
-0.1687261452924577
0.08977018765620066
0.12272843468572205
-0.05399661037293281
0.27490461448988424
0.10913821447084716
-0.020718008342216192
-0.0424205960288672
0.27267351611035573
-0.013350700143381508
-0.12507166389584307
-0.04399822801134132
-0.10100361877645614
0.16626258468640487
0.029108722198073922
0.1505969268785533
0.01127131091652909
-0.11239760873743991
-0.10235343842370712
0.0985649987692937
0.27349216350155675
0.4183316583050544
0.38410771781188
0.6395898619314133
0.28594164639721276
0.3618595534938652
0.187810566301026
0.12588087035703627
0.16722740150803783
0.008079094561550157
-0.3424457917798243
-0.1364358424634342
0.11404794349445792
0.0902797718481076
0.034208653359763926
-0.018344756046820235
-0.05598657420099988
0.13600600408815436
0.25439486446247533
-0.0533818122155534
0.13094107022407395
-0.11732631121049349
-0.028275932171958167
0.007939417584879089
0.050403004700530225
0.059894394112376736
-0.12007269391356573
0.0036859826057547935
-0.09726869297097038
-0.08519088034707022
-0.08072727131192317
0.09629396773435776
-0.03830773955490791
-0.07492403363895263
0.11391197860515485
0.028798699706003905
-0.07119916208135364
-0.08164203805493797
-0.12989807140988277
-0.029399573770824798
0.0009271454782537453
-0.03360744009495015
0.06957562710907421
0.014299236201561127
0.25748561837770345
0.0905519733594924
0.1493750801779889
-0.10751656046156167
-0.07776923462239937
-0.051672130035027526
0.15414613763625087
-0.038301708467820494
-0.01413683900120304
0.07628927685605223
-0.02523904408112286
-0.0017108641527545886
-0.13987537730423977
0.006494341268199137
-0.26792505997519245
-0.038282106828451894
0.053292513335414085
0.2206321436091924
-0.23560918343563236
-0.19851704268837914
0.134245034582869
0.0008754259536317087
0.043249269238262465
-0.16083082162463216
-0.08361096588855726
0.06261146542293415
0.0020155721111858255
0.1144687247799694
-0.10483235414257862
0.30108691535076304
0.14707593595880677
-0.08828538201650643
0.09796637507877902
-0.20695386119717152
0.09872764311049277
0.07594188023957507
-0.13416786288433535
-0.11449333542109809
-0.15009915963070203
0.2786676302070981
0.10185481536368275
0.007523512797456221
-0.052718819583866226
0.021019766954742947
0.023144509753893188
0.15306443377182832
0.11976135089964618
-0.10667753710194353
0.042323095191056356
-0.05878041164845712
-0.008571222821387699
-0.040729085361052395
0.021840273634698208
-0.02616650375488698
-0.03266222569793401
-0.21104498831790594
0.0309503926489019
-0.032942500820626566
-0.16574111748108608
0.02733405064120858
-0.13526584881317766
-0.04692431264171204
-0.0028022053774264723
0.08306703098506607
0.11795627039083091
0.20211355063082276
-0.00010663273920379536
-0.060592128117278064
-0.136393562833324
0.33385567070777566
-0.04639756346689196
-0.31986926374919944
-0.19365085854273256
-0.09528720644111907
0.1852254493959781
-0.2015453969993599
-0.1091651497585234
-0.23053896509358413
-0.1284619204290977
-0.17975642999973476
0.045412372614581586
0.27721211126236595
0.11242597757372892
-0.024657899465008397
-0.35760579225095007
-0.08751022969746267
0.07235162353648474
0.041187192676326354
-0.1620135066564746
0.3560434020717506
0.057522447119254715
0.05316866943502259
-0.22200546802691706
-0.08350492530683913
-0.3398723738315865
-0.2974009553096529
-0.10911818179370728
-0.09880637441822375
-0.16921623182743445
-0.0361584542923409
0.1003152216042689
-0.212577299059582
-0.34159223318134285
-0.33300535602056264
-0.41181761600451716
-0.6177855073163007
-0.3293299103869258
0.19758797620203652
0.29979090571164474
0.42418337313773463
0.05646006009733617
-0.09206035665105584
-0.10686119634512511
-0.012046409088766509
0.02804339378549048
0.12822086266726854
0.005413450798128718
-0.2320780820581021
0.02069233425262474
0.006858511863981495
0.018932922111615236
-0.045454672850259455
-0.4914816840670707
-0.4025581448558045
-0.18017753504688813
-0.10453469721949897
0.11051264783614373
-0.0552893470519726
-0.1329448391585763
-0.03822178764537894
-0.337693677600109
-0.29001747369385067
-0.6032750277954687
-0.1822453382468234
-0.15648659735867454
0.045114512988248055
0.11352648893492655
0.324655560453254
0.19558223497349536
-0.09429601297112108
-0.049467205612860554
-0.06869343020272912
-0.172099634075207
-0.0664414540484121
-0.28957845321610154
-0.13004114032227887
0.04950841603701367
-0.12061444113578586
0.041679998591284316
-0.4548339917787265
-0.32284776624501504
-0.3869115635016611
-0.30185576657014696
0.05249646849912932
0.04288527953892103
0.057343897364719267
-0.4266932357772183
0.13843964663043176
-0.3423153440407635
-0.011687533540196141
0.2579404048176788
-0.18267020853269675
-0.15717565117773147
0.32438044922470416
-0.07192685730746008
0.040391808124256696
0.013788838687995785
-0.1053805497159061
0.022894515299497622
-0.15140466975411254
0.10626113314003742
-0.1504666739122828
-0.003336442645569963
0.20579447143149485
0.02338525442366567
-0.2514224942094034
-0.08023574034161786
-0.6693273387041169
0.0684620708411008
0.036873961204080166
0.21060065664093502
0.05240727515990466
-0.05505394279747763
-0.4196211809075786
-0.46250008821218697
-0.19388911545264034
0.043108118439854404
-0.2630114317898142
0.009104089700588996
-0.08725726512931185
-0.46065429790510676
-0.4534022162630391
-0.43676379840570406
-0.13936107478784387
-0.10212177453582855
-0.3157527300754847
-0.18403767591391587
-0.24470472053994877
-0.05308868136180581
-0.1987012201667746
0.14748457968860976
-0.106291286762961
-0.055323834436995886
0.21309624278732284
-0.12191982462335707
-0.1530807919794265
0.31199769827557294
-0.5514267726377121
-0.031553145878159904
-0.5304801281919429
0.19571513066587
0.02467162896738936
-0.7223644970853609
-0.06950590568216286
0.006476403423442732
0.17791106560354902
0.09968867600359954
0.1599620936484506
0.08987296552564415
0.10595534633150433
-0.4553299119669655
0.027333894441882146
-0.09886188488582234
0.06853859259440843
-0.10803284786634865
0.06366194054451581
-0.18274782172002704
0.12165254701058373
-0.08897404924370322
-0.01210922961418153
-0.0251414250444806
-0.020819332328171635
0.04786978003197321
-0.04507772212321529
-0.25066466060966336
0.04504814804316168
0.38512408875622595
0.482910869092986
0.4845782053369151
0.2994249831728885
-0.5876192494847391
-0.6931614183011294
-0.5384335236349312
0.051305672475507214
0.38899977928127344
0.17145711928180066
0.1687764294408697
0.571414901735134
0.22194076331401177
0.6057862425999355
0.25874917454157104
0.1987588362457223
0.025917360484067974
-0.06356291511001068
0.09656629034805796
-0.09405762802023691
-0.16942875193738444
-0.03820223741030955
-0.09715120977183717
-0.07728113946969992
0.22998176483109303
-0.21491677588781724
-0.23604708671747449
0.022017299679971104
0.5134793219575525
-0.0958888440817129
0.1728298135179057
0.08837673303184831
0.17459949288049287
-0.9336804416834358
-1.1468990835358277
-0.4913422933526664
-0.126196500725558
0.1769177678774452
0.7111146519766174
0.6917122766204683
0.6183616544825515
0.47997782063693706
0.4630532613171953
0.7001235641945006
0.13579484538393188
0.024639903304998816
0.2611687925966485
-0.07329298922199931
-0.17200312157108624
0.023821189362998763
-0.012660386051038607
0.09392119400355935
0.35552743173856904
0.2119868983216984
-0.21077578484565737
-0.12300040578046412
0.06759509922017536
-0.04621028082245829
-0.016838554540851695
0.3063657497749254
0.5452545904711613
-0.18701377539092656
-1.086041519340874
-1.650783836298344
-0.14482880663840245
0.17153006001637838
0.09546804541589388
-0.006788322469803225
0.5255075284880584
0.4289896931411057
0.4070410130930932
0.17121316946846016
0.3677730045144397
-0.0610726693206726
-0.16574656238495605
-0.13038904021695225
-0.38414481831735664
0.20471900039950067
0.08721553523344053
0.013647239576626419
0.29737387165036777
0.1901134420620756
-0.28698814795755345
-0.1685319405851175
0.264967302213092
0.04823324845733802
0.8399647879714845
0.08996503543258288
0.3827078221546142
0.025440594367164133
-0.3932821323033074
-1.6809600839109775
-1.7370436046884277
-1.0837128013203676
-0.5847550210315597
-0.3183294543452024
0.24416910922472873
-0.0030636779584850508
-0.01582036902559133
0.08636527596219368
-0.07517658505513265
-0.2656168141662429
-0.12371216957346953
-0.042726686030004186
-0.246758281966443
0.02476864486306305
-0.04943053860933899
0.11206033552905895
-0.282133686955869
0.35832239539137956
0.11299288815092551
0.2618217479439365
0.24791044739709056
0.18071146004660385
0.08652458241017108
0.7035932704113164
0.5393068611045385
0.6102540886487713
0.04407738964833423
-1.0742516510089304
-1.2945842005171475
-1.2989607698859946
-1.0746386008523936
-0.6524410111125104
0.05457876093465341
-0.33853303734194895
-0.263251928649829
-0.06731624701295955
-0.2948302496768087
-0.21892245129301852
-0.2836870253157814
-0.06648572496896996
-0.3461300486281072
-0.10230862543799062
0.10813157059222081
0.2223643492707373
0.18778766005426814
0.15533773030217388
0.09464677432642336
-0.31210457663634944
0.4027330213172228
-0.13096184299192526
0.268016072159671
0.4266728266083061
0.5585856750596544
0.5883326089350472
-0.024350372805445324
-0.3032066538274821
-0.6646524629594279
-0.971199951371061
-1.4851894248143753
-0.8409909922530937
-0.8356806237588243
-0.529739405541515
-0.24787555864466523
-0.6385275103881285
-0.4849941828572915
-0.2090302620936931
-0.30073240799166495
-0.14110516281788624
-0.40175418648692957
-0.13845002731659722
-0.04163364860004552
-0.06819538821296627
0.18724222744678917
-0.03931150655150488
0.22490713491473377
0.2852236264616751
0.43619653049919427
-0.14500607474866747
0.3356078587845332
0.2680707712818319
0.5306000181296427
0.5541227345876066
0.2522840811547859
-0.5493497337081102
-0.7030946178555852
-1.072808363184943
-1.3585481884447816
-1.2901770815233424
-1.3466580626285656
-0.8605555789641813
-0.37341758797085306
-0.3651349285292915
-0.3830626045632073
-0.1773858648099803
-0.3063937154633714
-0.20109808258286532
-0.22849529193198395
0.12382931794957246
-0.02571288915660329
0.14913433917550814
-0.08396336506454254
0.16425402877017392
-0.12253398590055777
-0.0354048651491904
-0.026872873295773293
-0.09508852079302264
0.2661812245737403
0.5033631982778245
0.603475896843574
0.7978672355247902
0.683331215190127
-0.14017640089534542
-0.3775910816598351
-0.5718356531922124
-0.8549567225939931
-1.3630798679754512
-1.144561743691026
-1.0203077593649257
-0.39690344616064643
-0.459287515461491
0.007584035485232892
-0.11589517014130374
-0.2692650991045153
-0.19358741262381504
-0.23888656022727892
-0.05380494136047761
-0.10862206933568382
-0.03767984410239485
0.28043167615199943
0.4373812626558699
-0.11438330961315961
-0.017172472555155235
0.2301872752826743
0.0616486110465272
0.03374734278262353
0.27182855588679494
0.05783402189509569
0.49429740919811566
0.9044824594296533
0.055633615177449865
-0.2584052150350385
-0.21830494195236486
-0.3616692493352291
-0.7858375583427278
-0.8340032847739891
-0.7192025269781541
-0.3491898351755784
-0.20347749154458028
-0.14855588032100708
-0.3771546435351891
-0.2003615268611896
-0.21684694564246537
-0.260527499724878
0.017910555090576825
-0.11142134335269042
0.13875281731050138
0.31080688568671366
0.0209435320639427
0.28528231306462065
0.2546864847290647
-0.026234931759314715
0.2366211533680573
0.2179031268454297
0.16650346554106338
0.5078997807982626
0.4981624090056755
0.5198705235796562
0.1346883379257482
0.18275495350815552
-0.20090144428946916
-0.42091579851609234
-0.7389214053371896
-0.7625924123070492
-0.48925810881129495
-0.3662196012962808
-0.2518975143673487
-0.08126194931624092
-0.2643208299783365
-0.4373062434908621
-0.38483665329296884
-0.05665339097093175
0.15221587240258896
0.19732970610582037
0.07879011912440655
0.06039523733641056
-0.04562587149287853
-0.08580314806219246
0.3703883114185138
-0.11386083526466066
0.06784730292064399
0.05868076896083886
-0.04773767992157503
0.3177060122295845
0.3925174494861163
0.35474085116413445
0.5149921837024819
0.46206363314263904
0.05490799652590086
-0.09984094297162757
-0.29592567322812496
-0.8035896205194172
-0.9271555292704181
-0.5857245073205766
-0.6072242348669447
-0.3890950637545854
-0.27763215173101974
-0.2900879789043892
-0.3411456635249958
-0.19150776113606985
0.1803594086629732
-0.0630570773008072
0.1582941352012786
-0.14588538834361878
-0.003323061088934306
0.1804823998928291
-0.051586484822792954
-0.23928544625793374
0.3478869531125525
0.2676930750232691
0.2871496869878044
0.4028032213265385
0.277041329172783
0.5200109121064926
0.4944779134647086
0.5671996787071388
0.529219043550914
-0.26562518847412087
-0.5582779971342845
-0.48464244485913965
-0.6811525939976516
-0.36432185221668345
-0.4576182470848234
-0.4287053942580934
-0.528157608692023
-0.3136713463859008
-0.43663714479916255
-0.11542749735015762
0.04835254030910261
-0.11881170734857309
0.08387426813340061
-0.06568522232775462
0.10489613169421523
0.2632432211445649
0.1383741228614738
-0.09381363992327237
0.13188475604185831
0.1990162015964073
0.12412142363344383
-0.061253286944139784
0.0012472162898278763
0.12798854774819696
0.28527426152240265
0.3366919004556481
0.26429421631609246
0.0004621131819110239
-0.0012202147219936685
-0.40171554546109367
-0.4401324047315795
-0.6307758671911223
-0.6223529787765217
-0.7965523533959904
-0.43505452335638845
-0.19705382215874498
-0.25275123674698596
-0.09673641480895045
-0.0011582568181433225
-0.04408155683082719
0.05781656792340787
0.3572112439883927
0.1143134100605793
0.17956558158636549
0.15773998490550784
0.1065884469530825
-0.268839028529832
0.4320369634261329
0.1469035718060417
0.04788123649144852
0.001636095175852241
0.37713156104562273
0.4738937264418149
0.20133755963706673
-0.008879995978971872
-0.011132972764708902
-0.23957229371688532
-0.5906564960111115
-0.7073588740807372
-0.6670789949679049
-0.5683857323636747
-0.37936018620324036
-0.2281062159439679
-0.10682394836882135
-0.12897664756685281
0.09147498054756822
0.10749863640775381
-0.15389084507041875
-0.017655801879423907
0.27421306448233335
0.10216651839302149
-0.17372561414361373
-0.00816909246335212
0.06179130562145939
0.05550771756541605
0.16173064882365942
0.1387654652448968
0.08787608894625261
-0.20444072808378375
0.3150338141377202
0.3819119818049985
0.38775505222654405
0.08483791583618797
-0.174242744844259
-0.4237101354938803
-0.37664474203834103
-0.39204972128286114
-0.5357280546190989
-0.5694728113597716
-0.14441255933639852
-0.2809407504512096
0.011477820758599985
-0.07779681894417094
0.016044207027847146
-0.12267513659296476
-0.005289897572235823
-0.1245748118157939
-0.10766270659413811
0.31607199129354546
-0.16974703625866844
0.04462205716221055
0.1718927271311083
0.24706152582860527
-0.06522006265460692
0.06354165227481516
-0.14465372506644522
0.28086106269799566
0.41309447856764536
0.5412183181831032
0.2476252002833604
0.3909057380046858
-0.15936378724036532
-0.19492937444124295
-0.3374548904392447
-0.2695216045291456
-0.15526464243197327
-0.14127014185140668
-0.15282588161729055
-0.01224901223456497
0.03400245927400605
0.054815129092254
0.11032493359877016
-0.10372597365221625
-0.06284783952708338
0.06072351112732535
0.0786890027595787
-0.02824820532182213
0.2121389637483228
-0.013182472215818627
0.33421224523041987
0.37697801942553877
0.04915665229311777
0.08185600514505004
0.12088117580117932
-0.2347033467637615
0.46937037358999567
0.30487091699840485
0.43183426542379705
0.18485440927194727
0.36735149945158796
0.2437149842922559
0.2573523767092053
-0.32651945161653
-0.1814565756444857
-0.1175877292907359
-0.18787621684274391
-0.04110732349585746
0.10128790610788786
0.06562006322098521
-0.08885128334855001
-0.06548179323345439
0.07838017873660799
0.04875749288884796
0.03247292110007025
0.05422598383098377
0.055594796918731024
0.048988204271573896
-0.14773852664914083
0.008297565664624907
0.4065851970016079
0.33268010107888857
0.1883028215122943
0.19065430241877063
0.5099551201744141
0.293886635629615
0.41331188695759574
0.4005652691308135
0.2839692920820606
0.22056643204398174
0.1708553142958499
-0.007048595649022234
-0.07569189273878713
-0.04614071221829225
-0.10612241269088674
0.06650971103975892
0.1432951255320254
-0.13795266436589712
-0.13168552853811197
0.04093751028057815
0.08193169866246058
-0.06423729469759798
0.05959022721745911
0.09037763174480654
-0.07487150977860395
-0.331999333158697
0.11563655992231751
-0.1294680177699935
0.16061578654358097
-0.0294765930172025
-0.1074330968455408
0.10336428766451547
0.17838998295869635
0.19908194665742834
0.5149884047846247
0.15277986712708225
0.2721523275479863
-0.07031173272041505
0.19390469766037988
-0.015876712001712635
-0.043078674487599444
0.029455535438709757
-0.038529331603187125
-0.1044374620004879
0.06491916298079482
0.07593063418717252
-0.05123779819045665
-0.05050339892100785
-0.11116365865644498
0.007270851459381832
0.1256042817211166
-0.03533851745537103
0.04869530438773085
-0.07398661482759533
-0.07286197524835075
0.08080778026785802
0.20078060267105327
0.29396288165724693
-0.025763472199876084
0.04720006721025984
0.11040381721249064
0.022427162550897467
0.28279156209112744
-0.1270880414593469
-0.1734535134322762
0.015541794808519442
0.05605524333286743
0.056706287069800326
0.21388018714598808
0.379960894723958
0.0029413021180321746
0.2756422210164305
-0.24477910775687692
0.18795908571904058
0.056500351769912846
0.035337267353731536
-0.04460662910927924
-0.2163785594768655
0.1420774842305135
-0.2709287389343413
-0.279297470763718
0.09775210489601044
0.12402762724121577
-0.2869446364826425
-0.09179485275574069
-0.09671447374500293
-0.060197208773285875
0.13865020969870662
-0.014604851395252747
0.16817100235973284
-0.03618972427533076
-0.0010086536545106087
-0.30926828400949846
0.11553230157243292
-0.15820911299753979
-0.20215603102306504
0.16070287755898036
0.17713083840419214
-0.008028921727296186
0.09039687958247336
0.16651879164198782
-0.01975943107938978
-0.09237531271923562
-0.06102119703268413
0.007725922596721267
0.17137121427665142
-0.23050098052894522
0.021252740828132534
-0.05035157747393871
-0.11482972544765792
0.2364987577695882
0.1448477376193141
-0.3718843902540262
-0.24221613567194605
-0.44195257150631645
-0.372737679719664
-0.2314407961004455
-0.3536644637342546
-0.07884905965985119
-0.1543473429457132
-0.43340411345711183
-0.3080357688281032
-0.20504739147927975
-0.5397591148613518
-0.17553428551913555
0.03464731642795092
-0.2234351550000261
-0.17536672938808312
0.09303203480841273
-0.04425583310829006
0.010615836486385527
0.24098643987344692
0.09500603071505134
-0.04402194321768314
0.5589393029966307
-0.018089768036564223
-0.17240503402829294
0.10398516874710197
-0.16085384025244814
0.140768480579478
0.18730040681916654
-0.35370602029491394
-0.36732825808854924
-0.49906409443428806
0.06396489588499944
-0.2778285406817306
0.03036307844357937
0.079238749483463
0.24300052921260518
-0.13814290825455688
-0.15774222060726784
-0.3911973373046088
-0.609526778244767
-0.31823855136202067
-0.045507578379536034
-0.23573067531433592
-0.07387753963910342
-0.16323744658618272
0.2784563149552436
-0.038399555362320516
-0.19140263567667506
-0.016660670251648187
-0.056911420679291044
-0.03151326800773788
-0.20448676965431795
-0.15508927139928205
0.027672034103569325
0.24541003482795512
0.24666063914856587
0.529030828275584
-0.049805461473743165
-0.5046637318808619
-1.1148089264779095
-0.8171073753147258
-0.1970055395700251
0.3657923863465278
0.1011818253106115
0.3134867593484802
-0.11259813102539325
-0.0966589543397937
-0.2727976729002989
-0.36624013512307607
-0.41777210379797286
0.07230334908284114
-0.013173855294048813
0.023328192507058112
-0.048998893467699485
0.03608906261553157
-0.2704839040107414
-0.07261647186738121
-0.06671049493372966
0.002537904203678754
-0.19925733680171387
0.2654910496995337
-0.36905547729485244
-0.9276969889275286
0.27511997819505435
0.6513306064294687
0.6255902156866481
-1.2588400335391952
-2.694085777554731
-1.5899545504500059
0.28232499563904967
0.6613122481724403
0.9700937930409141
0.31738500321068175
0.022168489362010647
-0.5408439562867966
-0.8589005861699998
-0.7185431377681519
-0.3505868132387156
0.20131672799905195
0.2414371873698457
0.311262258014078
0.1565210398331701
-0.060099587913749135
0.08672395412164595
0.20643544442762718
-0.31295085651633164
-0.23616537711435226
-0.3029599174843327
-0.27835852841692416
-1.302416133108044
-0.5790358666592039
0.4956200844349258
0.8367838860549123
0.3866014926776606
-1.2175267793765527
-2.773849867029368
-1.1969074659839993
0.8952708082969341
0.3885175734749553
0.7377451857534681
0.0546211178155439
-0.43230003396523914
-0.4954929391110497
-0.8806448838516272
-0.42280337131002865
-0.36690116524763
-0.0076651249792495145
0.2664711305531587
0.1237884135433237
0.2129193499245563
-0.21430123938408838
-0.11375079769912298
-0.07349199836954876
-0.3374543691529702
-0.19804966897191426
-0.08842757013525407
-0.311275165253396
-1.215708634012949
-0.94385325096794
0.3088669585097922
1.5085649281651898
0.2336427201397059
-0.4141475675639977
-2.8605209433950143
0.3710474211764863
1.1545173109521154
0.5791184977987016
0.17341039015137047
0.006103895760842773
-0.8909643350267263
-0.3341515376369823
-0.5560498793988766
-0.21439102358544637
0.10391578138986164
0.01727422666621232
0.3322867672009779
0.32806413859325695
-0.004663701940390708
-0.15326981484421623
-0.3835136621150879
0.025687611803916172
-0.015078716748729161
-0.06989786058952503
-0.19231382137042208
-0.2323458021556917
-0.6203655335327682
-1.076839414223474
0.08903793101612585
0.6603112658825869
-0.11130270685455722
-0.6349425009861118
-2.352918891286085
0.27296151121086726
1.074345376712685
0.08119204879715068
-0.30168197699137606
0.007969992528873822
-0.1765007418855098
-0.7261360327893295
-0.3475066828461231
-0.11616012781404372
0.2856391993176329
0.20334705011549464
-0.17047486499143905
0.07859919763285567
0.07304993025215396
-0.14179624266028779
0.09695978851913563
-0.02079401079909861
0.11333073886159481
0.10968823495809735
0.023321129141134413
-0.00902730083657017
0.028031582472440426
-0.6294403909544324
-0.14511083972252162
0.6637847171929685
0.27018866035726186
-0.8237489084068094
-1.5367969908607781
0.6923373342085761
0.12520925523688384
0.1792613414501678
-0.12443665882750674
-0.07020150175356513
-0.8107375079015159
-0.5874810062263816
-0.12673128723990085
-0.2639431592167305
0.32159929166311196
0.14855469642978564
0.34124373471619046
0.005949637375473758
0.2016153145393357
0.008847214020640757
-0.09188160068372798
-0.0007011857862870789
0.027724345989902647
0.014713375899757745
-0.3047971751927777
-0.1137633600344503
0.2453497379772534
-0.18617442537136752
-0.3551585958938925
0.07942116942138451
0.29566076821980386
-0.4167755975779733
-0.7313265067315222
0.25371185442852434
-0.09307606349605795
0.5398306575773403
-0.18480629091150774
-0.507323737124372
-0.6533712233439699
-0.5906757005156208
0.14178879571434724
-0.3787972433049903
-0.22972499583927625
-0.008120103274326126
-0.12553518432319072
0.13711527126593798
0.31861497858553006
-0.06398823366701131
-0.004378383094133009
0.0638734565451531
-0.06259310548781397
0.3906902586615774
0.6172188955250838
0.2752038911131193
0.20755736811719383
-0.1825260535250578
0.21299513430206182
0.264607099097946
-0.41690004371446315
-0.13874201484777632
0.10840904044161444
0.4769412437551136
-0.22000854333513606
0.3244188384382738
-0.07325573199177192
-0.021225781928916672
0.2723231901781576
-0.37542383939574686
-0.10347977010765509
-0.037095901790168494
-0.10993219803418353
-0.24389511150376678
-0.16325548683200133
-0.005633835629145239
0.30787519136812536
-0.2627312490497231
-0.1397369945797243
0.096560399388901
0.028792125850682606
0.34743064099625665
0.013030923967611125
0.06009744170815664
0.08863808772991583
-0.2747800363672948
0.2741683734876116
-0.09150091826027995
0.09274162581021184
0.3489207421151051
-0.27408626785481255
0.17503546365589667
-0.24824114160437144
0.2802738503024349
-0.10591788589899186
0.19078006558828306
-0.06722610573607737
0.07148626434450989
0.1951712180822899
0.060806270116445175
-0.07440405233299
-0.30229970087149904
-0.02397083625107967
0.08577548416881692
-0.16457308753371122
-0.0592848056434666
-0.1348736738780439
0.1633613385518176
0.4748795419407534
0.08515515337733527
0.14698586539831682
0.04462900022468374
-0.19034960847513704
0.07737600438250579
0.1416309055110636
-0.3236129918136633
0.3892392289119415
-0.25091165253920866
-0.09228599696731282
0.1814853403558601
0.08906271903817256
-0.33179750253243134
-0.11769564758183146
0.09823853093504968
-0.17551327620651616
0.3647884648548823
-0.13337798148533134
-0.15911286463422675
-0.018825283776687345
-0.11160612830738999
-0.0529956423168872
0.08295232704180928
-0.1494437148256231
-0.23577034442087597
0.19703927417754571
-0.2589789070413506
0.14475312894209533
-0.013369316005173291
-0.27164410060017075
-0.6027399279144788
0.1278722511179484
-0.15177467266067998
0.12771592076282554
0.350622175230599
0.04581391475091624
-0.06760571554229079
0.8558873083299507
-0.23770985211861498
0.6383399308823993
0.07775596067266113
0.32139202756088053
0.20378098410462406
-0.03230213754976619
0.1197631290532229
0.2224511834952228
0.41129920531054875
0.09952803604546355
-0.2174233434668704
-0.06775738872181371
-0.023065071300932105
-0.09124355131986706
-0.17024009434467235
-0.16413782198382415
-0.11118915732105226
-0.24462105356365862
-0.05521522476769693
-0.013153601265350687
0.3599926251614097
0.07536496526939537
0.3104928438502328
-0.020924658098767368
0.024271584251364046
0.39385206456268507
0.0009454861341661857
0.30319849321865794
0.2548310977606779
-0.19825242111155425
-0.6431876233166668
0.3702175690787366
0.01130560255136429
0.21273803455462806
0.16454664889491596
0.24944263087768445
0.5045921848877635
0.4546572476760513
0.18884938655641362
0.1020623167728552
0.0759807748440465
0.3298462578624492
0.1946785420841292
0.2088028849211341
-0.24692530894074632
-0.3134228857647672
-0.1567776982678786
-0.022204283381855892
-0.3428961086550272
-0.17941330224727328
0.62049353031427
0.20841844631417464
-0.3143815784258513
-0.28889615506170646
-0.2992520834414143
-0.08638135000030785
0.2515891233568998
-0.0820190240241436
0.024808445472411317
0.15280401572130395
-0.06469539755074906
-0.16954229682059657
0.15232370379220125
0.00733009004081293
0.28776975568044155
0.13717454299599247
-0.0006891553470290106
0.22525506505076354
0.07603309140251271
-0.16828098328361213
0.0018829880128752143
0.1565974740772011
-0.011060110194268715
-0.3209056494678633
0.02583040872369832
0.05835485418763056
0.07153649382520218
-0.44522790132947115
0.08601917838847097
0.12263558744550423
-0.027547696427745065
0.16763604840921592
0.17815958612109872
0.03540433863683289
0.04050934762423234
0.1808335451037212
0.12137627082725647
0.08820613834334287
-0.4178690754200287
-0.13397071447188402
0.2364365988485498
-0.3902578656828114
-0.2008829137077598
0.09137051387781099
0.07989932382434893
0.02283409699091201
-0.0506784130026663
-0.2650342103331839
-0.11009189978329556
-0.1927610267038395
-0.04176786929686783
-0.0397893453741033
0.24760011190814674
0.30817268966658323
-0.19508974053775527
0.03732540484702987
0.13793384263294892
-0.2568826486986106
-0.14245274227972546
0.2734598753019214
0.05978449563809175
-0.05393486467237934
-0.15300370320047124
0.322396636113139
-0.1875295308723938
-0.237848423503535
-0.0850228477435216
0.030467075570854225
-0.4321559790252053
-0.13879276101281465
-0.26206731503869035
-0.21655342135564545
-0.051241598919086764
-0.24112410160118386
-0.23269665576011667
-0.17504642752877134
0.06701508373585
0.14491788639520092
0.26648501715843687
-0.1578816097924291
0.0895425538664562
0.1514132618916246
0.08961943917700844
0.1925353615314391
0.34212291523723
-0.46237413998356386
-0.12072648529236565
-0.15115525971449384
-0.24266714523040164
-0.56572662809613
-0.14343233088420942
-0.3760086902654449
-0.050787911665884
-0.12861016295379812
-0.16871481602253055
-0.3613330776524461
0.010140454443585231
-0.18059132471613645
-0.05615431644095616
-0.4682395246476888
-0.03331903074034099
0.22989590599648735
0.14088408460919172
-0.04104063708801125
-0.13149246328048392
-0.050573432899732484
-0.02381846300908549
0.004649980838880688
-0.07348048066664165
0.13462567607310916
0.1603000825005591
-0.07051847005932639
-0.057305149518504926
-0.028090713546305903
-0.2789661776584549
-0.06451184174082672
0.03228496246329229
-0.051587535314700346
-0.08798361898439834
0.20411210844155062
0.15777170016510716
-0.19489219033137725
0.32370345088399227
0.5561162427912163
-0.2187703995817207
-0.06939790510001104
-0.22372651738814395
0.19354561786162744
0.03616590647867371
-0.2034961887050511
-0.04233352219563536
-0.020994806864955882
-0.07051257408737265
0.028929915209438377
0.08289675432783891
-0.07070716281537495
-0.09398689683727864
-0.1320491409652218
0.11685584337120657
-0.0006140809706990808
-0.06955821878241238
-0.5190512077372786
0.08257701653413599
0.05683144551903869
-0.4302268021053152
0.20717646979918133
0.053566220420348615
-0.001480925365206425
0.22250354184464516
-0.0391052007988383
0.1037450833970359
-0.1307574869355541
-0.12954514685580013
0.2906205969648183
-0.04772589081799516
-0.17642876122636791
-0.2784271405990467
-0.24479230316520129
0.13530236123689088
-0.08727920575347178
-0.28115101939649795
0.12415553818699465
-0.21776692191628175
-0.1607684519466692
-0.03130015502707833
0.0764397088175279
0.17130986588971764
0.20958084849971081
0.1537447855642378
-0.15689602320302953
0.2634832922628396
0.37126413220114596
0.15061199960474797
-0.2551730859151813
-0.09399005993919306
0.009379661863514317
0.2549779718279053
0.19573620110702664
0.009491029439821575
-0.09517842665331093
0.00952248920720109
0.5101170429343362
-0.13042250860142224
0.17186438555856354
-0.05347431273219787
-0.13797432075996346
-0.02902011774199154
-0.2922606351861133
0.03593639169816517
0.05937686642210715
0.06427515707467481
0.08734441650788458
-0.15176199835044765
-0.15193622783150318
0.06439716723196358
0.129651898498075
0.28388591664752605
0.405102254282442
0.18082427974505644
-0.39224234366267896
-0.276917882568113
-0.030326436768309855
0.07678952842800649
-0.2990562704303015
-0.1034553473257274
-0.32849429251836654
0.2655219079664763
0.17933765540088206
0.21538750877378374
0.37273914817203097
-0.06919885854076509
0.2197292559732644
0.270814726397366
0.17462196690814435
0.17983996032206773
0.0029811846110910697
-0.05982973288542982
0.018367844710664324
-0.12045515460411022
0.08034223547667786
0.2221954061115192
-0.12320181569114923
0.022207422859256722
-0.000771514322066712
-0.124092246499344
0.06846713612240518
0.2976012055852404
-0.2960371555504503
-0.0391127310326688
-0.019567091676228218
0.22617587948744172
-0.2457492443031956
-0.19539353416705335
0.5408225261869942
0.15784353877668464
0.12163149740526123
-0.09911966370104489
0.49921503688697255
0.05631028560013773
0.3384847783046795
0.45872769624020693
0.19252617254801463
0.25539309814945865
0.12133520171070834
0.09120856235059777
0.032436275600995754
-0.10752038388071092
-0.09910668435829324
-0.2152339707625646
0.2567729223736188
0.17720714165931228
0.049088186341536756
-0.00894418862332466
-0.049900900759983345
0.13266132601315164
0.3367651265655097
0.0530247726433888
-0.08645296796984765
-0.20996330821149306
0.051046991886770504
0.4571354806870407
0.40157227636176906
-0.007114769882415182
-0.09476235939606113
-0.2466264857358562
-0.02275526994802047
0.48162184140210096
-0.0914056396574927
0.10182202454767271
0.012408292457815419
0.06011264834287861
0.15381280053830884
-0.05871035171070344
-0.27390317796238195
-0.3094934013096872
0.07882752312136089
0.08088299477398445
0.2089459618699169
-0.16995382068254353
-0.23265296248193054
-0.4258215926747753
-0.0256328828929467
-0.0017347361425945832
0.006876492254489201
-0.036542616803599264
-0.08714712191341083
0.1296708965591213
-0.1448008832805036
-0.2973234689535028
0.1813178008434259
0.04561524926600271
-0.015412721507314566
-0.27995832516062663
-0.07165538656698288
-0.036459869615554426
-0.07830151298371268
0.006119104207766871
-0.09179606110023963
0.0830583910259708
0.07006774478714158
-0.0443548393618466
-0.12748765932100067
0.03188206869241289
-0.02020187257143968
0.1791231063632638
-0.05630314391608166
-0.13699162838171056
-0.012157072535582477
0.19905730993768594
-0.15531307716125936
-0.08587082472609675
-0.18051463437058998
0.03655820907811247
0.2621183113489742
0.19601279218721934
-0.08050491442650295
0.1271714049049269
0.21234255955804948
0.15112070809619843
-0.1692473601266506
-0.39075223935625397
0.01025578786626103
0.22113056061390918
0.016826299798798648
0.4553408895539416
0.15687789227705787
-0.031571199648139946
0.31533203611596033
-0.24852485440480365
-0.26126805186803714
-0.004527145822962925
-0.01637070931536635
-0.12667024075678215
0.25385199199282005
0.09525521954488479
-0.007914964802283035
0.08597747877320536
0.01668499827169521
0.13247070335325667
0.21624406948633212
-0.08660981146126576
-0.10756685866692837
-0.07590361292279478
0.13426935121236394
-0.11250012362270322
0.1502453079234354
0.09656523524475813
0.12899797927355386
0.0939359532699765
-0.041710255971503414
0.1903671663466891
0.18742851621099768
0.05559545001656099
0.08186834810299896
0.16572072711372607
-0.10784537918327033
0.021231132924519135
-0.013762173338300581
-0.21014827992596755
-0.057182618349605537
-0.015043763967989322
0.03428530498594334
0.22587213434587416
-0.04199578858840817
0.027007305305051427
-0.12447556875500965
-0.2302534806024423
-0.21235658713487252
0.09970226073580439
0.010437224745007375
0.0945009653169156
0.051559801445091986
0.010904066433466145
-0.10975017884270723
-0.09317888674248495
-0.1839413355969243
-0.0004421656297415834
0.029190326512095317
-0.023499081966035586
-0.051539511829787145
0.11154622522442745
-0.10570126354233284
-0.031223887523306466
0.0439864614087557
0.03383375608109896
-0.004244624659097837
0.02094185080216813
-0.0877159873342265
-0.08519899112134065
0.15427409690716565
0.10448647626431994
0.03935349403075658
0.12909148996956923
-0.22078924780865292
-0.0630035413151639
-0.0572694945268182
-0.16147356249769168
-0.24614696569992697
0.1334217538591356
0.28233784098286835
-0.04990799337017966
-0.25748866391696673
-0.13321043125603277
0.24315218153323248
0.06262053129508192
-0.15386526063070588
-0.0671253824524948
0.038869849061569844
-0.08591575776497899
-0.14741252725592363
0.09634465829315317
0.05378663793744792
0.07338867134343238
0.10560315254979988
0.08883247731381624
-0.0963812020920488
-0.17702039448466966
0.07603195006754974
-0.1651446965367047
-0.1342218274710503
-0.023551799574770323
0.3436204879505584
0.09888308542396305
0.29695787383445965
0.24362331781680716
0.2566890166252707
0.22894231192736933
0.5162282306111867
-0.3110435834521023
-0.17934701108412565
-0.05611017959799638
-0.12365094778648572
-0.053822284251748134
-0.13575069658512356
-0.3195409972669914
0.026423176518259008
-0.0777305301879055
0.03041423345666962
-0.10864513576334922
0.09705141471768343
0.2148818378384346
-0.05831218457697416
0.18887122985092003
0.17454216209595735
-0.01886156717434703
0.0888287226995091
-0.34382475566391757
-0.362554772463103
-0.20082747508160806
0.022573234862307813
0.06071946258933268
-0.0402828274463918
0.34683268232585085
0.7064890222796005
0.6402894435296946
-0.0025496047961269543
-0.044077971816707175
0.18065272761612244
-0.17822895346585574
-0.5606271729767536
-0.3584218467695606
-0.0003397843233458358
0.1118176801891443
-0.3462017098437427
-0.08873054675217432
-0.0020627377227963525
-0.16398215702214888
-0.006775762922101451
-0.15009556901822366
-0.006605237686513361
0.29015104468820635
-0.16323531825913654
0.1191852632987211
-0.10498589713666344
-0.3056039973309079
-0.568775927796545
-0.5771033910050676
-0.1708478297239862
-0.0470779264306322
-0.03661621617976442
0.21329833408706744
0.2992665012499739
0.05336829195753754
0.5573604756871761
0.28169434730955584
-0.2539284164295406
-0.5199732918316026
-0.6834595478632147
-0.5079476736897959
-0.27657092356424157
-0.12475429231582501
0.05162285464085785
0.04218139440210353
0.018194865296877638
-0.25739547820270176
0.061471456164706506
0.14884042513999485
-0.22629135101618
-0.2023245794137704
0.060914547024722134
0.20853401434371407
0.3618704835677936
-0.1234452191501977
-0.16192651465630667
-0.5205174326067876
-0.21230574355640924
-0.035794145828283094
-0.1448048561101391
0.3705182028221139
0.11450020093452645
0.3262113763212126
-0.3066276624376495
0.10173811108422784
-0.5087439851149403
-0.6331116048835566
-0.7710578797664982
-0.6479345535768473
-0.13585941717235733
-0.0011893269648445908
-0.05963059675971397
-0.09994010873109062
0.15234615499060292
0.2836321771473058
0.2602519275358573
-0.18731824738623776
-0.057725033166998535
0.21970517421571242
-0.08741339510117457
0.21797900300515144
0.25477866622398876
0.3557145380814344
0.4950851993395516
0.4491232041795795
-0.29101200852673353
-0.8093586550849978
-0.24999563173893566
0.004527260771285857
0.6152087180732704
0.8064497533519466
0.32217472459797414
0.10817455604016686
-0.3411277220364492
-0.9440948068567233
-0.882556476603799
-0.15294195940905037
-0.35501676490311357
-0.29428384870636976
0.30284955384121703
0.25144609823536107
0.21250846180336755
0.3440599292386391
0.2773692184151607
0.018314298970807805
-0.07312476792095268
0.04523203934122516
-0.00669995967909088
0.04799583683583159
0.20789420461529842
0.5638291116615645
0.741688901559265
-0.37047176381627966
-0.9478545985408379
-0.8778073011795843
-0.07813421042528294
0.06777225867093734
0.3342332822948691
0.5197375968974225
-0.2797969578624939
-0.6169067781093149
-0.9124084196196754
-1.0411798384285034
-0.5617108467584929
-0.18898977085808363
-0.19104843715508732
-0.1054046487116852
0.09114028751570986
0.1288320233895304
0.1579646733138216
0.24271109671462662
0.20437183630825698
0.040485908125925216
0.05197248466819147
0.008511499849933653
0.05242288844936106
0.08968715254186894
-0.23809944926095367
-0.5922751286212281
-1.1251407940875502
-1.4069543132434095
-0.7120083858560956
-0.18292156447827715
0.382658037910442
0.28768337772955804
0.39672402767635095
0.14238291037710868
0.3975833966149154
-0.6414265120663374
-0.6109114204194591
-0.9875601769209557
-0.9055879711385119
-0.3773615432889308
0.049183088403339514
-0.12019617315028076
-0.021127338355883162
-0.03750154739237048
0.2858355780368922
-0.02848410566952879
0.23573577510639024
-0.07303463388311446
0.029253445321162
-0.008746271789338957
-0.03176055918676535
-0.27488047106367297
-0.4388122401780259
-0.27313208664661187
-1.0034453528742804
-0.529970621375027
0.3315138373668468
0.33210171659946625
0.4004034676437058
0.16382852875501103
0.16968112067755972
-0.09998301583341294
-0.4794880492370384
-0.4169036307805124
-0.3804012633252435
-0.5858063472703848
-0.6164253918169277
-0.5897341176754195
-0.30171008313912756
0.08674336994085305
-0.18094367863065897
-0.07659685910566086
0.001116632903038862
0.002936693349747436
-0.056867569592644086
0.07761874916149723
-0.1312294132264561
0.11755233763954341
0.2707005177085744
0.04073975389165351
-0.2642701575412877
0.3610682734847158
-0.047740491987716224
0.5246078627821811
0.2502243869004447
0.09173799570522563
0.48837936697420936
0.005554711650057187
-0.25502465216038456
0.23419537012170585
-0.08035038208590246
-0.32624677020139564
-0.5203281192866023
-0.3035582754351789
-0.24751348904455941
-0.38822759247209626
-0.13894025388964518
0.19287169496169138
-0.08499677565342052
-0.009294784663456977
0.19597083627379072
0.02104729756517756
0.28175506152943663
-0.02390401810610986
0.08161294143468162
-0.05050834193653711
0.3067554889387007
0.13833445393372668
0.12715376263992892
-0.052240053734959
-0.08136646011622736
0.033698252790180336
-0.13815342845623507
-0.2259335804767226
0.12347132155366787
-0.10265615776748699
-0.11465255918410859
-0.04875324910214828
-0.3364519374516027
0.06222258490915224
-0.08174130112393596
-0.17777783616984175
-0.34270282447845435
0.03287914935754013
-0.1173206413922637
0.06710126833063823
0.09334360103097254
0.09908088253220272
-0.1552127469161735
-0.004415779599746227
0.1381168135500587
-0.015550255423309307
0.0008086745006045831
-0.16935624784045802
0.04343084192854241
0.025000166250909433
-0.13441340323630532
-0.05983914507286235
-0.02141568484886554
-0.09861918373232267
-0.027495058620487376
0.2835158878682856
0.07369627150618512
-0.08123432850844842
-0.14222524031420683
0.06844409125145035
-0.08516739674840637
0.05515016445392123
0.017327193666121326
-0.3666824114162073
-0.23640895531720574
0.027739118029410977
-0.1940855448778217
-0.1700955656105547
0.026068553474828362
0.027140534733703595
0.20978950903088048
0.03454025834080105
-0.08547871430091505
-0.039745980595350706
-0.04020564289167121
0.17347949809675772
0.019597942263434077
-0.3171654363565823
-0.18821071389854058
-0.010959663383942211
-0.09786760213421147
0.015197841921920321
-0.024734375261809757
-0.2736231333603519
0.06156380740322571
-0.16651025414285875
-0.03362616780146071
0.09957683682691255
0.05711331243471494
0.06021065317692845
-0.28519128739819516
-0.16494778395782872
0.13891198637279484
0.30733391340212546
0.050800885095930094
0.009806173452817242
-0.22672011358676694
0.06486700450422077
0.1128596755920851
-0.10052273713660147
-0.1750464824451282
0.027629254244712225
0.004156327238319411
-0.02516550514096373
-0.0001408084750184603
-0.11259881803404444
0.06677783432611224
0.3078356925832061
0.462359468671194
-0.16725569497817885
0.1576046061240195
0.34147831558459846
0.17737564841368478
0.34752061575506416
0.3073324856847136
0.15914493136566038
0.08071733380468296
0.17932368363502518
-0.3529105261474912
-0.19841182757991319
0.3023344138949233
0.15247444987211245
-0.2240106324410094
-0.19526394213247983
-0.0053629454102739095
0.10247840840185535
0.030354808644441914
0.018036736547096487
0.010870463488540665
0.026408136305299083
0.2105737384231673
0.13197562404576152
0.3253932009144495
0.11917127053252315
0.2103393528785669
0.36522633754438766
0.07387126428991893
-0.0013396150011137217
0.052678055042216905
-0.23415415508950646
-0.37862712029538254
-0.0878267459954162
-0.13708181857382049
0.08446125987914153
0.10615096430866315
0.3143234833196153
-0.3272846151479659
0.15988695710859782
0.0727489118168593
0.14587053418178786
0.21420427175875892
-0.06649700988742266
0.05982756113896452
0.015818812393812737
0.19504316188512985
0.26106028189431135
0.05985995814633337
-0.03745886598521675
0.03604915537158481
0.026431823766003046
0.31168498235176656
0.045960134652178734
-0.42140354750818393
0.3451758428028441
-0.20557865432928402
0.08773342584692645
0.2247436723050537
-0.2675011759252728
0.15491466380413643
-0.1393947676857209
0.2709860457316716
0.19471351279487553
0.3181068920706369
0.37908836960019276
0.04244477496177812
0.008161217510286266
0.22957962212608984
-0.2549890564787071
-0.16201651009360388
0.07424062756177724
-0.04772219424485987
-0.0386273950532958
-0.12619368492648853
0.06521841610701731
0.10361872777203274
-0.07179056580425267
0.03770418238183918
-0.11016681642733213
0.03033070223476584
0.0853885917231108
0.1112823934901735
0.28437919880500784
0.13174559591080973
0.23757904844070918
0.014077764816936436
-0.1238127144662709
-0.15238158918873226
-0.0045436716681656955
0.5058828715761874
-0.055589408186035104
0.21763652355727922
0.0762225953988903
-0.12870729850998683
-0.17452753657785186
0.0626748503710873
0.2002885550372439
0.009593853232121344
-0.3035113493142069
-0.2980944000385051
0.07692843806906952
-0.005349795465378157
0.03444543363083239
0.008300706454228158
-0.053975399755601845
0.016809912455605355
0.16371449129120796
0.09949392456131138
0.10986811865021548
0.335741731021857
0.20157905542975468
-0.10280440607732476
-0.16810486338834302
0.13791826394288367
0.21161991454875317
0.00040845226864492733
0.1865971189736452
-0.22887684577691872
-0.20541975870431375
0.6736874661315531
0.05522728600531073
0.061453594467148424
0.12105976489749448
-0.04692175417407686
-0.20835405286848227
0.1212014139244855
-0.017976392420240857
0.15441770995928744
0.010375931978005163
-0.1824110610280054
0.10668511208267926
-0.012063601528853817
0.020452017607870864
-0.1221170103121789
0.09970874074665383
0.008460796382176408
-0.024164883831314782
0.1395860655411875
0.0782547537268574
0.012702829029448956
-0.30900301043426104
0.044928003121595575
-0.0006791214712401745
-0.08779844799526086
0.03229000124081929
-0.017406427179616817
0.06306297124079305
0.305788751407641
0.30754488879883213
-0.0814710784301596
0.08608854497035526
0.09085723691840274
0.22715652907224848
0.012348015226529056
0.03253702603252055
0.015628991131342095
-0.014972345018828761
-0.015967269309700646
0.1502137744251928
-0.05074043635147825
0.05231919394834514
-0.22198422931196332
-0.008059637900992912
0.050798158767643056
-0.22611267205086646
-0.052183911635440706
-0.35360041051308455
-0.4201887437537178
0.1661716111977236
0.12296033518875171
0.17248848626687183
0.12446804302579827
0.02186974519898728
0.14479819860796395
0.3123678034781079
0.14004740411238192
0.24792690523684133
-0.17625550023118214
-0.027997537396211476
0.4238016795667043
0.3876761206384056
0.02036856934463262
-0.09625831970224354
0.09124679481874431
-0.04538632476084135
0.0478730939539339
-0.053729566864436216
0.09377635827087046
-0.1486113695277352
0.06028241149658951
-0.1540568237210263
-0.05425317662878284
-0.011786301958075148
-0.29696485526366956
-0.07898169824222553
-0.1331972139435347
-0.029487753845032324
0.07552549660323599
0.008566047167979405
-0.023991267724581343
0.005550927702442426
0.013499334116989156
-0.15416472557810496
0.20658873141674536
-0.21697674262739694
-0.24596102367513717
0.01060088350253231
0.32181373457965134
0.340179552972809
0.25653032840810447
0.0956068144243769
0.1056853938815161
-0.1491222907351471
0.020543562504242704
-0.039407182795097806
-0.0612178861784123
0.01774050790218581
-0.04659597798638837
0.012154978362308923
-0.040792997719267365
0.1458802497127502
0.16758795885891978
-0.12301603579746066
0.024305345710920162
0.10841209674971224
0.22711872071595285
0.4380486723910072
0.21923921216370665
0.10439282630881083
0.035692576839064225
0.31672044713222897
-0.016942300726677417
-0.1283000588019558
0.40347086714507746
0.0028907589557393806
0.10827532107176792
-0.014958949503746129
0.15879601614135425
-0.16724613031052038
-0.11364059930941896
0.02071672649119554
-0.11435232014411761
-0.06827640575413241
-0.2415645964770191
0.0032499199368211163
-0.010366420044701138
-0.020328452790466668
0.07849013225870104
0.16217792342215184
0.08744347290961477
0.23839138932773393
-0.04815588105373746
0.22912035825924967
0.053926601421227446
0.1833321637388304
-0.027618033522563354
-0.10855437815359582
-0.09161386631300748
-0.04151897768960643
-0.10755470268420085
0.03584946861833222
0.0016824402662317319
0.10499760037585837
0.3250538444679669
0.13831262790855894
0.2546897645659547
0.040758800094303035
0.17641176854243878
-0.08414825195746474
0.13725639403711862
-0.11502452843836466
-0.08901997490695447
-0.04754283876255126
-0.17219904553429893
0.16617129493481791
0.025737730029025782
0.015214479303578169
-0.10888678204747365
-0.03002872954622363
0.012100548568259994
0.00735649895720417
0.27237531166952383
0.07492363049431633
0.1465538137422945
0.06966045217160241
-0.00785876519645814
0.1617061359433298
0.0015228960374854446
0.03669613039781989
0.1705466477865531
0.19316668502243636
0.20721203002562644
0.2622489918022881
0.42576510549793317
0.18327304207500256
-0.010943009721953187
0.1391936618752881
-0.03725863601789404
0.01609139401366302
-0.05885058068209819
-0.12802971261577265
-0.08906725130546037
0.089318440497808
-0.10241785481987681
-0.22701553727098234
0.2195363165576822
0.15903893764857585
0.01816853753224822
-0.1409240379142014
-0.2816983747280801
0.07417845999678803
-0.11241259777453996
-0.03852941303553328
0.06048519299498232
-0.08244191329402628
-0.07664968965137982
-0.04850256419804531
0.04202294952303484
0.046993406531146545
-0.007135413860498784
0.17344836526696045
-0.08762306670785197
0.3053858633926996
0.10277597461791181
-0.19667563076786113
0.0829414156379381
0.031400884641330194
-0.04651402966842883
0.1358559956152611
-0.28017421642511053
0.17949816999472637
-0.007662499017851904
-0.053385862309920686
0.04339247378379808
-0.19980582922880966
0.03835323631721602
-0.11176659239682984
-0.08711398284919891
0.035331209311224375
-0.0008240361093917371
0.04642969710852169
0.21607599124887378
0.09035928054965589
0.21630416176077538
0.19945302925897473
0.03651329477346505
-0.10050126815509676
0.09295198732671407
0.05046684345350489
0.022247359854916427
-0.12867887363074676
-0.1382535506567269
0.022292874765480277
0.052064758059404526
0.022259484957708194
-0.16076127475092603
0.0003398125550497784
-0.02411113202627663
-0.20992275673559418
0.10511666066464312
-0.2689079771495275
0.1558033785221752
0.10443736726015751
0.07510478467496545
-0.11533241599591486
-0.07387841522988958
0.0619270302938523
0.02279292695967134
0.014175748070371006
-0.15372295973595235
0.07994147438020761
0.17664475332519858
0.18694183262587655
0.11279972899501745
0.07928256767248983
0.041916959781740606
-0.20167727409191433
-0.15111625912154855
0.013524826402191709
0.06783815287772967
0.10175227158210501
-0.09698653239909054
0.0042933749506845476
-0.16710978453099187
-0.10221595618788384
0.13217176150772972
-0.25595508360338376
0.007486927068452801
-0.023811769468207754
-0.020133264630006687
-0.05314815112136161
-0.043272670385635856
0.07587887652981117
-0.09788487610981816
-0.01652133885724154
-0.049289435069997424
-0.0902586875734928
-0.03681383599563292
0.00020752046214324408
0.18221751372571748
0.07541741247762963
0.03429951803377675
-0.07162917921800942
-0.14656165342912378
-0.036714158030283675
-0.05430116452818721
0.04225161722692063
0.007407855552679817
-0.12399483878573886
-0.030053359184124526
-0.058764952849959126
0.17435085242159476
-0.16184122415779
0.02135401686065834
-0.10446373383657238
-0.034950174331309904
0.09711120581995158
-0.17919073623046713
-0.25093092181722243
0.2621553310137918
0.06981291574807102
-0.28310585165259905
-0.1504768513651607
-0.2865763417306724
-0.40910524550042754
-0.1426574545604026
-0.012568394124378181
-0.3196536999532623
-0.3174865643446669
-0.19524488454882385
0.007201018970672293
-0.030018942804143543
-0.12577318419565273
0.229183194732669
-0.06738640488420324
0.09346673380525485
-0.05736858423972813
-0.028390845957429058
0.045585904887419273
-0.157026446080123
0.12839979366103496
-0.0653267517531322
0.2597823122613244
0.009839986178691824
-0.10299773457147256
0.17203097298569536
0.18158275525104328
-0.06031954937961231
-0.004334708092195814
0.18741097431920123
0.27017511775435826
0.22988576458896515
-0.1164577162947354
-0.1662778792767897
-0.43415438605091977
-0.13488637345095242
-0.5698778847828129
-0.5057243353304937
-0.30012349671358257
-0.1343729749765264
-0.21825235670805593
-0.019178354256810824
-0.09497999454561101
-0.14592422733072738
0.039577332626744274
0.08862706715116565
-0.10541227702411388
-0.09241467429729408
0.25079689174344194
-0.10228353530774391
0.07959592738935516
0.021192315775486203
0.09093690895026081
0.33330254259732417
0.08435913326446294
-0.21833697165221377
0.11710710426631588
0.15196338422245967
-0.6033802574402808
-0.45073504344408616
0.056439043526100574
-0.3455212178830347
-0.38987177346972024
-0.3569704070795383
-0.1649271565616084
-0.03991973790624027
0.040958885052178394
-0.31460289914501577
-0.16509094112613978
-0.07548169876704251
0.008737354882493888
0.04744944270814652
0.20475703227625294
0.14639182558607272
-0.05246145045394651
-0.17448372396116305
0.04728722399872587
-0.20143904111358454
0.2216263469210341
0.3312652729867805
0.052006269743197414
-0.15052258899837495
0.26099113488084924
0.05951991960691056
-0.04983282194093887
0.023548604016844853
-0.2556854181275158
-0.1599433882530661
-0.015951178938440443
-0.1454714102904255
-0.2546008497770525
-0.7340536874888629
-1.0432598746776927
-0.6748615034853289
-0.5387305459183794
-0.16832095406583558
-0.09377005076271272
0.05719178614110232
0.017603983525363933
0.3300348031284468
0.22941179113321605
0.01969403484921015
0.17498651124110765
0.23648843671248132
-0.022811952167669226
-0.2664932666731656
0.0688071061290807
0.180059387068398
0.2251319871654522
0.031710049140140854
-0.09217707656424835
-0.4018705448435108
-0.08107666414769026
-0.2813888336718819
-0.45542668467252956
-0.4819297207920673
-0.4082472205518693
-0.6208132970212451
0.08006696911156275
-0.5182326401364381
-1.4737241561581942
-1.8386611411947282
-0.8886030537437085
-0.26417781167139825
-0.09790264635270016
0.20557555899999475
0.36760815274602304
-0.02150282489273135
0.18090947177613
0.09812731749684939
0.31999738657500226
0.09293269437476992
-0.0365058494430947
-0.2289105432007262
-0.09799690612456999
-0.02570161139103703
-0.16379356501029138
-0.11961101299420752
-0.34321279740235555
-0.3248397640244149
-0.4206250569881262
0.05890317190739992
0.2515781375427942
-0.12388877583837503
0.06538197066267096
0.6899543092188295
0.8382948317376918
-0.4586872202832438
-2.604856608573622
-2.285048090462793
-0.9424169028735543
-0.3370893693211749
-0.2618416193449755
-0.0642360799674465
-0.0033725739131602443
0.2799587301042248
0.14520194501846934
0.2763610428987797
0.28278861343172385
0.31945896213949004
0.10310861558418953
-0.15488233036507953
0.2471276533657516
-0.008484198423471907
-0.14298269301788477
-0.3000008949453726
-0.7227495938225376
-0.6616450357515672
-0.031838033880299675
0.6820835831795687
0.31035626747685435
0.6963351507950336
1.2798672745534996
0.7081279867295472
0.3171985704852901
-0.607844653702843
-1.7263845514188612
-1.880368761491772
-0.8976079743137909
-0.5452551410335431
-0.028316212193131893
0.04708270066799435
0.0870469474435779
0.07313031195398816
0.08432483929590281
0.3256299447274737
-0.09888893090441249
0.12462982675316801
-0.030080015506192877
-0.13368480246810957
-0.035449113017387034
0.10032117130312466
-0.05072956497526863
-0.5080444696399554
-0.010631556988549071
0.1887886520581557
0.3251420637758236
0.3907393406581027
0.6914738702511148
0.39574031186032665
0.17493437531792555
-0.05384505301730514
0.031423405402516945
-0.2950643162113527
-0.5583501496888233
-0.5557238910329817
-0.29464339363576647
-0.3799252503977189
-0.16556204566313554
0.078970012638784
0.10978941013716423
0.2735122600825733
0.006982570017322724
-0.06244736552924027
-0.18147097981067722
0.10261309675032225
-0.05744362722992523
0.03503757690837586
0.13406815151860035
0.10650707033358056
0.22516967015530023
0.1325211491530044
0.0641585155054967
-0.09476094473329184
0.8336478746984772
0.6631303841609789
-0.01578976450445842
-0.09789579456512566
-0.2844467471235327
-0.15724160048298502
0.2951856912225808
-1.1874199804001782
0.16414920993775928
0.0012472100973918712
-0.3540218864712382
-0.33476758157508557
-0.3533159305100608
-0.22441898898468113
0.15532716031556412
-0.2309537744094609
-0.02493520269562103
-0.09558910106019793
-0.008768074306117452
-0.10996308137422298
0.06687998511401122
-0.06666123202631406
0.034904608293186416
0.2540459306554613
-0.14254832824877756
-0.06457137746120761
0.2892908840621526
0.19010766449627003
0.6854549960728034
0.19138672102770068
-0.041605583222061565
0.1912191961115951
-0.34494772598345247
0.08941180122756198
-0.37462015809724725
-0.6850667875502746
-0.10974220147338647
-0.4792190628572589
-0.44966427197643744
-0.3567236162076842
-0.2274102270216625
0.06042956720477731
-0.021378623521526093
-0.17301190287796958
-0.2820766394782313
-0.029038681703637728
0.12272962994041751
-0.04283974289827328
-0.037221628926665175
0.16733180825581778
0.00831260349364992
0.01772559791357519
-0.022134067860255163
0.1632959686196359
0.3004309194461752
0.4216618003849255
0.008613263669568393
-0.20119558291784534
0.2885916330706547
-0.07766545585330245
-0.17019095725972033
0.445330758608835
-0.1145984020883387
-0.2488342988062546
-0.5393339050485272
-0.11875546414506255
-0.5454692952269677
-0.1853891236605661
-0.2371656561356752
-0.08098599355490367
0.0315314642718239
-0.16183643393344527
-0.09116683251546957
-0.21960727121139534
0.038128040112918
-0.18431942604865442
-0.1386817635234724
-0.07714580313780997
0.167981277811557
-0.12339310191383938
-0.1480869395510104
0.8344904362402362
0.01733096016895146
0.28377967598968196
-0.3871134220172951
-0.024166840091050395
-0.15159125846426783
-0.38158219801008464
0.06333697158757448
-0.5357137120129783
-0.07438518874726364
-0.20313015658052366
-0.0689612152787677
0.027633409327439074
-0.46338056794446036
0.33144810403741065
0.09164851790374443
-0.033497623239184315
-0.2398139881499035
-0.28542030580842087
-0.2154366201414995
0.0729326930723364
0.12981117032627568
-0.21542665281268092
-0.1283071430966377
0.09427781735392617
0.05564300224617081
-0.0720554345130078
0.2970707905059863
0.4567059506551064
0.2766806192686027
-0.20496765501825426
0.07778276657030238
-0.2009492804891914
-0.15674334485999333
0.1387476441194484
0.0009681569118913293
-0.09494312173491266
-0.097160546700642
-0.17450738220657117
-0.08512878431133213
0.3441836772253801
0.03162621154333024
0.1922557772134674
0.42131949704733684
0.08295312427958113
-0.16735292521842757
0.1166337177824003
-0.09615453002352808
0.0423271196747574
0.08415520509817284
-0.23370012841059123
-0.09942809575526973
-0.11849963647305789
-0.23259334888765207
-0.10625916482220114
-0.004770045172397079
0.061324525840297316
-0.009696729180535862
-0.33337083958262215
-0.0897964551720377
-0.11387890088739366
-0.17078209738174263
0.08760843900729898
-0.2980547159145837
0.08584016596237042
0.16105899784604535
-0.3542013821295917
-0.1019728040232344
0.39104892116192963
-0.2909322702141939
0.07091280255642161
-0.03620478960133929
0.00877216147472677
-0.13032130905859118
-0.03334696451620108
-0.08468659479173667
0.1140847541934274
-0.2629392849256935
0.058795383078411805
-0.19899592200909724
-0.14811818309003896
0.044986177181317914
0.2022758172679247
0.07909821212094391
-0.08560723158036833
-0.448119483419292
0.4129739743352139
0.06527607509728064
0.19337024847645798
-0.10262234638237554
-0.16510251356845987
0.13895803219894948
0.05565596484360535
0.5027828881584263
0.012533779360167042
-0.3031667176184011
-0.26130817166701437
0.1448101668723185
0.17047580128807935
0.034591990807050464
-0.013358723949301892
0.07205905842909091
0.06161515192431233
-0.13918846238466515
-0.14222602790959657
0.2502997402675012
0.07755151217815147
0.08852276224207287
0.019610615760346947
-0.13074940224119866
0.21546808483369237
0.15756542651176655
-0.24803140736123838
-0.19889438586611352
0.25209414826911597
-0.3089836631855109
-0.1052635842573173
-0.15120441717986868
0.043716051721330064
0.15622322148690734
-0.03874766141667195
-0.1273616968920558
-0.06570673999985958
-0.08837181810833963
-0.2814830894813424
-0.0048589756510248544
0.11408408450521171
-0.2887116775368397
0.01224518903876283
0.09201032907480095
0.22409435876232417
0.16629560808391083
-0.039255734043604586
0.08900698157910249
-0.09981008348106486
0.17191176157689111
0.03672107944675485
-0.002775990034681351
0.0612441639958407
0.16069462891503325
0.18664101589381013
-0.14087823353032497
0.3468645445847406
0.03502285773753663
-0.1642889056577155
0.18867534050126683
0.02388793384336119
-0.1814352049376457
-0.10847098133087443
0.273238567195547
0.07128397279406577
-0.19985421992685015
0.012309903670017485
0.0215409615173261
-0.06718109682982902
0.022178126425819664
0.11704490979208493
0.39015311153424137
0.22035785193089216
0.14956228473248864
-0.1602684667249309
0.07057466425764547
-0.031887044314801466
-0.0836340710150487
-0.04148582419928696
-0.08124375760373095
-0.06475342956339446
0.08721864151020103
0.01525913024409306
0.2720333742219694
0.1674793194257875
0.013278330882890332
-0.23534908879064853
-0.09318038956278067
-0.1262701556321873
-0.18958625282049318
0.08157300732988543
0.11080577148321558
0.18739529291535836
0.29583792307855167
0.1829654951893072
0.2890706137119099
0.09322662227101211
-0.10843753994683722
-0.0835148057639998
0.15773477888408174
0.32544784772924795
0.11801631119656282
0.10152578376968899
0.03936625253403689
0.1890060532704326
0.03634419179454559
-0.15773082842443037
-0.0950168749489015
0.036671440564717744
-0.017595180828985778
-0.1339850055942648
-0.007934711698572343
-0.22045953206597882
-0.22132831985930723
-0.40136749514766773
0.028105998355897138
0.33797418457857054
-0.009642833688673465
0.050728594072474945
-0.06800053346849835
0.200900862472301
0.2946111274659157
0.2574668207575295
-0.21345681783201592
-0.11593997588857832
0.15596791994547562
0.31995277415771023
0.14188871714432533
0.18677132181669584
0.16417170642044257
0.03780308177811327
-0.07246526328084332
0.08659611796954801
-0.13389960862878522
-0.0759067520466026
-0.024799254886030478
-0.06803801811710047
0.13839949131307067
-0.1224441110694759
-0.2029219655126708
-0.07096645787383164
0.36399249444672427
0.04425427046760659
-0.2393710625464657
0.06744203052908754
-0.33567781750444686
-0.18021282922924553
0.02486981910160554
0.19098467868807695
-0.25418145795914543
0.017730992493259132
-0.11524662423641736
0.10097166579883785
0.15703183620462763
0.2495426465696708
-0.11584353794686375
0.20846652227357323
0.0245761768067409
-0.11464297255721663
-0.21388310125732438
0.09503337032624351
-0.22790332131229818
-0.023611910872525003
-0.16326949189064485
-0.10736571279764162
-0.046054975539180414
-0.07154904525141782
-0.10210917896173408
-0.04510039812469547
-0.11641516745149334
-0.29272351837577537
-0.2320142308050595
0.11737867253673503
-0.06364430492254454
-0.24190585313541338
-0.020572791263142452
0.14864227474763408
-0.2569658385803953
-0.10189323356173768
-0.3146782468044703
-0.06662151976856245
0.04890685219643559
-0.010166688806633588
0.2534322355214026
0.08198749300966911
0.2616067478385959
0.10434553296474448
0.06585774992644418
-0.1478917351139166
-0.00587168479866839
0.135374493183852
0.14820367449885496
0.05644294883463462
-0.08694761242435961
0.014013673025383509
0.06449814086072973
0.12048128999563418
-0.12874895796442234
-0.45588572825477774
-0.1835321792763429
0.01612210987585271
0.013824833968665493
0.3587604741464815
0.12916066495909653
0.11233878997490344
-0.1831989344069743
-0.013591345843142076
-0.19749277815021063
-0.15065215990878628
0.008689746083634457
0.09938389476867204
-0.17604385436246572
0.09364034534783378
-0.08147838116710367
0.05004232250260956
-0.019411925038114508
0.0738968449188319
0.09771062748660343
0.042185799515697536
0.07916871038941357
-0.08098707172271309
0.21890907238787222
0.01750275055682273
-0.03841311055771129
-0.012281425186940904
-0.2421955449763708
-0.28872211293943995
0.3458797804695984
-0.024155911363358325
-0.10642888848314158
-0.03444374933748524
-0.053893252213485975
-0.26963248037772414
0.005137525858425173
-0.17239756844513296
-0.05978486501776194
-0.3149839384028836
-0.19761138594265062
-0.0009442972615672813
0.023915546767755702
0.10222181903782956
0.008531930003687745
0.01965953997562137
0.12252598425320049
0.07252788185339998
0.007184081108000203
-0.04601829750447699
0.00930007494644575
-0.15680019414213708
-0.019238961065162853
-0.28610582714079835
-0.01327197172608015
-0.23046196014240555
-0.16620283516855358
-0.11388868659772024
0.016978044195973246
-0.23760691445287557
-0.3003565635029209
-0.2903425897178864
-0.12550055198344093
-0.3475412146041414
-0.005780805112415796
-0.1127857625385089
-0.197795071418091
-0.23223145440401974
0.05612791961737196
0.16486317262416725
0.04762689794041961
-0.061891770411492714
-0.059478336657759937
-0.07440447421550889
0.13362650428153303
-0.04422971764281801
-0.02239864867510253
-0.17857403261782598
-0.2209745392624372
-0.07971064428776593
-0.15867228168851374
-0.12601698111233417
0.005490979800732079
-0.21501410964257303
-0.4055103795934474
0.08331442931365972
-0.06493188091947413
-0.11132134621646463
-0.31246433576328014
-0.2419274801548918
-0.061481787405858156
-0.06593402618020272
-0.17706210287703958
0.020592478945710212
0.015699693747223662
-0.045440887904376843
0.16853974062118945
-0.01940612616210712
0.3949084929388756
-0.15543168188291187
0.018315769442771492
0.18320985181187127
-0.20627468272300883
0.038050367768052214
0.10914379877248542
-0.04346520728547952
0.0609615582157524
-0.10959800190220267
-0.011862076565228375
-0.0013297029177862794
0.021785691859677252
0.04626833374679026
0.07347457121566459
0.011174776023890531
-0.10461924094986072
0.016827425061134875
-0.2269736204035878
-0.2495180083231015
-0.24034603272651625
0.09793778476834133
-0.1270051767988027
-0.17074023199407135
-0.09037159362935712
0.1247192778760101
-0.09757942845631383
-0.07383028194148357
-0.060657171267380273
-0.30324145575914313
0.10945946873106713
0.17259399785543494
0.025085127133521488
-0.15132678090843318
-0.08685855939568181
0.13877099631180018
0.08101091469434084
-0.08470459426371212
-0.07988243151028482
-0.0720423701977981
0.12117214308132167
-0.08203336986842358
0.01844857376388494
0.037551518707568315
-0.015273175681422555
0.003929669499165512
0.022779884872567078
-0.020009452756314904
0.04959279108638784
0.05207461587037512
0.08205233521769713
0.3280447906433025
0.049893538986026414
-0.08355999688279431
-0.04887235675653718
0.07088160490959051
0.05289656279236161
-0.00041006937747620453
-0.14071245773630503
0.14872984298229447
-0.0861615146860739
-0.029227702234277213
0.02803221167310847
0.06026132926633207
-0.20563633784879679
-0.006669383724276412
-0.03574015780695995
0.08199017803656261
-0.09474434096293533
-0.120613607027269
-0.19524195608386777
-0.14571054778041828
-0.11082067074846227
0.057570392612758974
-0.10057845584396487
0.02373121231908829
0.19851476154150027
0.11062355749659784
0.17870189732718142
0.07687352574372508
0.08788223255002217
0.1283887934691065
0.06150197955762427
0.056175498469310706
0.04033176948908441
0.09783386992830463
0.015861825716091925
0.05814627960675164
-0.11623987424655656
0.0679198099089384
-0.06818362882259253
-0.002418254536017888
-0.11985899988894387
-0.1745559331581487
-0.00853439901735285
-0.18048319871505586
-0.001447972204203595
-0.036963275022526366
0.016789961569189518
0.18809136631282405
0.11318685200226256
0.0629370927888916
0.08380235746169547
-0.1472728832461111
-0.14050241531129934
-0.10794932478503635
-0.03945487612219996
0.236635219694371
0.32914929970672185
0.2285532809443078
0.2502381650326976
0.20331824038499288
0.1218690161704051
0.21741130041140438
0.17261796693120832
0.05796631722002888
0.08047975202402484
0.05862091597898484
-0.10642624260467042
0.29263010733279865
0.10741583869431078
-0.024478432299255504
-0.05335879739251966
-0.056979467022768036
-0.04708232011904161
-0.2643393967213665
0.025127350026356375
0.24043030182151615
0.01275326820259704
-0.049305793552830976
0.02782110485044904
-0.18538226442560493
-0.5955053991014151
-0.6248876431065142
-0.2457360614118675
0.15935569038482528
0.3554387683355767
0.5211064333935401
0.44343812781937414
0.2827990368968094
0.2050844496144366
0.22956632091567453
0.255377893486232
0.11637302815515763
-0.11212849238088649
0.043866843697293136
-0.12959571883786178
-0.1349239328936487
0.11353011241491921
-0.0800404761980537
-0.09407719058260851
0.009308505302380813
-0.24669796699592034
-0.36514773516794863
0.04834012166328578
-0.14999697214009358
-0.2550812164089463
-0.3452613772618172
-0.033488547177315094
-0.5943316411086316
-0.5477768063886732
-0.25897209138130906
0.04600148651964425
0.05315076642822875
-0.11084284006665661
-0.08567562390178002
0.02777893168828153
0.26201272082801624
-0.0005407742773353297
0.4156674016404586
0.1184098889571553
-0.033065273547548894
-0.058883730118643
0.09553453330316042
0.04603584135884901
0.025625880086992098
0.045320684018486566
-0.004846048671981208
-0.30441631675632785
-0.23856240495957215
-0.4406504407498617
-0.47156651257208765
-0.5962173478671059
-0.534540755120506
-0.4961828810422296
-0.037028375678453004
-0.2962967056058115
0.052718454900664194
-0.2749029239352679
-0.06804735585865121
0.0646583639076478
0.018358144948828183
0.06661491703831271
0.06127877016781124
-0.3105954972743279
-0.03963918382485773
0.05396324220585095
-0.006913133390015635
-0.001514505285640807
-0.040685464921403146
-0.16558113295436241
-0.08507233460091275
0.20049936152497802
-0.028707486395048117
0.04432892110474053
-0.3010348471765285
-0.21002080588064634
-0.4628288277071486
-0.6070837394706934
-0.5723476220477383
-0.8021170988279409
0.12477109224951073
-0.015477654170692762
-0.28547179804472295
0.17841815858063764
0.040919331882268865
-0.48005457800785295
-0.13509601304530455
0.2833158010395948
0.4168009195042516
-0.0697879842568018
-0.16631356144367848
-0.26932081459266244
-0.1739465599490202
-0.16496594382512794
-0.02728809814393794
-0.04835784519547692
-0.13249251362901146
-0.184280453479591
-0.25179857404326617
-0.29302564873887715
-0.03319155487696189
0.0485754399738469
0.03287393982847063
-0.29720437068729355
-0.17346774339565124
-0.3821676315786682
-1.0193063319095343
-1.2372336912917268
-0.906984566621955
-1.1275275336804251
-0.35528817483308994
-0.4835330571680778
-0.5703193506018095
-0.3161803853833745
-0.2802023113252097
-0.06955103262900661
-0.009912808866618234
-0.46833639664891996
0.18898019074081066
0.0469257801074343
-0.12204095945827331
-0.14278197988299712
-0.5068295087648191
-0.02528696432607798
-0.009045103862639037
-0.2014336731561344
-0.3343255560404007
-0.028691864184892946
0.11100034425320336
0.011905778918493216
0.0487579761198402
-0.03188175409559089
0.2479373174340454
0.4171611043377411
0.4172794091768632
-0.38127358126240984
-1.017640675198121
-0.676569915441862
-0.5067780713231773
-1.0263682704929198
-0.8242654811969737
-0.5427940298822839
-0.5658530552316196
-0.3474991812688143
-0.4136101392776937
-0.43051896529740447
0.26128823411683155
-0.24242440813485747
-0.2952204696022365
-0.23286073115881709
-0.31598020435329505
-0.2920758328914496
-0.07030625072086044
-0.11536199839175608
-0.27733872573673335
0.022824373212380816
0.04932879460239157
0.07429947885983058
0.22988851027486792
0.24517740662928988
0.88960367864066
0.5701053818324017
1.1375728145905175
0.8985809708396312
0.10034748772959379
-0.34146265333807574
-0.48607939479546236
-1.0371239921296704
-0.665997200154896
-0.774491823748459
-0.9235307680203766
-0.5427822552566777
-0.5295683414807419
-0.3633104434805049
-0.33910645006545215
-0.5730216804742057
-0.42603966404295474
-0.44501637592280163
-0.5519352685666424
-0.3867993984453317
-0.30149038028533065
-0.1855605149829359
-0.19934695598773225
0.05105819914964593
0.039763081724163964
0.14611962145137455
0.1386251819959311
0.6883975367370534
0.32809469306677436
0.060697412373665084
0.5395172415739735
0.7025297053649096
0.5081690996889116
0.046324118029270576
-0.35337006015891526
-0.4005705057245482
-0.002456492863308006
-0.25222336968722
-0.7383162729222139
-0.4719666145576839
-0.26481513401100054
-0.5508169244471501
-0.6048610836353531
-0.2768902621361563
-0.37471802557131123
-0.3013962735372441
-0.4712430314794013
-0.027785458044420085
-0.004614035571122176
0.008790872394799181
-0.10070116188068325
-0.06570525733026415
-0.0450192608447849
0.17873472064996038
0.5131889617993598
0.3054870081185969
0.30199814429538496
0.3931246403999527
0.6739273439559915
0.6242441930356032
0.17028974062273725
0.20798795311576024
0.32541191054539825
0.29479869214352844
-0.2811151265913892
-0.16952152662130984
-0.19189075628243377
0.1401632493025419
-0.43221281483016855
-0.21211130076577514
-0.40275525364416564
-0.23609646567158876
-0.05900467592789079
0.1545486795242988
0.17909908006608755
0.45033200276788504
0.41844600715136476
0.30166721027300436
0.14741321300119548
0.058387635958810385
-0.03705559882450645
-0.05408035524461808
0.43926977802967937
0.17431018295498818
0.22124807993717313
0.16828230965587712
0.011777676770115963
0.19471537440711997
0.14706242197880587
0.25811859710056756
-0.3373343821769568
0.318778216474701
-0.10233810860445117
0.28355678525624406
0.08762810190839872
-0.2497584765403856
0.08756135977441917
0.028508811628544777
0.14819325076490628
-0.006982017853997818
-0.11691966100635731
0.27947053729522253
0.48323733848999373
0.7254563559860661
0.6916089937930783
0.2554722986759394
-0.07865666360528811
0.033400538696736065
-0.0639271216119317
-0.1593246723091631
-0.022300297993512262
0.16328446766634416
0.24659148517507337
0.25890046884098183
0.6083318387443051
0.8107977153313454
0.6880801777601749
0.12295055302345075
0.39870772780904906
-0.00011920903977092625
-0.008101753484949533
-0.09893017814089299
-0.06937267011005141
0.13087182261134417
-0.09000299756145541
-0.03393036083987229
-0.1880599958271512
0.12374552759428364
0.114550043382745
0.33886027992231815
0.4710669683741989
0.7065933503856031
0.7054648765909687
0.4280883707349916
0.2720287725113997
-0.05756841586919785
0.0478710711819729
-0.2198239414602677
-0.12841153301003053
0.01797595716602687
-0.11603528223457302
-0.2052479623576865
0.5659648594668057
0.2129026088545817
0.5027761500623026
0.44895056290858
0.5825630141139974
0.24482889810911868
0.4600449640755525
0.26883171079257806
-0.10235981859769201
0.37016477671590664
0.25376398277715817
-0.008669314582977641
-0.2928322539914191
-0.13625093186077133
-0.04707565527111125
0.42837257787785676
0.34011288477950213
0.4401585597472447
0.47673806121626605
0.3238387385267093
0.14827077688408663
0.11374285026887727
-0.03378183996239325
-0.04763832901306959
-0.13638297441449612
-0.14260449157537444
-0.29860549816566145
0.036564596455515117
0.2707665386152338
0.3095390189289856
0.3543671436024212
0.2946151156986418
0.18580650672403476
0.32547915058378846
0.28045639424329627
-0.19700005487836578
0.16715552719547866
0.012141145756798125
0.18464604959912023
0.37729717312797667
0.051337495612102095
0.1421713388602999
0.12359472243759352
-0.07924341122523242
0.15772809413541058
0.31589898995135707
0.06657531754911249
-0.0008239301352221542
0.1432569404556618
-0.012025258115915679
-0.11191477200279999
-0.11496758669801567
0.1066850839428242
0.09917260392863816
-0.09782663556837752
0.011898900364155071
-0.02213227094654033
0.19570350762042854
-0.028956735363915957
0.1989084539518113
0.3560561810612794
0.441540283893838
0.3066700250334979
0.06992883784523096
0.3781258711562373
0.32052729776406225
0.17020437984868822
0.400071108710573
0.6623967453754395
0.4446097465043924
0.27550165212263206
0.026415065184052934
0.09092191156091915
0.08600111678263515
0.09285536827122567
-0.0003889419470161363
0.16549389473758644
0.0854438544386412
-0.10583211319677431
-0.1651756838638746
0.06670538134812512
-0.046868814565976254
0.16670391434213866
0.2317112497382592
-0.1540495128037109
0.13302927903124404
0.41249237892813445
0.028458310909678045
-0.12921458932171073
0.4822339591188177
0.15943709033405468
0.4708925120206576
0.0976232953666909
0.344762805269646
0.35051517142973865
-0.03863062933339776
0.23759342509786577
0.6311382553008511
0.06101636457941989
-0.17454418364991797
-0.26718340427535126
0.02764602341287008
-0.062145472776507844
0.09039074667474994
0.08013239058815276
0.012239770857523627
-0.22294420825239833
-0.09804994133175174
-0.15349592595363282
-0.17942233816667633
0.1528374066372591
0.31641331771838077
-0.034904553650039395
-0.13113758963044203
0.33928228497870905
-0.20308303470068287
0.10780081918378699
0.23261357308397754
0.2473944087088441
0.45882673535179863
0.502656223172163
0.5424539369524263
-0.08121522494128944
-0.10516877251173233
0.1193628877834347
0.19729314586418806
-0.033702599272047495
-0.178282213219067
0.06345796569026116
-0.08341487806558591
-0.24101792371219763
0.08652261482430199
-0.018920030088127388
0.0582090726008383
-0.27189523668796467
-0.31037928352680055
-0.31400208868323465
-0.08147327922527625
-0.29007149986453395
0.21214681212807923
0.05221886085958978
-0.12958993841318883
-0.10862568936109677
-0.31065140192780727
0.0010503300936596795
-0.02838727980564056
-0.1872644702472247
-0.02536397352910993
0.24648002372621014
0.3456805035143915
-0.04872899346747896
0.2432349794154866
-0.24270764482549367
0.26284873305513823
0.282900410297222
-0.006930357398035989
0.053421765721716516
-0.01736944590588723
-0.09492042811324453
-0.07801099483565924
-0.12271695196864826
0.02383443203233138
0.034178036501984685
-0.09557091823540868
-0.14802190648174368
-0.16507078528201422
-0.4205084492013739
-0.14039497580914015
0.07741806934356031
0.20383480359612796
0.0650042124950763
0.29742110809025785
0.22541984711683102
-0.0008581078484377806
-0.10400085260030045
0.446473244445208
0.19709804756440683
0.22596408699257114
0.31354515574910113
0.13308873195472307
-0.29203770264384604
0.28050642663977
0.3484646373953312
0.3143694618634172
0.12374794432957983
-0.008655210813635083
-0.16493608057363532
-0.33171392760663965
-0.07199807349280572
0.12944327053528373
-0.05279587243224638
-0.10015308380305364
-0.16710678614253868
-0.11128501329359766
-0.15682677753268445
0.0957652392415044
0.08449645867956003
0.2888947843391493
0.38001935020660094
0.30818767990779183
0.5879538702386091
0.17200603406848858
0.2086282677046306
0.7277157340970813
0.20865859088489525
0.027494853416332985
0.4371052489502752
0.09014691100376304
0.15473313189038762
0.12640555348148386
0.29626467066490886
0.43553234874999697
0.11940311375737192
-0.0484461378406882
-0.10663680820063166
-0.04995981982407061
0.029835874670032157
-0.12412742258614494
0.09629015840805479
-0.10912298174665445
-0.0933303369726136
-0.11747446144080699
-0.12813339717223013
-0.005367345468988198
0.034149084757126684
0.20334176486731037
0.23959336578892645
0.06434046214865181
-0.508216650489699
-0.09080075604706057
-0.02839686312568159
0.1688798094928308
0.14252375051100255
0.1030193928337553
0.018975180706906125
0.1471701168854964
0.13977853334621276
0.007871710087341985
0.34109606275778254
0.4793496265129212
-0.06468574298402892
-0.3088274900221851
-0.17377084466104956
-0.16706385532359955
-0.1301424463434183
0.041911625361503
-0.026965902187370078
-0.13721761430166335
-0.1904723302461701
-0.08148220613747788
0.0014984018229114516
-0.1332379201975793
-0.23229531671859993
0.10299968081909835
0.11028229290521485
0.06357665981470141
-0.102458209087668
-0.017489172055811884
-0.14547472602557665
-0.12057912197941187
-0.18950295645383317
0.04790523509638871
0.2002210000969329
0.07569052953915487
0.004653685703914313
-0.008881852108641678
0.27328361569339316
0.17142249427763645
-0.2546078009813067
-0.4812051880401271
-0.18275026992951313
-0.012827851768020173
-0.05725008453798192
-0.05961316806190174
-0.06028679241553638
-0.14543250573631678
-0.06805445616799449
-0.10417946410630788
0.02153751195067287
-0.1123092373784386
-0.10186602623486671
-0.21109697026002927
-0.2070769690536645
-0.13330974712569987
-0.1330386049436154
-0.19183449451297152
-0.20176467974058082
-0.11502710493995338
0.07338191341118461
0.06998403029276208
0.06627723935853069
0.08429276946533451
-0.04591931380405279
-0.12154293771422482
0.20696865139304083
-0.07820576484988846
-0.26611164383732405
-0.2772540588814635
-0.06633490444594531
-0.19298001385837826
0.09409181637165219
-0.1647474789408788
-0.10519905125600465
-0.1779113332491067
-0.11918947875001888
0.2337195225429585
-0.053952517279919565
-0.15565185051875008
-0.21102942221243387
-0.22615365844147783
-0.1034367881944946
-0.2922817562200002
-0.3722010178057251
-0.2532264626603419
-0.11270942820140151
-0.1298672503149279
0.25394048255231094
0.21411765790083287
-0.16013089356581237
-0.2653527856138798
-0.11319780063592708
-0.23704162700771975
0.04941773462399185
-0.018597141729366277
-0.23418219933714587
-0.3399676982954571
-0.09407495311800469
0.13729853511663612
-0.14179630559944909
0.052846615842757856
0.06193833027538573
0.0580868538020398
0.012906237545899585
0.0587625606062323
-0.07657254910889785
-0.15598889308464428
0.004889067830114455
0.126143345997951
0.15264959490204139
-0.09211272420570096
-0.08164271037524466
0.1815951242860483
0.1458936966489905
0.2059366630136963
0.020304600810055966
0.08250405516051466
-0.2734672800541862
-0.20506229247517183
-0.15846360550822852
-0.20566816985132244
0.08382143083635678
-0.02333747064869084
-0.14543998195051355
-0.05681025818488869
-0.10820682963688791
-0.03733884412924803
0.1088306432344766
0.14712030181240252
-0.024352280605840798
0.02309031228410335
0.09460356295444096
-0.025987997991174808
-0.07585225758391975
-0.06955117006195294
-0.03753567895820444
-0.058755104939274216
0.014146551213572852
0.004427225080154832
-0.11387049560028281
0.08959655424527285
0.03402420651231366
-0.16962697977645452
-0.11306704951892921
-0.11321891024428515
-0.1540840379274139
-0.04637700779661325
-0.17797852251197338
0.1405527874541618
-0.05567240415103466
-0.13900126778023822
-0.027157639755207668
-0.07443278944211776
-0.2246031606974993
0.18614368107436952
0.002057422184698236
-0.07649433077653203
0.10837812927837709
-0.20294308834790656
0.07509713416961337
0.03640934857927253
-0.03973058886547068
0.13959247444483866
-0.04003727827415539
0.06612898686279303
0.07889733196661286
0.1389496377730759
0.038615728678763284
0.19673710825567986
-0.0011535734753808364
-0.10817918873656428
0.24466362139035672
-0.17880856666239764
-0.05377161964507714
-0.016442019480736897
0.09001691182390094
0.014120524868049579
0.07071679551733974
0.11486683995821571
-0.037892819967629505
0.1536270319068428
0.09014632155912725
-0.05294255396793393
0.1762936722824883
-0.16962128296943949
-0.054440624273315544
-0.10294676995370901
-0.02490590677952929
-0.007800564419838292
-0.07037120811128575
-0.07648642452346333
-0.30928039583665945
0.2815040214996279
0.05265344292481069
-0.1377344995207728
0.057920614041725625
0.027595115621805284
-0.11225238958500428
-0.16999453875403922
-0.0345391379091484
0.06591563394394921
-0.23281984809051479
-0.16778456225376126
0.03722959458426107
0.0275387939243047
-0.14356894921111946
0.16878907159412537
0.03612964741290015
-0.09654342331198051
0.2960371222576364
0.025319117612405913
0.12591396145838257
-0.210564341808141
0.0715897643761796
-0.19930391577099774
-0.01664449052516616
0.13842720281781815
-0.15238012985469812
-0.11782871433158498
0.16720220537237382
-0.16428407858008204
-0.0711958302852745
-0.11919682946992291
-0.041415948531368686
-0.17390783762216674
0.00505433797032309
0.2540637476279223
-0.06432528725697874
-0.07108911877436187
0.09422749409858806
-0.003187113535142078
0.0584058176143283
-0.027534523987787857
0.09151371920170229
-0.26429991936483505
0.1545870188858469
-0.038452046118117617
-0.09702626432637595
0.03463504008441331
-0.026382563254573214
-0.011515634512303873
-0.06594430959342018
0.17203296636250032
-0.1164072350286226
0.01827781078180147
0.052840684921485886
-0.0019131688546106932
0.02562955525066544
0.2895773115382406
-0.04792914022404988
-0.0891316353640962
-0.4548907508251294
-0.6464891581867449
-0.16493671870439525
-0.06844855431976214
0.2294492063010425
-0.43974529769866205
0.183817697746399
-0.10258888164086144
-0.15196447392689602
-0.017502543500770212
-0.18238945000095996
-0.09318793862544082
0.1114363950843951
-0.23161825613972692
-0.14908588409129434
0.031160962417307213
-0.003291647020757534
0.11056806407663446
-0.06394063342639468
-0.03938648054987546
0.07323765751216373
0.04939442433530541
0.06733588457690856
-0.22633623979119744
-0.14100602944200075
0.1755965035462236
0.2174038311490314
0.054522924117414245
-0.16058673776487634
0.2716628242731097
-0.06283511603465851
0.12454155321737012
0.5321318201204928
0.5258044852334305
0.08040809186812088
0.4396753311569146
-0.07627988428601844
0.2537155991612022
-0.20484681481580216
-0.3628766398887702
0.06369469260826266
-0.09463284493470786
-0.07877733592551167
-0.014432697561671653
0.13859881078145994
0.05256581500134558
0.025204783670495105
0.15706290643570373
-0.055218968492111144
-0.2790468310218424
-0.3969346827867372
0.1696128608983217
0.09773144618796702
-0.4837213895407705
-0.45330305593101655
0.27793299713545766
-0.7111646790580213
-0.4094907988558595
-0.0004626110555042678
-0.45929645829952775
0.46407170030103795
0.08752508644075901
0.13974216257712627
0.12211591935004554
-0.1806335087049502
0.04680271055657284
0.06173070301212057
-0.3328223957865393
0.14681380493616208
0.005345077046883332
-0.20052846030973848
-0.1239916161361274
-0.13046712257820767
-0.012135782169416106
-0.3662290007480352
0.031575192727092805
-0.043156258187447234
-0.38085407331939275
-0.14801748419082994
-0.14354865794686647
-0.1367244394564908
-0.5799477865679531
-0.20722210436180358
-0.1806873804707183
-0.009286782631932526
-0.48906634022540496
-0.07169739888829467
-0.66834159199008
-0.07395323087396809
0.0394849567022314
-0.6383244050055494
-0.6355120733433789
-0.6974406050680924
-0.5167541650980598
0.07183109308677038
-0.40857557051005283
-0.38822289131955434
-0.08602421445883972
0.1431240630334693
0.08712484057426453
0.11029961729895368
0.28694423634557714
-0.18718622017609296
-0.1546607075184372
0.028929854009002758
-0.12199742504463423
-0.14152727591947434
0.06468260919548693
-0.2553719278776629
-0.7244321761566584
-0.49375007233500584
-0.40505250847589364
-0.44064967241878844
-0.648746431454354
-0.046644004577699676
-0.24742556496059886
-0.3656959053748379
-0.19001219974613445
-0.5927883797653895
-0.6419995351172386
-0.07274133599925328
-0.5139123422284634
-0.2029888672478609
-0.3099730866208034
-0.2412985478520473
-0.05317985396445749
0.09831711184591863
-0.04639758086471911
-0.05763188433771278
0.004528254853913849
-0.1352707158327775
0.06146193887162927
0.07412246901672391
-0.13743467982262986
-0.15244468672938616
0.1392179470917607
-0.6194138803667221
-0.7830964954021943
-1.0436100018699699
-1.0440739321863433
-1.0635375208036069
-1.1042478002052571
-1.116735825263241
-0.3402812950667415
-0.6117745054804491
-0.21600306466763844
-0.6827801476416808
0.00797624284489752
-0.1369751062776535
-0.10139492531112165
-0.24825705947165277
-0.0013296427919280488
-0.09189355014895118
-0.010125293783270959
-0.05428097620679576
-0.09623721070762128
0.10282740497345141
-0.14491491204096169
-0.11427874866429018
-0.1592251879465299
-0.11405421857910872
-0.14465789387336633
-0.30463954361456413
0.7193394705831688
0.7729677081747699
1.653030322039497
0.9225516413331659
0.9120580577114703
0.6438792461041112
0.9256273958416938
-0.09416249759211417
-0.1905105453327804
0.2869644655389558
0.3522866370277484
0.05969173661663073
0.17949617650257785
-0.17560966042770587
-0.08487495449226667
0.29990595550985477
0.2606531719477903
0.2669043134073289
0.07259093612264479
0.01240210242900489
0.08936491786291874
0.09042857290725007
-0.08155851462349788
-0.04453960473739564
0.010638212628614762
0.2606137156726742
0.31865966059077344
0.11009570488362948
0.24246199239687988
0.48858637555508
0.9204980790458216
0.8761224953352638
0.90352101508072
0.6552467377676324
1.1460069403242534
1.39320409883016
0.5303594702650379
0.8577467855977455
0.7206771173282804
0.905947138818569
0.66989704624592
0.21088779336272484
0.2545391709190208
0.24810326856744255
0.38704352896439354
0.2523203063101058
0.41472260272725264
0.2710142362396081
0.20592260745024063
-0.017137330991329396
0.024467538017283335
-0.05754122076076719
-0.001922283088382451
0.4285307056301427
0.3153926882142428
-0.032477697829669014
0.09614255815186361
0.46228967234657814
0.5589811844534749
0.4066751130172216
0.5844637738271407
0.21539514788900657
0.4836606997545946
0.43814120535191914
0.7668301021891529
0.41839816498219456
-0.30206645920560404
-0.060336253464614915
0.25848721099589456
0.35412929066262955
0.28064303488423636
-0.021077097800169697
0.4807639615390398
0.08687839875144818
0.05081384807041949
-0.07689365584415873
0.06572488915688943
0.16200330418055103
0.27741787403793
-0.1141467567733591
-0.08751975628486244
0.3171067707261736
0.3052657365810607
0.05716411792015129
0.19343320145103332
0.11974969881889125
0.40966880802031347
-0.09773681735528747
-0.1215747980071512
0.005644594715450219
0.6414664203054776
0.2495025108022805
0.23889323222463907
0.48332728005963443
-0.16800155965400027
-0.1881697460820295
0.009452442175048146
0.06327340371069519
-0.3355471645558335
-0.07739522575202004
0.5380579450741435
-0.28069006465424046
0.017347630046275132
-0.1593504716520362
0.08029155753672959
-0.10322071142346542
0.007776925486098587
0.00311150500853689
0.27798361741526206
0.13652833677274254
0.0876609688540427
0.30878500262498254
0.02654449628566847
0.2856211989534783
-0.1994962020748791
-0.3715940912110101
0.0500357948442932
-0.04445645158879059
0.2391513169807396
0.32799825667446947
0.06283059380104253
-0.11124855996923068
0.3688061132544648
0.2291680992301666
-0.22287842969556146
-0.3510328445045848
-0.5102420584230049
-0.18388200347447564
-0.12477954885651427
-0.0876732068764245
-0.3351746709828187
-0.0984448196710783
0.2513934459917829
-0.029727872909341056
0.0261489932628756
0.10696650782099178
0.05331967235784102
0.22799426645608817
0.34942979550116976
0.5813781847276127
0.1954873368030816
0.318412714316625
0.07600476326511092
-0.6777493240274413
0.22232878279320523
-0.020563392608034924
0.1500680277495837
0.13138252314840773
0.09943831444181028
-0.1211504166205409
0.15411247982963963
-0.32244130048827285
0.2576526484266614
-0.268210529536487
-0.19376903502519652
0.49784064759173774
0.08374214041180957
-0.1210167051736661
0.30680539519103106
0.030910655545043176
0.12584157415052558
-0.24839787236145347
0.20436035097268707
0.13135893198541743
0.09691438945560131
0.3465539348846374
0.14741392991041968
0.15561147089666483
-0.2787594805061618
0.09291608170360051
0.4786674729246728
0.027419882560889123
-0.20382430406788438
0.4126084508274937
-0.472845514542528
-0.12610872632590503
-0.10776013662826701
0.2175121810090813
-0.4058249566297378
-0.3910090496281638
0.05430148805363067
0.029328272764318153
-0.04207373037080286
0.4225419008665954
0.24214109873758455
-0.04296367095988782
0.1742242633631242
0.08544081419907466
0.07269359340921991
0.008598513473528302
0.01160677795931903
-0.07790249303957775
0.12731674558950112
0.4197540982397345
0.29460185456547444
0.1640476325350501
-0.26283127248432675
0.1888578876597183
0.07987960935968051
0.05948697446224304
-0.3389045852044187
-0.0002452380002454126
-0.3464299554465735
0.3609031992817113
0.07475605615578018
-0.31020459052878074
-0.42595608536289215
0.09992974902533942
-0.08352094266440613
-0.2062045343082022
-0.3408927242017747
0.12219717359425938
-0.18182832187409534
-0.3342722776927
-0.06609210397577939
-0.1605862891377384
-0.03109309419575725
0.07268678323197064
0.16054936351116092
-0.15597671342109054
-0.43165492144251627
0.014042067233042885
0.08064378170942506
0.026800096045775317
0.3598042777988133
0.029566800191098946
-0.21181124609804283
-0.040960425712306264
-0.05587834844506289
-0.15299376550390528
-0.05494309705060509
-0.35819098713899433
-0.027445743811783236
-0.500083788403043
-0.2474916459453808
0.2481296701255084
0.19143348648061745
0.07551791653520702
-0.3161361319417807
0.04321990917421951
-0.05370127158252919
0.13380080269065336
0.0290242123105737
-0.14645655150265607
-0.019660336098914547
0.06653594594654065
-0.11907416107975131
-0.0697235579427388
0.15989018874300695
0.28260396611884614
0.1665585498511704
0.3843964014316255
0.37550488106001517
-0.10170043120415385
0.05513324405466359
-0.18687961313986656
-0.28859212670709816
0.07168199202259434
0.2679782634881632
-0.02633107192423383
0.2939610952322633
0.7241839057550515
0.14630704339381082
0.6172077671772658
0.5460168926287833
0.22161812147485846
0.31410232916306097
0.37005425954754945
0.26383033503185266
0.2742552920850149
0.4325955898940366
-0.30265802508707074
0.006355381337708944
-0.04228831352614834
-0.06308589853371739
-0.06733284940853727
-0.009189959081269303
-0.07956720266967089
0.24343932517628603
-0.17117375945514596
0.18690125067935942
0.4352209462031813
0.4968644064092214
0.24135532841433407
0.3579472992980626
0.1129337268389929
0.06447514537954119
0.3271452576530559
0.6144180791133125
0.7998246207468832
0.06432370424026176
0.5484037275457885
0.517240789346917
0.662316582051366
0.40077652404038805
0.39176009738484047
0.6752777754427572
0.26780045956835774
0.3339295611721786
-0.018383521286171933
0.12330453099604544
0.15215487556839122
0.03196797542858121
-0.1990255117799047
0.079730266669326
0.2302322679281597
0.2484028784169457
-0.1127870555580481
0.19635479936575811
0.15447133727521906
0.7541525409323895
0.19893490443126083
0.16313543022027993
-0.14341885876256577
0.23621780514859841
0.4941237442981344
0.595293872990764
-0.03400533274394011
0.288201943402243
0.5868596754241802
0.772829886114047
0.5253118933021504
0.7334891658434952
0.9849013575111986
0.6942386180173427
0.2970970714200921
0.19151912059470821
0.13812179178079198
-0.23744186775621023
-0.02866011774090194
-0.22414095070757006
-0.042592744269604736
0.06748202301212128
-0.16975992174591836
0.27239732811280615
0.014442735118436929
0.014187850805231442
0.1486396924533708
0.4244185413798094
0.14797886395958568
-0.06623063567516171
0.06337218011294476
0.45289055089685404
0.4860430798820945
0.3839978584928338
-0.0385691286026431
0.14714638042496433
0.28626688681862306
0.8746932155780578
0.5429901060044333
0.8148858183539682
1.1647215258418602
0.5912254162818834
0.5272446369257409
0.429549145693138
0.018784546108827047
-0.05250842726649606
0.24764809026382345
0.14460891404735465
0.04125594926583629
0.22431758972790078
0.1543820921417167
0.433574644506213
0.17143536406364962
0.2060959112711145
0.11679352068412917
0.030875285254148968
0.3292975588643641
0.6306670087720633
0.5232933076468589
0.3845852315533484
0.04764167290603581
0.17779063860265884
0.29802163402252124
0.08843825046307548
0.393557884821923
0.15738297659991257
0.23142463668616145
0.5033581114402549
0.3625914806079583
0.7066686610583599
0.32283912347020033
0.5231948401713642
0.4410316442124101
-0.09180702256156217
-0.06838417272171549
0.026902058733067554
0.1274445483223457
0.21183342786672682
-0.1348171932041471
-0.05128246769605876
0.11619443086645313
0.2223289711645825
0.1965195808930715
-0.027266861691348298
-0.014821380084534076
0.20913635248813883
0.12206485777651126
0.26442969484050066
0.4092188395432856
-0.021407123349288428
0.045922560143454416
0.13983187196457783
0.47666251951693644
0.32746497149548637
0.3197610268576167
0.35440343784038114
0.22618941405459494
0.4128114942173815
0.3157033184082242
0.18983211088708804
0.21357660446313345
0.04787079107935375
-0.08889146548602571
0.03401149581121512
0.09223627865501828
0.2772195151430474
0.048428661622493124
0.0860276327617145
0.0192449578078481
0.334580478278104
0.2663270645209817
-0.03876373843091742
0.28838089139387146
-0.10269189572696438
-0.24172257693698612
0.30689929371021457
0.3532039982049005
0.19043891919059258
-0.1701798132399673
0.46646118085216154
0.5230202077297598
0.2695596799583217
0.23177633748133525
0.3548360027475408
0.12207695640474428
0.3061924974581788
0.5413732073758487
0.15629400698641074
0.16056601348707725
0.28107464441399177
0.050200443707769785
-0.18355440256520034
-0.19343101259421003
-0.22374434970344387
-0.03823946924613499
0.0797589157818391
0.10201993538510477
-0.01586198341960271
0.20818769738985782
0.09756238753240487
0.27467700213565477
0.3336360737707488
0.09482198139446389
0.5090798799747551
0.502709423084956
0.42595041403094314
0.06465401807538863
0.33074482948293527
0.15109834595685384
0.3415599322751783
0.40471929958567415
0.40057864392449166
0.3843266271948275
0.2917977633725201
0.32222469938776993
0.01630437099342817
0.0561162020872141
0.14559825929102288
-0.02649692589326485
-0.07883151815127326
-0.07472651319871046
0.10190630046861032
-0.06315449889350593
-0.20054887626180196
-0.13966054451529916
0.02051747496952198
-0.1038094653015086
-0.12126213708885471
0.09247967979044026
-0.10602546364954381
0.10594664239962892
0.2141545950195096
0.24156480396346033
0.1703410781399207
0.11791872595538867
0.08240795299926829
0.08463226855104833
-0.07429374838286705
0.07662557022868177
0.27915286633226966
0.1741267096397035
0.26382058374165773
0.12733244447103992
0.12159899785862398
0.1777258545651447
-0.3047947411347393
0.07466580752719973
0.30914757351752636
-0.008855744122152955
0.08548465343158342
-0.03529332335315079
-0.19886442249134234
-0.2801827699484825
-0.1180623502628774
0.09128314494562374
0.05747887981671154
0.09305534405491643
-0.07507696195776185
0.044474656351250606
0.10692381962416925
0.019247171692303743
-0.0887536154039429
0.019374592985075073
-0.15297622892386079
-0.3935326607600683
0.17380727591005762
0.1180641008667432
-0.06378304543009093
-0.028822829174882592
0.313931961044996
-0.13281878072928044
-0.1426186453871425
0.3669469247261828
0.16597058677708434
-0.15210796935467324
-0.11483219768354391
-0.09522827532026307
-0.10688422878142899
0.1407901240291707
-0.019101525930635983
0.05768597412962748
0.19936963737639238
0.2491515054213141
0.010407297266732752
0.16944445161307112
0.0863083364392493
0.010744847464131364
0.12247167201848565
0.0851550867401185
0.024362243845601452
0.010480930886318605
-0.19672529482129056
-0.2783164484457131
0.13344290701415013
0.21495162358043976
-0.16579800624382754
-0.023752078884793738
0.08401207575499471
0.21911860406995742
0.12079194282964273
-0.002689750846039397
-0.08470270709109969
-0.21705098808585516
0.1092834495921536
0.03357592296332135
-0.10042791109885435
-0.2443297217986546
0.10408296384547797
0.035198634183103907
0.019824183934327416
0.10106482609901622
-0.013516874083954007
-0.022289393000370493
0.1004392429029843
-0.24630357264402752
0.10280996163204434
-0.0594225955552823
0.24700359410143707
0.21999632306044473
-0.09273799349835005
-0.04731035587081191
-0.10740734781464494
-0.286194550676671
-0.0885677530732252
0.011857352757706656
-0.05341286946777168
-0.004225434730606195
0.04931339132847584
0.24108496010224503
0.3544072083342134
0.05997062612984902
-0.062261860733392106
0.06672106208121115
-0.14710617738559212
-0.00010188819127534548
0.1700893284133757
0.19869403175113912
0.31713051681086624
0.15036169469081287
0.0032865164358768994
0.05776816450873651
0.015106551027616759
-0.23555588488106025
-0.10204657276397625
-0.14240359019896487
0.18734793561830376
0.259656893353193
-0.1445596865610266
0.18883242868372666
0.33226488075051924
0.17424592926529642
-0.10541736854505879
-0.009583029016682024
0.18139076188786257
-0.13840259052681242
-0.05682504199425995
-0.013048240776309145
-0.28385076745955073
0.11269723367771668
0.1415137361657664
-0.0033914425577183183
0.10396672333569297
0.014930742608671398
0.036159280936580294
-0.07488092058987357
0.047341208667836275
-0.10419447559522466
0.10675256220791933
0.09085598674611194
-0.17020388000897266
-0.09249632658945217
-0.18945880940447898
0.12854405466729132
-0.033994569062973094
0.31089606633370287
-0.17210228711135353
0.08296839768730443
-0.09000467650000532
0.30948918827491423
0.09391102023119773
0.1654710525748547
-0.12483109424186165
-0.11550578985377888
0.07868051713745851
0.22101935105249143
-0.053946894373162614
-0.09866676796567901
0.08155805521892547
-0.15118531214324749
-0.08022460436459342
0.00614515214007066
-0.01950874698112553
0.17252724757476942
-0.20660675827465896
-0.09687303878259657
0.27384577747867445
0.14246061203855212
-0.25151486013479885
-0.20060789325629955
0.05005075740892905
-0.03158678423498106
0.2735863753718207
0.0020167203508721187
0.3119239130245632
0.6558410153210952
0.11465880798942052
0.492516193150653
0.42313594825837764
0.1184036505592619
-0.24030952148088303
-0.20633369970131768
0.17559804545193036
0.1815417837441401
0.012767112709804376
-0.03818977058360267
0.2396885789676469
0.031451418763112415
0.06671910577560482
0.3469322622724514
0.2518933327365607
0.09690455714799859
-0.15359237725332436
-0.02975631502316036
0.3682781804127049
0.017418237479013065
0.06319924409171936
0.45559305087765284
0.21812710910090313
0.05786695029445247
-0.11684300499936541
0.4328563579400717
0.14939199637928233
0.12123410346816123
-0.424232860276455
0.053801582876783494
0.35386047918705216
0.11219181514869743
-0.05405016179541222
-0.039846865695607116
-0.007067826020252332
0.3914734842358126
0.03131540311031135
0.04651015694606109
0.061271004505753145
0.0453206393306373
0.11246779846561443
-0.239696370202675
-0.31405732837801414
-3.770412780533046E-06
0.09880890638620443
0.030247231038683438
0.3962196089445173
0.06313158896356912
-0.15744713429013424
0.048100275468727124
-0.053851425704704976
-0.00044488665665592605
0.04520810228910875
0.040795072320289116
0.03329848039979271
0.2277391191332914
-0.2588350184019407
0.2541303160183707
0.3036910988614747
0.19446838267238825
0.3378348162893003
0.37652453052028556
0.0629655554459606
0.2557224617219515
0.007669697196041861
-0.04267035037096562
-0.032592153984948094
-0.1154111701569558
0.09563709402729921
-0.5323186909992234
-0.3651220108541023
-0.02996786181601983
-0.1757615342139452
-0.2235008847760323
0.16857410484159008
-0.08136280440665329
-0.045853472942317425
0.3833094266640229
0.09553472798601745
0.00791359184925707
0.025234040792647128
0.2948990297528736
-0.10253661945192301
0.23626448530506713
0.14768644349100069
-0.18840163411517794
0.20806636620166577
0.25585457484632623
0.18171475495898642
0.05400263873268233
-0.11974562732287677
0.3438596415685791
0.04714757177485463
-0.02578852460617768
0.044127420919243196
-0.2822447963784312
-0.2600286937106993
-0.4215561575711587
-0.3734135814090653
-0.0466918267089179
0.1749560526626002
-0.20105451113484607
0.4393672253735449
-0.1295651945104651
-0.15288505768829413
-0.4951220338702726
-0.1504909087989219
-0.10151621675621376
-0.08762622484945262
-0.05585874483795598
0.11441747197268225
0.0048744159545589345
-0.02451097473694494
-0.10195815210390094
0.1881371772638588
-0.14389947592826643
0.4129916361893666
0.05410262576978187
-0.008688700911942336
0.13836051804498437
0.16418069383106812
-0.13120306223771946
-0.15186346096628237
-0.050347592342793276
-0.20066401834539935
-0.3725368516548697
-0.34574498526329905
0.0027795252160821983
-0.3833588290047047
-0.2738340904350249
-0.38651008463178355
-0.4440142847393715
0.11182561195353284
-0.12738412919322523
0.16572307492660726
-0.051088736664293095
-0.04950958451156486
0.09276731858542814
-0.29104279439108016
-0.20882660114354257
0.01792818800625008
-0.04816278679617568
-0.5367896272384157
-0.21530529979017765
-0.3192351606789587
-0.16792004695862725
-0.18549189312549025
-0.1781791896390484
-0.036939659010795614
0.13993058658297278
-0.3552068419605668
0.066357334680719
-0.10814686172217966
-0.12795822884114363
-0.41127012475773356
0.1825880128043993
-0.2100609087500759
-0.025015157683880265
0.09788366401427588
0.35917431539635963
0.4297124116937871
0.30543656357353777
0.49604134157827595
-0.2362857323643429
0.22734026827725431
0.3148051349304278
0.19260064281742192
-0.14568722042766008
-0.2963456373834079
-0.040267343900217044
-0.1752590859541395
-0.40280459500131605
-0.4585918102243043
-0.3782945636604436
-0.13757141351162802
-0.1556318483339425
-0.25666006441142025
0.08599884283413434
-0.14703781004542962
-0.14241149178419685
-0.21858843717059287
-0.13135491300818508
-0.12655727045379084
0.4284667845081277
1.0299659134902908
0.824883784368241
1.390045859091279
0.3673310213662648
0.5610075941919588
0.41848150205752127
0.3190447316782591
0.46308997923672324
0.2574068153759081
-0.16036561386346723
0.14254904818383413
0.3521088714075065
-0.08273379718533996
0.32502221880307686
0.17628599263434722
-0.16579227212579467
-0.13130630743408778
-0.2192719887070359
-0.17242388618559945
0.01955289782865591
-0.12793817518549658
-0.08293325281680464
-0.022484004045262213
0.1791992857320958
-0.3433897279856154
-0.7328861185850201
-0.7908383348797817
-0.7460426242768464
-0.5603390868996542
-0.41739961744826876
0.4325457650907417
0.26910124127959817
0.22157137620475803
0.8434815714431524
0.20136741809025324
-0.010490758365860196
-0.3790826256247864
-0.00925693102154833
0.042069485541257425
-0.19863347920411725
0.3798877407272015
0.13107795816957235
0.418086831889509
0.009989679938024434
-0.06202776693137431
-0.22895709361310862
-0.09110932429366919
-0.3669168808715797
-0.1710432664457076
-0.0056921656165187465
-0.1941024588379337
0.05689209595617224
-0.2527487115054653
-0.47142224903068114
-1.0837128531470326
-2.036185105113735
-2.8123708636256786
-2.5444149065259007
-2.7668607797540425
-1.852446385409774
-1.3142278540448442
-1.0533949810817242
-1.1095581501201164
-0.6426898931745153
-0.34491195636068345
-0.26871855152584806
-0.6452569045246405
-0.06441738957195632
-0.2830980634997714
0.09230868031977768
0.2666230427531434
0.056016519780885766
-0.10916123249852856
0.13732524441489402
-0.15590891117361103
-0.2921857602044045
-0.12565619130942962
-0.013518678831317596
-0.01329080106392787
0.029151192966083008
0.007867783383788168
-0.2961763910436487
-0.22543587903577716
-1.3658641062372014
-1.4920110199576435
-1.8377059523977337
-2.0399471279919843
-1.798070042041019
-1.9402885845832225
-1.4723205395205914
-1.2173705843866904
-1.0922063304555514
-0.5511470523677019
-0.23410808220818088
-0.47262797897310294
0.06516662032310014
-0.19028468273472257
0.05224575802987568
-0.24075522015375328
0.19778185131028744
0.05398491012674454
-0.28494045013828595
-0.11771653563250403
-0.11070956098032045
0.0034516979457993643
-0.12317512853319482
-0.2813777562173908
-0.10461757354430112
0.0737667939702248
0.10046795241255388
0.2992989442985279
0.22702708587409162
0.8255429697747315
0.9586254892746324
1.1360211447141784
0.801302453774031
0.5680416432794898
-0.108558382155728
-0.028239636121241713
-0.44657211150001935
-0.34340489036544386
-0.5639772911781887
-0.29385514612987457
-0.03587350105975177
0.13413925935110396
0.3244590055398067
-0.4603452700825012
0.20015933965869115
0.296071668280731
-0.019930372175130818
0.31549210632861047
-0.033574444235147174
0.13270193537478386
0.06815631210773226
-0.022783669689491567
0.2000446675555862
0.05090690962610149
0.06443168604506291
0.8952856668886713
1.07180783387543
0.9711757563969275
0.5200959986739694
0.7374264085712579
0.2656681865442732
0.7191807979955899
0.2201364617521213
0.44806279760947326
0.020783563944865312
-0.09999901702898932
-0.014714263976285544
-0.5102213039699063
-0.3409601309239694
-0.40126958328472984
-0.7048534701926167
0.009100210744942999
-0.15742820681108674
-0.03878231688526848
0.1413899179997897
0.08878840651140502
0.17969050479846713
0.07078900213244485
-0.08821182152977271
0.05641362399901366
0.12565610662391716
-0.06841689627673665
0.17177257633301615
-0.023263612468661536
0.36067248671788027
0.23979812294156028
-0.09842366920728304
0.26717273857412116
0.3371174509890364
0.25119726882117493
0.6984962006743869
0.03713120602436266
0.2933626098581633
0.1740333684539432
-0.09308063862655488
-0.33259572738499166
-0.36410862170601366
-0.5077890137325366
-0.06774141282385161
-0.2072779436498142
-0.23681860502112706
-0.29293256755715397
0.042782560448790745
0.06339594446461651
0.22249747898509883
-0.06976896420963737
0.29338251242140634
0.19570215466527222
0.020123139564372623
0.11487876226160504
-0.3674568858799301
0.2283791836261077
0.2454150312978771
0.1841204850627453
0.48232482217598843
-0.061657110236112415
-0.1570112921163147
0.11343338078760348
-0.175384339745018
-0.07710287568144739
0.019110995043643293
-0.24006213763982695
0.23122149623887958
0.22113798579284755
-0.34083563244339765
-0.11252792737220935
0.1504085584366035
-0.08182610702258492
-0.21318262279657932
-0.2912098954863949
-0.19738343542704684
0.047345790953551965
0.30475634795422973
-0.047768091725060226
0.14088179108091484
-0.216502443001566
0.1595449182455072
-0.18969983213090988
-0.5809701904697514
-0.2700786721934402
-0.2947732903910575
-0.2883512414465222
-0.12771543473037145
-0.2904966246622083
-0.24785011907966437
-0.18019899175115284
-0.17426021022544128
0.14069646407550565
-0.09786410053209742
-0.013537779445028918
-0.02796363514745764
0.05248286199950916
-0.11067780229765421
-0.3558409650008742
0.03771858623128807
-0.12889588505772853
-0.21122293874609163
-0.20119265741192416
-0.5584492426090305
0.29141330132501564
0.2420110020070811
0.26968147036014206
0.040258544433179715
-0.07290549732973928
-0.0646187205268631
-0.11794679730342117
-0.2711114947312436
-0.43203830442035374
-0.6006475851230025
-0.6558331531605901
-0.4380208399909805
-0.3899934148244918
0.021610653020147846
0.048932974847773966
-0.29756454711988134
-0.20740848255373806
0.06757061998905477
-0.013695087117555927
-0.16785853979292856
0.10581768704754203
0.012768513572883906
-0.1356845977907762
0.011545789665998554
0.1101340305323659
-0.4347914589623051
-0.274562975691272
-0.10076887063318321
0.21036718066740204
0.2369313234703295
0.18911701109708565
0.015756484767852547
-0.29546357734206
0.14876153256035413
-0.09335406119509929
-0.1468761211692406
-0.06865950029876834
-0.24558283100862857
-0.5246886403509203
-0.4075983634325408
-0.14130230696791976
-0.05796329609621062
0.09268967369676047
-0.3091630118683335
-0.08318185461823016
0.026501044462703956
0.07859471548018623
-0.14138469841238543
0.28183070022733003
-0.22238806948097856
-0.4541204405557073
-0.12342879419986219
-0.09820477495168237
-0.226785187789453
-0.39317376721496167
-0.02039163130227328
0.12937408494660207
0.2583546792747033
-0.16939414868985958
0.1279283954685237
-0.14145211102537983
-0.04894302767002879
0.1847791581975049
-0.02904691345704393
0.11257481068977744
-0.1831850481712681
-0.2617595907065898
-0.3113971074793126
-0.162287524371918
-0.35599879109964705
-0.44620687214203897
-0.2602306267391402
0.008689478333561408
0.20878598939776344
0.10733205937864151
0.08980489026336087
-0.13108414249842493
-0.18131574497360553
-0.12210635695916618
0.1712049061333012
0.040955468883345024
-0.3337185957551098
-0.24954380756618313
-0.11722156031092747
-0.02392902555739771
0.28406344289838736
0.044175097754209025
-0.10497087160452469
0.003991430825869972
0.07536410706035421
0.04515499429839464
0.10607162323797724
-0.17738671670087544
-0.15533502155249143
-0.0019672986464119115
0.3134306548058525
-0.01977011573966495
-0.02677091202303387
-0.3625753667254434
-0.5946976445443284
-0.1912015412511582
0.019567978805558623
0.042627225987937674
-0.19580976004005426
-0.009995765582531357
0.0473756814045922
0.14619286648398558
0.012479559580436552
-0.030815380006870712
-0.13633786206028287
-0.21251093956690012
-0.3499636837686715
0.3448627571077982
0.055901540328145996
0.2013159388720178
0.1931923536053174
-0.08438828585946816
-0.18218620558036724
-0.09447777746484132
0.09006055057757491
0.4365333786632341
0.23916111426596134
0.2506659230778757
-0.12096924563282216
-0.026010871504081903
0.09344413858987172
0.12001194565386177
-0.035462530472177706
0.24847060556017572
-0.014256602722749326
0.09668052963273203
-0.22597860385117335
0.14617280733181404
0.1574949730151024
0.09206693556547678
-0.04277404163472821
0.06745761852238179
-0.18455833147528314
0.058330301315363875
-0.050407977346335495
0.20586196291733244
-0.02767303749909261
-0.11974287448455392
-0.16296628536273086
0.1307367679755657
-0.03463259075518979
-0.06230028613554834
0.09303434517347653
-0.15769037191773635
0.11150753648182872
0.13798624217585675
0.014387590255133429
0.4570262739422852
0.2736793097488178
0.46315387538396496
0.10033098556167315
0.2638288764355888
0.1074124730202268
0.29458602802251144
0.1697609827645237
0.1535192967655257
0.17240018354852515
-0.10366756732110526
0.050779338326061046
-0.01852945666818834
0.07890210443309954
-0.09038552267010676
0.09754626074318441
-0.12873238653650074
-0.12672800489583888
-0.17468117735191488
0.07334793974863894
0.11207728668438989
-0.07458262900694107
-0.35035522463485275
-0.010929229360623259
0.04955991258441733
-0.19350976325391364
0.43763451590258
0.2033218869502524
-0.06855810620410686
0.04217570253341537
0.4994883971177466
0.3069322843870009
0.2586178008564172
0.20675634495784279
0.08226118460414117
0.25161455238138997
0.2396534518643886
0.1263982102156736
-0.1680744271113306
-0.028107726072393324
-0.18765954105106789
-0.01742867517096475
0.02623166365242202
0.06283954827577562
-0.20655438071868995
0.05467480054368433
-0.13517859148848874
-0.16978924515431557
0.23169056444987826
-0.0437387650425997
0.04285239854776548
-0.010759119435087233
0.13735986664548477
0.17519677889882923
-0.1369282424937571
0.18080597071974708
0.08067473673985145
0.09512593282572887
0.17662682872211005
0.02219974943619726
0.0409236087846851
0.13474624968681287
0.17335477554026674
-0.13758407084768437
0.1478771009616222
-0.13998371216837463
0.1819616306496614
-0.011228791923586445
-0.14277936810559372
-0.0030277428169989858
0.18878439397874666
-0.1593484774318699
0.19688828789099377
0.17977468276111044
0.07783258151418963
0.20406012957800343
0.061186505718830574
0.13159784424828735
-0.1642673531349801
-0.10134389941466906
0.10675590949894057
-0.2718517458016682
-0.05502538807619342
-0.04764286411343769
0.03326329540634081
-0.03982738172546712
0.03379823566283273
0.12621767828711436
0.009816461137943365
-0.14265802392425173
-0.1359905720965421
-0.100682630708099
0.0020071399193399247
0.018643685400622553
-0.19783974250524447
-0.08870554886100741
0.13683461907306552
-0.2280036572630209
-0.03664060010712709
0.11181422730951254
-0.20755729515069143
0.24829581080550095
0.10056897496967533
0.2442073859692124
-0.127231096439395
0.08561685982909564
-0.005633435908699486
0.02085383969134754
0.14773554582810985
-0.08790467526038864
-0.18833260583426098
0.003140018019984649
-0.00018744741116227974
0.09260862351468761
0.3391315160348657
0.12561096121641055
0.14417648908374614
-0.1274888343566881
0.07665486560874268
-0.06326434258030797
-0.11672522678285725
-0.20799587939985947
-0.08944891250568818
0.018269787740009404
-0.07922220743790105
0.022599187581922857
-0.09359947484228102
0.15444235593037442
0.23095971037662966
0.12397740524661548
0.1458644782204335
0.06187435447998451
0.09417297148989673
-0.11315995205144275
0.040443304583977296
-0.09355967915524147
-0.15593608969700842
0.08525796486576899
0.19352509753310765
-0.016669021786524903
-0.036789314182763384
0.15032958251895912
0.0742122616860896
-0.01649136781308963
-0.20209769479863438
-0.16110860470822946
0.047476419279232886
0.007648017463423402
-0.07518999131109405
0.14301094345223167
0.2710839359135113
-0.10874028501719676
-0.10913007355244579
0.04905240514390651
-0.007638225612168071
0.001138036809641166
0.04662174791574812
0.09116705753356731
-0.1590409422675643
0.08452954226753767
-0.23405996199599052
0.033354672794195454
0.08650623277034887
-0.026201996202725696
0.004185462589001474
0.14488976282042187
0.0974607667513118
0.0059004656019047575
-0.014710396229524947
0.13482036340087536
0.022242458219555408
0.06259273389257382
0.042692640146530236
-0.2960636416599613
-0.06789312647113102
-0.22609621353696344
-0.20805550582062604
0.12295596434114614
0.20830478690816406
-0.17602349368797543
0.014549877758640447
0.05145764506967395
-0.07209837246924666
0.17285890092743375
-0.010731841303262104
0.04704491825347308
0.2590258356706586
-0.17753942647475873
-0.04074942856782235
0.1841088830967902
-0.02995506363701297
-0.07119334050369311
0.06307426304143708
0.034776636832049686
0.40617659308071824
0.2048149857240521
0.40604421822357556
0.015744376646014937
0.08353863796967129
0.2224515207431983
0.04979050004844488
-0.35015090929722437
0.1555347644449657
0.17195825147134283
-0.0893154802872605
0.37718967153466115
0.37693747200857636
0.11049488295183145
-0.0012356492506591303
0.038868433654947264
-0.24888190338586383
0.1102182570728747
-0.21493443375647658
-0.06616370810728558
-0.15471934347479335
0.06277729759340928
-0.0699961999848348
-0.24469724640383617
-0.021889939206918188
0.13509080251746045
0.20914022546630773
0.21838941849925336
0.4064462787232056
0.24284049746018158
0.27750219842603496
0.22640837643855516
0.44659429844979853
0.4259467330548784
0.0681853143573987
0.16693633212805126
0.46016264410307334
0.3638049336808011
0.17267341197230518
0.38557844597184693
0.0712691591168719
-0.2116915837376791
0.31791874749918697
0.028641967117681164
0.17201249689745088
-0.0020073890346827207
0.1330548769909953
-0.29129407847150907
-0.027410006415234528
0.002671586984278548
-0.050232786235853956
-0.09549107756483242
-0.008433525499551198
0.0540993330386506
-0.020565101165914236
0.32707628793948335
-0.2884451936156422
-0.1505305759105337
-0.3643531719812932
-0.15706969021577805
-0.249565840840136
0.47350587635701874
0.06499483872349433
0.23711514481640256
-0.20675795674813027
-0.2006126858364031
0.21786938430183808
0.4868244219894343
-0.17263172462270518
0.07782337096932025
0.14996529403029446
0.34513675148068396
0.010608565608556091
0.2950010921361265
0.03852833087043806
-0.004304029244083866
0.34517118002632197
0.2264013229213119
0.235916424022194
0.06357005974492244
-0.22072250961284876
-0.16821408963295373
-0.062270019980957825
0.1133123561063623
0.047012489499104484
0.059388015094180055
0.11477418098627969
0.05555522655190295
-0.030245243585154884
0.2610732693331468
0.0014425741174689064
0.055980070743634945
0.28832507668512886
0.27559604699194096
-0.3154237922870186
-0.1327806013415192
-0.46054070779727413
0.3870531249532461
0.006858470099797381
0.24169516925613777
0.04002557333456379
0.205236846306828
0.1569652834079021
-0.024994410704730553
0.10896670813643138
0.04184523064591862
0.07518328910002983
-0.013788449739075078
-0.07005696555898594
-0.30761762474769827
-0.3267718369095948
-0.19661230156906503
-0.19427673193010828
0.2360964925392766
-0.08032861363594307
-0.06605285836448573
0.07934994867827543
-0.3320900027850083
0.2979318447797617
0.10872392113261516
0.33214915150781116
-0.15846720828776895
0.20532616355872052
0.43439220057145306
0.08704568226219973
0.03841787844557074
-0.25594950527386034
-0.015152476213322927
0.3387218253232915
-0.04554605342138047
0.47140753598693397
0.039898439484202304
-0.018193861498745353
0.16686391937938563
-0.13023316134805554
-0.15539667793345532
-0.3451066577599954
-0.7063527278808677
-0.5259297818202251
-0.26326818761784104
0.28966120363593506
-0.33711882142426475
0.14875540673572454
-0.3882969408726986
-0.3984499421487959
0.13320757658528964
0.3660976434555424
-0.1773325297096049
0.15916890587555235
-0.3778002115238253
-0.1449623445398894
-0.22394487582197692
-0.11856238990976897
-0.06254031390619234
0.0740515242125217
0.5046464667299204
0.09867819839802353
0.15590479524845885
-0.10226036926099501
0.021794283308895046
0.08282350971827768
0.05936717332658401
0.0028520246253534716
-0.01634634400840517
-0.13410400117698384
-0.2121627340974504
-0.2700424178062631
0.07996009106811394
0.009260997900172107
-0.12813994707095824
-0.14709893885979217
-0.16754113903514958
-0.6461988912964846
-0.4071981093113299
-0.2546371118439617
-0.14235586011826243
-0.25987202198954334
-0.22494262356458822
-0.3024237655747578
-0.26508071674866746
0.14672430535467074
-0.07786286170356956
0.0556226986125918
0.15522888649058306
0.28359168730204704
0.3031354405843378
-0.18597213381672095
0.21668578153932033
0.1939208093354147
0.1497744848166019
0.056058566521739024
-0.015777044029630698
-0.224564481296121
-0.1938168421109777
0.008116287562926029
-0.25102918899144233
-0.1830844164280358
-0.3371751452326688
-0.08461724746811526
-0.16458971378681198
0.3839705625655186
0.4543980268546327
-0.09739720052986212
0.052965251557433764
-0.14095692981169222
-0.6248353689120142
-0.07687555417744374
-0.6610543475764225
-0.2843804439639634
-0.4421323188228405
-0.13343603485697927
-0.29273598629053976
-0.49744061659702593
-0.11880900799370096
-0.10083313063302876
-0.18405461911855214
-0.22006190637252576
-0.037384234240787094
0.14460821092990975
-0.021531857637658327
-0.17565559553979324
0.2383260514058473
0.21590566028027736
0.17371532282222488
0.006685027006287906
0.023499784556462
0.1740763443049199
-0.2200307452042023
0.1728328051528285
0.08200595832792307
-0.08918024170149226
-0.05862010040754581
-0.3824825207584283
-0.7675563892621469
-0.10092418673723864
-0.7783392793179662
-0.2846281391045606
0.0411400340091608
-0.14440415118328043
-0.3316833652231287
0.10889271765114546
-0.42257231519002425
-0.16201946417165372
-0.27658366268929474
-0.257187398460157
0.042505827705072156
0.09421211516876977
-0.11896625447868837
-0.30587310701200904
-0.2520558741454828
-0.08400332103925973
0.21121749813031174
0.23303252350246675
0.12162625426380377
0.12711778511785027
0.16515576798686363
0.18397537053509247
0.013549796847651662
0.14945179832129055
-0.4992499248391401
0.03577700635628069
-0.48020707339616725
-0.10322311755262038
0.2966386560179417
-0.29165972839866705
0.24555958703225972
0.19099279074351447
0.17178127619375513
0.043077055228680675
-0.2094489522933977
-0.1427122655255409
-0.13346386333030866
0.013047058992263102
-0.1189298081732303
-0.1690383905745702
-0.03462306368138704
0.09039355780945317
-0.1959938049622087
0.01849443670436713
0.19312911077041897
-0.039550987956696405
-0.037957929595188816
0.4690067856756319
1.5795790967962944
0.1685156239170348
0.23803055328749007
0.46838701260465015
0.7184513402863578
1.0999234195071312
0.3945811916577131
0.30186035115045645
0.5576283149116934
0.7067506717127605
0.3461634667603674
0.527531449783246
0.3001952608143373
0.09799553168597928
0.02527665903377405
0.08488581293564594
0.3284709946727561
-0.05894726552716656
0.19971913796650204
0.14142466470370924
0.13014485225332917
0.17316759815709845
-0.28317013866276103
-0.08732270140215377
0.22573182215476226
0.1081176661080409
-0.22522186644647466
1.147979116958178
0.5915196997056466
-0.05179106413236727
-0.02286091080124311
-0.04418383478358164
0.34117852037303664
0.9243779426686493
0.6814916167979853
0.6007646983608268
0.7888032503827422
1.1041983132802837
0.4375292566549187
0.408903670733822
0.35395429279890306
0.3220786130792676
0.2514185162068722
0.24997814398543047
0.04914190479712247
0.022287545231319178
0.044048619880264824
0.2066597543480384
0.15394458642135314
0.21259433833733402
0.18676590141733826
0.27904347505500604
-0.09785752762778216
0.08763635568333772
0.8130377018375398
1.677522743104136
0.507967029585283
-0.31409493619173995
-0.09091300636678239
-0.22348537842869948
-0.16087488988653753
1.154256469225913
0.6763338818266502
-0.09963099905079925
0.5280858565674175
0.4881827966950128
0.27430791698204315
0.01471212549588265
0.4986432381651592
0.24241539932357886
0.4352938648516682
0.19057939085146064
0.046867725718926695
0.2909155115671767
0.22477075787782383
0.043499109095466
0.08916482231081643
-0.16987852834117861
0.10921951341623751
0.1219784375198287
0.2615659634837701
0.8087679636546726
0.9405393947990646
1.3848219428797712
0.29690145623724645
-0.4954585001613932
0.23083203825646187
-0.7558736307468003
-0.0240308590904423
1.1498572781919847
0.89311909181827
0.22752441401535234
0.17869226182351503
-0.04999927922449919
0.001062625522547118
0.2526137626941005
0.44294152398108116
0.34830437227179706
0.19679185272122268
0.07127508642627636
0.2526938755345039
0.245710145955958
0.0257572564131361
-0.10853048498961894
0.03749411321097779
0.10502062864894754
0.2037868387026517
0.22774862266257215
0.7515159229410445
1.1266222095406568
1.2353089395265002
0.53450980718179
-0.24456473117704475
0.0679572668665224
-0.27941515653675586
-0.6214126725123202
0.07710655993221253
1.142640248475137
1.2453078981411037
0.21062336746865756
0.14623510754152372
0.03794976530082453
0.22409118437569678
-0.15761069060850105
0.026411636899839823
0.35619885358510295
0.11155302677588663
0.10591375095280663
-0.08233151824435216
0.21908408826968612
0.19859746762328706
0.12625474064027198
0.09686803930300025
0.021233137925127137
0.2407179839358127
0.5173437161275393
0.6832174225476093
1.2737583300814235
0.792749881191136
0.36968367342527103
-0.13492678511968437
-0.20402037764713235
-1.0040578014541708
-0.7758901263115723
0.1613980450647876
1.3007135981016176
0.9235870445495812
0.5703639793729357
0.435970730095793
-0.175374325043129
-0.11463108047447126
-0.18439192863357398
0.28395310473012175
-0.0018384225425970302
0.1296058208809047
0.23164715044146994
-0.054594747536871976
0.11067821487338658
-0.02581586622071895
0.17835833120457134
0.17779732082394403
0.13040722875874736
0.16216665334184222
0.45840245750908937
0.8359097074811942
0.868976601610234
0.4611625493390014
-0.012803525565466016
-0.18647689812031332
-0.6961573832454063
-1.1304797869945826
-0.8414812367594205
0.29745853225827595
0.7773858586368061
0.8848038756226636
0.15867891738559256
0.3601039564567099
-0.07698697004700118
-0.43369336354289206
-0.25297230340793647
-0.08889089569066208
0.15292229311955624
0.08045456285980261
0.19899884417577995
0.16052219068845738
0.042218784460407666
0.16400122272150397
-0.10677890667771386
0.03525911066087222
-0.11392017075806996
0.17807399369003218
0.32104779557011787
1.004146742254341
0.3516372435266023
-0.2491912446645391
-0.4633157113940514
-0.42632140306422633
-0.7669120615396122
-0.8833577988420869
-0.041592711083525004
0.48023060411044394
0.7302717500750089
0.8529683087783905
0.4080241516719282
0.18605884231801323
0.037078743631728604
-0.09602764013902049
-0.09813954358779743
-0.17317765615179442
0.31032313020017016
0.1870710421926378
0.09726619917080316
0.008583794609986496
0.2515397194768672
0.21982215196976487
0.317794872461024
-0.010766563200683598
0.13843405184327384
-0.010106319299375725
0.21927360543410213
0.09237570352456356
-0.3210574072002356
-0.540880391108417
-0.7340137750089956
-0.5896476123378681
-0.6360943268166855
-0.4603852134726066
-0.03895541895527432
0.24431761104742566
0.7275207262478384
0.757417579149298
0.4321079045271796
0.2048480686033119
-0.1416420574858968
0.008289083887075124
-0.12514934537795405
0.007094058864208429
0.018936236125368967
0.3519484460423099
-0.014534096536770466
0.16744170540473313
0.09568067943736053
-0.057723508622038885
0.21094625915805154
-0.09190723582289065
0.05525211053378361
-0.3103951966533078
-0.042612547346107955
-0.17414664327218196
-0.5402312267259878
-0.8147000308851392
-0.9728546642991542
-0.715656212092104
-0.620984904374883
-0.2680022012259974
-0.02670890152862223
0.6338162064973383
0.779088367755929
0.47644692415513995
0.21420519103214639
-0.03550846968111118
-0.08485045305757069
0.1505251074593711
-0.1553231205723998
-0.003376121139144644
0.19705351631517468
-0.07866466745579903
-0.08447564235392861
0.5330668187212305
-0.04549776088896296
-0.10446644821290356
-0.18290203491888232
0.0017914894547650015
0.08796709522784868
-0.24745269343180956
0.18750716706586945
-0.1545835454233318
-0.051829799785415125
-0.4127114959753639
-0.5277309443003462
-0.2552649301313533
-0.13566269748912285
-0.03764552564144406
0.5084602315106129
0.2294277006705715
0.5019765458316737
0.5194793413124628
0.14694703466669656
0.06423064771009539
0.40741375110041494
0.1580956174849185
0.02638910887081021
-0.20847116624798812
0.09713569974117325
0.21373402020574728
0.03546340780469561
0.01982827904619719
0.11578145827456833
0.0376595474214736
-0.2405529410073597
0.062314336516851546
0.23686422334869864
0.058684409350487486
0.034311854763851936
0.1079534606624261
-0.15751694669327237
-0.24789209283624636
-0.4195812216282877
-0.21965449963287614
0.07016729995054176
0.34717780153705563
0.2141891733027628
0.12025468201704541
0.4187076577526796
0.3002742419357725
0.22152206714859815
0.09766879144455379
0.23713899246647333
-0.08142958850958686
0.023818797744806615
-0.06415693746949815
-0.027116637015539652
0.14760302803945713
0.16337347680994116
0.12071934860192132
0.19052019929760178
-0.07970028074875898
-0.08882023299982512
-0.009663830990212103
0.33257886937273456
-0.22603166366997904
-1.9559229690189794E-06
-0.05394853206159115
-0.36860143852731375
-0.23296305575791781
-0.06733787386320031
-0.16997076629703914
0.13294173887164262
0.2829042432703579
0.2726166153871068
0.12232737120448987
-0.01667430064431911
0.0734802876125038
-0.17472657393164437
-0.012245158534353004
-0.2760482848812666
-0.15638774452757057
-0.06600092619706796
0.04774453837233437
-0.2527805704422546
-0.03718777899176659
0.02437853463878516
-0.07185607661425192
0.1455862636715391
-0.24862213575192238
-0.2133797709737503
0.25538045587446956
0.16151982880632554
0.0025039079348162185
-0.11268725395207015
-0.0485185102683602
0.05586783614008311
-0.2931672339447053
0.1080266690946161
-0.011362224983629654
-0.011435416059342314
-0.02010798043911661
0.007293804661862313
-0.2710908431060964
-0.1440959185328226
-0.01951259848748041
-0.08609101510286524
-0.00845017909694433
-0.30397801172673666
-0.1445532184518908
-0.230868051388218
-0.014962270428950363
-0.16823153115730077
-0.07383280838233246
-0.09434521927423703
0.1736984467341259
0.04770339590482518
-0.034219985424243496
-0.23530796611539562
-0.20590942272309923
-0.05655965478840881
0.04453139129698708
-0.11842953729436811
-0.09701632894554921
0.0019510346182963292
-0.015191387665417343
0.16731416347396214
0.09302801579147651
0.057467737191939074
0.0188421946728166
-0.10466849865885786
0.22625753123444742
0.10018746790328807
0.042779641389281635
-0.0024659196522920958
0.10314008927794488
-0.16806245828269467
0.13088451662610895
0.02047180124194774
0.1549036417962786
0.027621939957946248
0.2217580410412948
-0.09505807828676403
0.027376053663835623
0.12335114369640618
-0.05254450226858565
0.0635919657442364
-0.14896940079171148
-0.036284214635875736
0.021978625333038248
-0.011832771382103868
0.10385826595940628
0.17212955751016062
0.13371844046877288
-0.05483432284686687
-0.04178186324999455
-0.03370378839904417
0.02428302471938398
0.00270899980092677
-0.13995580215343115
-0.02434821746665032
-0.04324344576402929
-0.0458424398337305
-0.10422556473549249
0.09395136844833744
-0.05922737895721131
-0.17176260980239177
0.0051232529298990935
-0.09910054380393686
-0.03320227348496214
0.15497318149489628
-0.03457920754236361
-0.01432869091524747
-0.10366919859936695
0.10360952625828174
0.10256752199910793
0.11814295220597505
-0.2772530008353849
-0.02023556141511759
-0.17368914681171552
-0.036607738611124555
-0.11429855084243652
0.19408049838371141
0.10006420659136518
0.027515663619353176
0.20287737945091958
-0.2820038026273486
-0.2644752957090122
-0.6099571120030464
-0.1135601841605373
0.004536733212613404
-0.08585045588764571
0.1485239025226619
-0.10138778241302845
-0.03938020762076377
0.0004091680974807199
0.0800611792225279
0.08676367745959998
0.11548634814223772
-0.01594340262119957
-0.013235599344640568
-0.07693289396977941
0.01925751807377014
-0.21247352292432656
0.10971940031377492
0.0698268251297843
0.1657409717854416
0.1025179219090403
0.14518049412680414
0.0671305083853539
0.3497421153301606
0.3358927114523326
-0.27873509029646776
-0.5825605001780144
-0.7632655053678503
-0.44499028430512944
-0.03584804058082421
0.013827375590890046
0.18598538758394328
-0.0418376257142805
-0.17450225926626306
-0.31070647993792677
-0.47347972686709033
-0.39968314677223843
-0.13377609079073946
0.1476806337193196
0.047666250290207865
0.18491657733769964
0.14273034197498424
0.019813641544642772
0.12630153554790585
-0.02869155183185044
0.012154421061441104
0.1184907986875535
-0.09828403379225606
-0.20760577694919738
-0.23843747176874935
0.05411313677466188
0.17975571314333433
0.5409125346965044
-0.09572022938393422
-0.7615177433555895
-1.728819159289005
-0.7590452747107196
0.29801448312844314
0.42074783806985355
0.07854499203957582
0.1370267318685246
-0.6575667366136106
-0.4739888460368076
-0.6818092372944975
-0.42092341036226905
0.25637189154701745
0.21329537499938062
0.47292326139381763
0.06317516451929904
-0.11911819920456762
-0.0005143431846929739
-0.12224094190229831
0.05437267223759626
-0.11934319950148287
-0.32739638177344826
-0.2804584251272224
-0.36338567580934356
-0.5750459356179127
-0.06912321122456785
0.24428647070792536
0.34215299065577204
-0.33401764988405364
-1.1781000906215346
-1.8949228719328868
-0.7059779608443023
0.7213887138122467
0.6719897256307316
0.0015327398123616115
-0.4229828431799642
-0.6645388218313091
-0.5638452269428738
-0.5233079353882999
-0.18588456238084922
-0.0003936133881899163
0.29257879364898165
0.4985700751390907
0.1515014374371021
-0.09478369747479436
0.007975991691853526
0.14738463940416874
0.15337225462623086
0.03927912917304653
-0.05997489182554518
-0.1235962873719744
-0.40090370691339733
-0.3196858792916602
-0.07013663943335496
0.6124425907270261
-0.1750772423247066
-0.7335310325313878
-2.8138878872978155
-0.8665404190540996
0.7496296801453434
0.4115296696380789
-0.08397302078441804
-0.4675628155460364
-0.6975836816938683
-1.2037970235329947
-0.29625724907670203
-0.06689631722271232
-0.029077849211124253
0.17710249875516273
0.15950315537159632
-0.011138628526734091
0.3118670024169216
-0.10289507915485223
0.2302846015111794
-0.11206192727144075
-0.21072887229135945
0.19359762945784495
0.36194681010791413
0.362796254476733
0.20645017617814856
-0.06397390477196868
-0.34330449875213426
0.8105520760205905
0.4696493787268961
-0.49946705864041074
-2.846430991038322
-0.5788443009129144
0.8899225546826394
0.7452125911906564
-0.09913003729023342
-0.5635804719172208
-0.2672643959107036
-0.2169504519392312
-0.16267443997306402
0.01755907819225812
0.20039736506640266
0.1599967342426682
0.43179711372429486
0.30226325484829714
0.5157539472795154
0.2722612787258111
0.30615945707526515
-0.01099216165173303
-0.07252444992397535
0.1676785848511915
0.11537716777548156
-0.09970984913786587
0.3197456544245685
0.06978486470121148
-0.2463214342503514
0.787533604482308
0.22417068961009243
-0.8354949611754313
-1.6733300739986972
0.27236347493054
0.359487278848196
0.13337714958043628
-0.16140831374501222
-0.4848852890732423
-0.3638812367229725
-0.516935194280624
0.14742403133749654
0.12588078673292238
0.5731148157812488
0.31761715968553994
0.34386726077570473
-0.008657412186090393
0.19911174639584886
0.3901508109607818
0.11006819382327004
0.024789545880419855
-0.05342943306378077
0.0630887719640174
-0.00022611436548708553
0.04117253253458726
-0.02468439805840245
-0.054391661691170254
0.4042248977439647
0.6816584404791026
0.7488285231416084
-0.5514104739509543
-0.1511865453691492
0.2883544821624878
0.5526701531606392
-0.04947983380260354
0.0395760370828529
-0.4307592999966075
-0.40166001283365993
-0.1464162587074555
0.3490181598022594
-0.24078667807820445
0.1775611427119527
0.23209071625349809
0.18846479439634498
0.32351881222540446
0.5071681993661384
0.3636799431325156
0.6152529319685492
-0.18956314967907092
-0.012033901341986748
-0.060664694492469334
0.03209486720384709
-0.04197441783529865
-0.21860545861537217
-0.2700348961868733
-0.2987049517202141
-0.11993497953787605
-0.20582268679653934
-0.8194700287337914
0.038162329323288065
0.32160069230276944
0.7503913866557372
0.08689098375830744
0.46696311665330775
0.4901210821157579
0.1905507466096116
-0.09349132473103634
0.17716325485754367
0.14407172604385826
0.11917160803061959
-0.04596739665233008
0.041020399312312654
-0.11074256817187829
-0.07028273613517133
-0.11978368198938331
0.10653675165789127
0.044113400766861786
-0.21799564090339255
-0.014319848938069358
0.07039447966494809
-0.05824608209777706
-0.34948948449830497
-0.3483199626791756
0.3486997308140849
0.03571176449745759
-0.31371732669252356
-0.26472630433814975
0.2032003690307758
0.36467361680350274
0.08402594830211951
-0.1363866962142334
-0.3796000631283662
-0.1668447447974279
0.3505438937263304
0.18980156861505906
0.17549292305162348
-0.08036154473815427
-0.14088186132299985
-0.30056537624616353
-0.160598883882303
-0.4646408013040217
-0.4598935273539227
-0.35082004710478076
0.01919811662505571
-0.10417060091402217
0.05710492165063842
-0.19003204844159757
-0.02366326515423304
0.026717996707770707
0.3863672659609709
0.3319755308264648
-0.1454217545327746
-0.06785714249475362
0.2559951434321653
0.23671068590883584
0.31601720581615367
0.13665023594855732
0.2659000580531196
-0.3930250862022451
0.17663790989269018
0.4089856236623018
0.06629313722299611
-0.14739266244594826
-0.012870046577793028
0.012597312141004808
-0.17474932129836993
-0.46809494080064057
-0.15203062467302478
-0.46637483700444043
-0.26053880018672215
-0.4651473564598205
-0.5511146029626591
-0.11214240894859417
-0.10604311377726701
-0.06294245433858925
0.17114614207413503
0.14357504846592795
0.08581715890909915
-0.0482005219725072
-0.49221251838482316
-0.2534460046213821
0.0483369379386561
-0.29468765802524477
-0.07355539940601206
-0.10059656381228273
-0.522820140319958
-0.03165979820786562
-0.006513892091632263
0.08393376340957483
-0.34909731481861517
-0.07868591216503519
-0.029054909531038727
0.31280139327689527
0.22497086037771466
0.023132984252190774
-0.08171899047709487
-0.23819627678429212
-0.523196008180031
-0.5161581204022412
-0.16422861535733813
0.00039723606659018625
0.016417147638754216
-0.14489910761389804
0.22050682373319758
0.034704286705577646
0.022001635895197644
0.12073462428608027
-0.1560040614147784
0.27978304592716646
0.16533762471381022
0.3202191443567589
0.12920835287435772
-0.15140183461660017
-0.11741892554865364
-0.26286924815466756
-0.19182467260203512
0.17962629538479477
-0.01817433793463496
-0.0200328961050445
-0.11609805772508325
0.06712542178978133
0.08746662112032737
0.13841481145308493
-0.087003381651635
-0.29616717102567813
-0.17554593416336023
-0.06198777288557798
-0.2849391132145334
0.046557422292529356
-0.007814645502062704
-0.21994312098219185
0.09753771795982802
0.05826679064626819
-0.11270761482622915
-0.12018548032243268
0.10442994279653096
0.37024178391702733
0.042476094499195045
-0.1752501259122449
0.24524569208481814
0.05754153933448754
0.14857874361710474
-0.2898175547561497
0.4749969670779825
-0.06324091919505828
-0.22744624233346325
-0.2329592520238172
-0.0859018011654253
0.00585945371425479
0.2972284258129336
-0.03097221962962833
-0.04940436324446232
0.10005785374857303
-0.21056232382648923
-0.05724895771289591
0.16448264038516863
-0.11293300085623281
0.028107528883472552
-0.19088467698429773
-0.05018751574626794
0.48396635533286597
0.17603110857454357
0.017225303681793466
-0.08739566013271156
-0.15850543342212695
0.011944888891118109
-0.14975881033119023
-0.25335017557123635
-0.11511647152220858
-0.3950450432898525
-0.0027273614495698676
0.09386144199040186
0.25700402918822113
0.03946408186714838
0.2740127746047543
0.004177570472161681
0.11303272530986029
0.06208000017601479
0.2157044854925526
0.09775540054573276
0.361530496207009
0.014992268264918174
-0.13003837521199643
-0.08838114539538952
-0.04429767467059483
-0.06546869207426557
-0.213929150332301
-0.08417072135675668
0.10014107320104364
-0.041854577374892184
0.10557869995988321
0.08289278187123354
0.0012394397144034296
0.06498329442662129
0.015297069984397345
0.12712073904940727
-0.18777067820350216
-0.13506593240053086
0.07676424336881295
-0.3168876385815281
0.27781268724108543
0.34768943023822046
-0.40163739285033817
-0.22341292637738766
-0.14294239855698168
-0.14858445129768774
0.04370532308914831
0.3350136582611669
-0.1188569049881875
-0.10371587308087049
-0.05230412002752841
0.00484453325186531
-0.03095141418201266
0.07202937638213944
-0.1485233138045906
-0.21511614304199111
0.01850284543161608
0.09141353945482651
-0.23969863902143446
0.23145281669239914
0.0818321883598745
-0.11898342992784466
0.025445214064049745
0.25685824909122557
-0.1487215167672722
-0.2164953847867354
0.4382879562363543
0.10070651142011457
0.26410362183565017
-0.013176110627653186
-0.07553712437257203
0.23926201587760204
-0.09973963276334928
-0.09950799016739245
-0.45980799816560963
0.11286264814712003
0.08606833719560965
0.19092028790812754
-0.3130782984310827
-0.13661516425508005
0.1650514950143631
0.03838421028332957
0.11592837302570402
-0.07761124097149485
-0.281418944123265
-0.0073337333671477
0.3598788017928573
0.16906565995521095
-0.025138250970149757
0.06652073207460128
0.1520571769373064
-0.018096147626956206
-0.33780365310545785
0.06733496772661496
0.018478182225962758
-0.2509605606157189
0.002812716483732906
-0.05106574755356645
-0.020956774414765195
-0.4886125415943789
-0.03383300943452329
-0.017888511192148168
-0.14819999825461513
0.07721650636823776
-0.05169588078175221
0.01781711071993457
-0.0901322266770038
-0.08268771203002741
-0.1695408325374619
0.0012972204081495567
-0.09223979845915387
-0.12109984908251126
-0.24398686400607097
0.2701502963626513
0.24701831971188587
0.02095018993003128
-0.21341650886715227
0.1471632801172714
0.22193932698862448
0.0418114381846398
-0.07075389635356291
-0.1297907250232389
-0.2750351352969251
0.1802198862649002
0.062459867943778856
0.2993439724420699
0.34034245480412406
-0.06946927833309892
-0.30610142276742247
-0.29088055931668744
0.12960635118239017
0.052507693210983516
-0.010688324772324178
0.11526988642550401
-0.011731538992510419
-0.3518179930752282
-0.0949490590329465
0.1689314821165107
0.07546733716089501
-0.047893940311471074
-0.001742016586270037
-0.11095916751461926
-0.19713078885037494
0.2779469243361784
0.0666512073709592
0.022745487136629848
0.22784845553369812
0.3180982512675422
0.09298540437735107
-0.2599534430260288
0.40005376406801446
0.1463630826796691
0.2326975463595549
0.13281270942784576
0.37405029661173717
0.2073486782959134
-0.02378987472436458
-0.22908380576486553
-0.11521129007902238
-0.26417337714508204
0.09724116276757112
0.1462153237364448
-0.10033233993216051
-0.32488069074633613
-0.14375077450621157
-0.00027156238878517705
-0.02715179067212977
-0.32887321454717794
-0.20507491507556844
-0.14892597026980675
-0.06472744265576534
-0.029579921025482396
-0.06446293848519126
-0.19282379597678684
-0.22668313014184227
-0.10598169972118034
-0.09375556355238851
-0.1420563256828367
-0.1166135235312629
-0.027507054327686044
0.24445795212715293
-0.17143186655096437
-0.10323204007494054
-0.07178248432945407
0.22634688422419016
0.02617006593484506
-0.15201533064318978
-0.14992056041019916
0.07512198544830759
-0.34476079713023516
0.23937496413312065
-0.015445470754649736
-0.06299667780858872
-0.08091916330130476
-0.006223173263292679
0.02666536933943305
-0.1761454483081516
-0.14875459031195407
0.01179962001344492
0.1273305969832704
0.1856421349177741
-0.028907249310249006
0.2783842407631284
-0.3527833865015738
0.047519360067085195
-0.10314559578431574
0.15319745767731807
-0.08138306307527207
-0.07425763298013044
-0.07087675497602297
0.006591137484796997
-0.018661635349021346
0.4453629674931439
-0.13621996400315833
-0.18801733168686707
0.055411270772262
0.04146955443312693
-0.019368976220433334
0.05811031949639951
-0.12758801374145787
0.000846931771498303
-0.005258654433480769
-0.08447090598562806
-0.11090121387951414
-0.02145767102253775
-0.03061336883743689
-0.009391446022952695
-0.11218438916493294
0.3062919742473065
-0.11062099745862904
-0.07804101569240411
-0.505238722992508
-0.025551898144176247
0.18095931043719865
-0.4289640512515661
-0.13255580214661364
-0.3304869051106262
0.13351272755574076
-0.35614510015858586
0.2829845714069603
0.04607693469225203
-0.01826994596857637
-0.055283070068202024
0.11945984026559374
-0.15284254792370564
0.07950696825228909
-0.27331845347908384
0.011147896541124965
0.06571073742582585
0.06871542583554799
-0.019532656247981825
0.21093987393194383
-0.11969469420319433
0.23268384086349594
-0.1254192162004224
-0.1478987820771406
-0.09536909758749423
0.09396142875509128
0.22941048157289004
0.1705253964181549
-0.2358793209101516
0.05770565814942771
-0.2164870188110982
-0.1371012016928126
0.2367952154738827
0.05119367828203392
-0.3405607253271085
0.022773896345041695
-0.22722458359390227
0.10755944166769169
0.18288593848829302
-0.27684834476022846
0.171668197214813
0.05913049510172039
-0.05273992712376008
0.07330384648589722
-0.007542685737543019
0.07640303367876686
-0.09507194279294275
0.23376385120840215
-0.24501889673044117
0.35068561144591864
-0.044143234244423415
-0.0023882728379270215
0.004137096463698721
-0.011381718791574633
0.42466032824424793
-0.10264039685717567
0.14715861923474624
-0.09113063859320773
-0.1355405145681198
-0.0024362696329165135
0.2980196560649927
-0.1830042082614076
-0.12308943143329738
-0.06262970404157853
0.01829907583223519
0.1052369901407811
-0.22212988028803632
0.14843957680267322
-0.11326206817267481
-0.1579763519115998
0.15625104682592594
-0.10833280273266825
-0.04491639876515868
0.11928634289745603
0.08385236651606007
0.12350518923362398
0.27583121652873865
0.07752703685826041
0.026529134060880172
-0.06847509721819724
-0.23801957018948997
-0.19006960701931885
-0.2613986202475332
-0.35311003023345106
-0.023922550586607957
-0.18688247409075678
-0.29011731798411644
0.27141299251451384
-0.07562999091091153
-0.12062787492123565
-0.21003473907027717
-0.07244969321484143
0.17766630243981177
0.1624903261330731
-0.1016987201523059
0.037498710715993665
0.19816339065037283
-0.1915311822100846
0.1357328326570866
0.1716425013200152
0.057926221974915294
-0.017532150020992086
0.04341583990226276
0.031984589013081786
0.021116068621590912
0.14124369912128232
-0.026733903537302775
0.05296372749763065
0.11724653035177739
-0.003737488419892573
0.04455969062575205
0.062119355199650575
-0.2075691379717032
0.019427664872648503
-0.028203558092215256
-0.3027553146386303
-0.12961855706278005
0.1432607207472281
-0.10191022353312361
-0.09697756818389018
-0.0012618315807844435
-0.08448753638836402
-0.237279397015618
-0.06481717267513068
-0.12037296651404857
-0.03757008476795715
-0.20192380778737318
0.10086992047366282
-0.07960100202319753
0.08645864674625081
0.0030362155262315025
-0.006505825325192875
-0.051031074248712435
0.12975915069881652
-0.16093857407660736
-0.19821023942885968
-0.07675387509758369
0.06183180481982824
0.13653247563023113
0.19716426347770635
0.2411700672141639
0.04980989503052227
-0.14274121585958374
-0.1612085620143172
0.054760265847069944
0.07786397456724678
-0.016375264693960837
0.2446898638001621
0.2599612530702326
0.15563260722932462
0.07718067604981366
0.21683760462493898
0.019649294251004156
-0.012201934337862768
-0.013713189367705218
0.04349981065191684
-0.09150348668999554
-0.16728602592263683
-0.15653255363094168
0.06627407221846286
0.13148438710419375
-0.051219808398542066
0.3065996256707567
0.30900386687096293
0.22944785423476552
0.29220786799617676
0.2860247859738737
0.2812949382241495
0.21861068045715257
0.11303062423294118
-0.22622091887431797
0.38627782135745375
0.3452527792183099
0.2654550092690497
0.01629416505277885
-0.07989242516014942
0.35160030627348055
-0.027949974820692954
0.09837565662534759
0.20568103866770945
0.021656129254414885
0.07991740164400953
0.050642553243176604
-0.03624889086818708
-0.047022316988913695
0.3618197994137208
-0.09870171993312941
0.06363105878016002
0.23810075072842657
0.3610208546680219
0.39264064212837096
0.3668179503564729
0.768708089007789
0.7864920347516698
0.91949699161478
0.6670041613124865
0.4478443785454487
-0.04381352661465089
-0.2808022900681933
-0.5098945204896144
-0.12424981827343327
-0.17131031845942116
-0.11970929753340338
-0.06790737755208003
0.2490685700950921
-0.2623335968383785
0.08048256798925585
0.227619121704282
0.05546964859036944
0.20026636036752035
0.10049134792976257
0.042446475381665065
0.2377022056230144
0.009899865576107215
0.0047923411879121644
-0.026210029253849635
0.24972021116822493
0.16900064961187694
0.4504872734141709
0.34146470880572877
0.8067222843790257
1.0361567452641323
1.2961804734389493
0.893103637806887
-0.058590350475856603
-0.5095320488169288
-0.4352422849269286
-0.6276648900826028
-0.49284959729113165
-0.21972923268629804
0.2326664201842763
0.32587627525210056
-0.08859546942001646
-0.12081954159562254
0.25748681656543093
0.2750980428087002
0.07209187471936415
-0.04697492098797647
-0.048400477333715
0.13910181504876215
-0.035842458377957506
-0.08592650005049475
-0.1484324387754012
-0.061239406640476064
0.009377106962119734
-0.0821423716314345
0.004111406370150869
-0.3007383302661122
-0.04653686764598047
0.6351161810530852
1.3795838695057232
1.892039531465071
0.5345109864726866
0.08709330786357534
0.005843343784117088
-0.6030520741153216
-0.5999888892109929
-1.0519699598207104
-0.030300462195204676
0.16555977665599567
-0.18950075481745843
-0.12995345990759974
0.06272314317019097
0.1580596362656991
0.058995539016057974
-0.1559531720801656
-0.1309424920020918
-0.3501648813856553
-0.06439729346393812
0.1423561326367213
-0.08254985868331002
-0.09780561997190564
-0.4271987070438786
-0.04814600487282074
0.05811731884133447
-0.1291135500008392
-0.20964880814389425
-0.06518729744649553
0.6614009205904373
1.6226133407275487
1.097352641921682
0.7837957684173097
0.5443594473380118
-0.21659572827989226
-0.835015481393261
-1.1749246606581365
-0.46101139679474057
-0.5990768817021374
0.10387466710149973
0.017721675225478024
0.13615613087138792
0.30684022183851545
0.2888372113082601
0.3614580845837384
0.016034624895132004
0.004181010464293672
-0.15948550800654576
0.052511060254147354
0.07441611841568459
-0.08886339477424618
-0.23579615165443005
-0.03137988584098644
-0.3367249683708923
0.09138191380818984
-0.34398359521430116
-0.4477039748940755
0.5885412635089424
0.9351691285140261
0.725750134442954
1.1744181832489184
0.8857169287905844
0.05335308218407498
-0.6099562734689643
-0.8288732843098436
-0.8951409608155598
-0.5935680570323474
-0.03548231437916399
0.17693985150613184
-0.4143313283295972
-0.33329305121632113
-0.10332781555377543
0.18274528134553608
0.03754280671914299
0.29063235551173716
-0.06738688177505706
-0.05221713930940936
0.07096340170801756
-0.06330123171500066
-0.3070351911639456
-0.12611593546233368
-0.08678295425594573
0.1536147269264765
-0.1722898342007971
-0.08956434527531824
0.06978335300809056
0.15635299309199732
0.5083913281632846
0.4710875487508456
1.3072719886268154
0.2762495693393113
-0.29723281906472526
-1.0364893453561637
-0.06235624113857231
-0.32656931371608405
-0.30496413671033656
-0.12381118271633544
0.20797783890569949
-0.26943315224659997
0.007647513854430923
0.08072921356604584
-0.00966881914083911
0.3068898027116758
0.020891973829358194
0.10108685445514562
-0.07178451610456368
-0.08368352828804054
-0.36041703406206566
0.06202686647004153
0.7267366292139482
-0.1397723214811754
-0.2356532772570408
-0.4542237940551974
-0.5474298733067487
-0.30955463117239557
0.08865863811133964
0.20558891304750768
0.7908973225455667
1.1157182642321808
0.13056562123078122
-1.0234793565373659
-0.29453121655449344
-0.5143575840542786
-0.5241761579416488
-0.10401213654422242
-0.10872734845666542
-0.515831331206821
-0.012618934960493653
0.4929544838843313
0.23226497621624512
-0.0024658814500466727
0.14204846867957205
-0.2993722628250236
0.12342773673429369
-0.2291829225593143
0.05676961273442052
0.3130435300937664
0.23894616129349538
-0.09510285704813724
-0.2077959153050659
-0.5987861773109078
-0.048628078561251696
-0.02551368284661725
-0.2259385701943054
-0.03092849105445796
0.6942745159774529
1.133936799714622
0.20544706891060277
-0.529282803527901
0.020842937939703734
-0.5238208029018459
-0.232140298310482
0.07059548416415955
-0.03173944863445112
-0.32175321788827693
-0.1649871454216745
0.3094335872057603
0.23300672409457293
-0.058582176951891045
0.03915136957151085
-0.02917255445233134
0.02494472920021056
-0.052362164319959055
-0.12052028961887734
-0.26745284079554144
-0.6829735120281081
0.2934477526441279
-0.004243848417528376
0.15010240823935053
-0.04616186906078462
-0.18305638216134332
-0.14504908380405343
0.3966530025458219
0.0690243172156909
0.9275712898653896
-0.1080409859502893
-0.05946861039090162
-0.4947903913459296
-0.3625753762680347
-0.3104392550076801
0.24279042535365802
-0.0381052750290253
-0.13883714183767185
0.08833888228264751
0.13150820544226888
0.06397186516674706
-0.19155574032332057
0.02914750415453507
-0.18900493992630896
-0.1741376037181759
0.06313077034928144
0.0681488219510332
-0.4347364720113192
-0.15602610342686607
0.4161135501125895
-0.05499563155146588
-0.16262477171808498
-0.25640505732216773
0.039609698136610035
0.017795479799344597
0.511367240734796
0.4324534646398536
0.4767171932220841
-0.20822067797466964
-0.40489870520682786
-0.65135052119868
0.13354614133843032
-0.3094039241286805
-0.522686394068217
-0.13737634038048202
0.14952972932007272
-0.3388114376379393
-0.13134185886309568
-0.12864988071025685
-0.2226321659876086
-0.15966189017710994
-0.14354175128137936
-0.3343141272974879
-0.10738456776542979
-0.12151971212102536
-0.3402812503917789
-0.023168102223462824
0.5232814286523857
0.4149563320254489
-0.1289166198867807
0.03144111529615619
-0.34076869921796255
0.10311261505616903
0.5565830977449414
0.5356129299949466
0.4501600661755683
0.12463397464117272
-0.0413567828948377
-0.13074699599865255
0.2100200850984542
-0.01886803027097925
-0.25358646985605227
-0.41670407596346015
-0.3910985170525051
-0.3353192863797617
-0.3319741014470117
-0.3860418156908148
-0.11509402188621057
-0.06661430000599952
0.007059011121271509
-0.2802973069070025
-0.1613877792965411
-0.2740527624777424
0.055391558612186254
0.052504051055200146
0.06736841491159132
-0.1930573866134881
-0.0927936490623688
0.4026746650789236
-0.07904576176622202
-0.002955820349895426
-0.0222841112053505
0.22860555735258367
0.1031645753703586
-0.09719154398760237
-0.3777407558452766
-0.14195291724584969
0.19212962776202885
-0.04726108690856216
-0.0411851416554786
-0.5796070189196089
-0.21433606624232557
-0.045370123208100334
-0.2178578686472638
-0.15144201116143371
-0.2742408841630597
0.1394942130007871
0.038542814850699554
-0.10876284788198722
-0.25144790598403155
-0.11039246696970356
-0.1932947979830463
-0.13422733004850773
0.17236810044820186
0.0008331619638223092
-0.1704305434527643
-0.13153450398933275
0.23276151011878524
0.11248219010247741
-0.07395811229987542
0.3398391511891023
0.2242997273578869
-0.08170722790714327
-0.5888064447349719
0.1682152115604558
-0.13727842471676155
-0.15366167511918866
0.14651720820165093
-0.23197510303435748
-0.5010464626973821
-0.3235278182683046
-0.4442298580712379
-0.3567330387844588
-0.08964243976408659
0.05952456232876288
-0.09301579554457379
-0.027383455253080165
-0.11611890287880819
0.1472363486584832
-0.10976275067701785
-0.32965225288887484
0.17666809050232074
-0.06751769808213168
-0.06567583416600097
-0.33371875977512
0.10561469617033263
-0.21174829696930836
0.41324928174222103
0.2184898460049401
-0.12790422328039297
0.16614874974591284
0.11085153143514606
0.2374333301525659
0.014054946367259024
-0.3411002360857381
0.13475168057078432
-0.21135430182283024
-0.2086104110574087
-0.28798104862320767
-0.44161980953208574
-0.42341233545043705
-0.19479184067670097
0.22824018081304143
0.03653614503536899
-0.16312031327164983
-0.0797064749207597
-0.04621223541741661
-0.3724591584273463
-0.2748387006397042
0.3352092013535926
0.2991247829883628
0.027817744446660304
0.07732228391802598
-0.31133198533566914
0.08505468840131583
0.38732115199084083
0.1122487676029108
0.0639566834161173
-0.07357599952441875
-0.04944147535406582
-0.2848693012994628
-0.47384393640330985
-0.5839022094753845
-0.11041592197475147
0.12559566776462952
-0.30477466755848664
-0.3228635464666137
-0.37074306959237296
-0.32337418236676657
-0.00843187051206885
-0.22218585415654793
-0.1099370272966487
0.1386031979840599
0.06630920905517684
0.07068022138471615
0.08748122128110733
-0.005727218517936327
0.09484135756547206
-0.35119724917966455
-0.058574249482814436
0.3437974499078445
0.16901645165314286
-0.15933362445655147
0.1769120000650773
0.21396511271167584
-0.1673601409799255
-0.3830767866275232
0.0491906037819341
-0.1719429882316524
-0.32529221559478017
-0.05240484882478949
-0.1789008696825166
0.2553341423469259
0.05228677676258755
-0.024892466266857653
-0.12108026486609529
-0.24023008353992373
-0.16629117331892207
-0.20271562443276828
-0.11238897408040688
-0.09838871713441126
-0.18467322992436144
-0.11062580260661381
0.04158466399940305
0.1756505872693659
-0.2260994428535929
-0.16016606597124666
-0.233024014301613
0.05245268139872013
-0.3215275808817644
0.4338930295463936
0.4255699004926399
0.18822011796205895
0.04882604279777857
-0.09630674252415679
-0.13359945482656765
0.6298587319502814
0.6551462116080324
0.22831995752615614
0.09224303288696804
-0.22219920069347338
0.27327968076485
0.18698692297510622
-0.042116980440394094
-0.32903011828250284
-0.029706272603346823
-0.21571381087884584
-0.009646769957694057
0.08966182253654012
-0.0023431001154022853
0.034464399659476654
-0.04904191155432818
0.26852041252185377
0.17353207585917424
0.3061672002299833
-0.42744459836816906
-0.04992654036364106
0.28799257180820764
0.5844718829127558
0.2654697429453234
0.710951919087266
0.541827698407412
-0.11079012813197693
-0.08609339422896757
-0.09343814861201673
0.041214573088847704
0.2607591154130351
-0.06798304945963489
0.1509399365273623
0.1222061737619181
0.17568900180894345
0.4715228064949105
0.04791411258449317
0.1303542437493817
-0.08849995922955062
0.00664564675163283
-0.14175676955110003
-0.06657906583474008
0.09295370452964573
0.37428986381642293
0.39100249549577165
0.011702622801743164
0.055777988071467825
-0.2866230595174867
-0.24616179728870888
0.01813113761785038
0.22688895556733749
0.11373029325657809
0.5330729748620762
0.12473706212159306
0.01805961980490889
-0.1863383373835474
-0.3273243033431297
0.06371327085995274
0.0188051493228697
-0.23905246519281803
0.2789516098675759
0.25244770700869235
0.21017183107148268
0.23391348067255066
0.12321766170298493
0.054530071274329614
-0.18959875535551762
-0.22791075206175818
0.035890488886023905
-0.34041019172067283
-0.022725714848761618
0.283579444364067
0.3625001836478558
0.17129884413037424
0.17969159591259382
0.314026617546234
-0.2985532653531223
0.10439976633246072
-0.2107463016505157
0.21327976141039195
0.3795303006846382
0.4751715165088472
0.007135195438970026
-0.06487614902335666
0.03876841304004823
0.19964764908550103
0.12256932793875268
0.11321479194844518
0.129337568901834
0.3271687167219898
0.2339623093748535
0.22152891489594445
0.20514715024034266
-0.02650050111505538
0.007687799681223861
-0.09728416170956317
-0.11210863952483045
-0.14228387703292603
-0.16448524762951705
0.18614935457800563
-0.23165889983342525
-0.39489538571717786
-0.21278486447138598
-0.476361965290524
0.19732265624937464
0.4110075730759636
0.21876469431502274
-0.11961881930142233
0.06625071546143066
0.4517489020732936
0.24861377596846582
0.09287790802165743
-0.13647760795119773
0.1658457588611003
0.4013638999924869
0.38948179949954126
0.4451197973822846
0.20474193842455823
0.09306041968238776
0.36919731680289253
0.0275848035126488
0.0401135110334836
-0.03469804412234451
-0.09878292577265589
-0.2546945418403429
-0.24655833645732353
-0.08097945601743602
-0.13915497753136
0.2622196951149524
-0.12951781696717005
-0.09507242421298835
-0.12927317212174436
0.02275075243917868
0.2213106749869388
0.35912483863560535
0.006369087809399653
-0.01025638779390458
0.16993361680135777
-0.021356563803279882
0.055632092118756714
0.13656988654434057
0.17905368541395017
0.12019491570261519
0.13227493291593928
0.21886266928631998
0.06439245181120828
0.16172639613168063
0.04427983184255206
0.08837474201079742
-0.05718179323199716
-0.24144349652588978
0.001838133247608776
-0.16826480923692322
-0.12197137048663123
-0.042792068896306636
0.045287133634535945
0.1583352668979614
-0.013232523904395933
-0.052629718945340735
0.0786365859774669
-0.10464043361983665
-0.05494931448516618
0.12001502540503221
0.28374859510222084
-0.03807200372482192
-0.1385020710887049
-0.28449618779624697
0.21475490442057166
-0.008040988742979793
-0.027683376390607466
0.003569514355995267
0.24086099965035263
0.23182134311821115
0.315893099334365
0.12489846760202744
0.1703805163658836
0.25270066467760277
-0.10676949953020246
0.23702999271474307
0.25772480206153153
0.1923736202177685
-0.06018862602330091
-0.08804109066372197
0.004361245710441399
-0.006151236879990883
-0.1213955907542042
-0.12004438611232493
0.23994722410776065
0.31956304547472153
-0.021851677793113686
0.15820212343148968
0.16468940720720618
0.04123126419398668
-0.22269445616773456
-0.1751877110055736
0.23855395411746633
0.3915039886699929
0.19694179331483047
0.19676431848401202
0.09765127961652181
-0.14550133975393958
0.11361670672555461
0.13824911968418244
0.19946789881107094
-0.14169882369517334
-0.1159858784433649
0.016109812002329374
-0.06151914604804525
0.008893733514643848
-0.006886847520801235
-0.008542743909384708
0.19980105134691495
0.08839382618632337
0.03052729151167046
0.07646431212197234
0.08748124738442678
-0.12466956221091385
-0.19906644692913236
-0.14564352861783095
-0.2051728196647222
-0.22788243571843886
-0.4382138484279901
-0.2608247869812651
0.03834473495981562
0.13789001312823868
0.01724777707769348
-0.0408230587930037
-0.1475755055859959
0.12494603720612071
0.06541149825984612
-0.21181986319330093
-0.1513410616984698
0.07271311379138586
0.062298882350945536
0.09340426448044332
-0.21550336525424751
-0.02357345487069246
-0.03569048717319472
0.09277666595541266
0.008522316644635116
-0.0385505751087676
0.006176510814182562
-0.02371646230793736
0.2227624489976907
-0.04276469446735715
-0.015099315824430116
-0.17761502112407096
0.1653468336483749
-0.04761403234073424
-0.33186256137378695
-0.14663152080346223
-0.017944088511096204
0.06253530790109403
-0.07624744030060032
-0.039189937137042725
-0.08065902417640225
0.013299774028806784
-0.03555324130227246
-0.05999061731327281
0.047509110239634514
0.11552129052830956
-0.053397352184921296
0.23464617679338365
0.041149339680654984
0.0010503148609870975
0.01913850066346315
-0.01775038752475434
0.04473795063572026
0.1744495867053426
0.07166888484730229
0.1971304807415373
0.11602119506358052
-0.09976156556304877
0.008076268371773915
0.16958564012788066
-0.05001363373742644
0.1122053269038085
-0.05664032419619711
-0.07007155841200806
-0.1763200012134748
0.10667381228135041
-0.01641149224012096
-0.09508040499397351
0.15815714680811954
-0.1376357358732711
-0.032919376183009684
-0.043542129916593786
0.0732759993630107
0.16129952433757908
0.040433766598239426
-0.02775664812594863
-0.03157977822732086
0.10456969428932239
0.11211998460419187
-0.1515143230133395
-0.09768912414174347
0.1543614589903195
0.13117605990569003
0.026798933293856606
-0.10981327682175164
-0.03323206860111034
0.04389398932154695
-0.08456061135563575
-0.010778894600341074
-0.1814927996179369
-0.12128751275520838
-0.23902053960471994
-0.052465361430949486
0.014017710664533407
-0.04999640776778417
0.051483994287410156
-0.06528900709267414
-0.001208422556338581
-0.21829182367951902
-0.20489864961127402
0.013210513321395374
-0.18914604679426728
-0.05291820184015239
-0.12401177483797693
0.24069810562372343
0.011181681594390414
0.20762066004376467
0.00038209508400362913
0.01959816197771714
0.010858115197761644
0.23370561774462736
0.026607367550482118
-0.051674847266940285
-0.06345999503699482
0.3501335262074806
0.3117118342061958
0.051765213705607535
-0.18980998912117172
-0.0240072763044629
0.021144594086038422
-0.16778507033023968
-0.26012551821874635
0.1325251618654716
-0.17577510258518617
0.013453559398370153
-0.38503413277919174
-0.1880401854472156
-0.005005073296796742
0.018659878057272036
-0.01776215523321623
-0.113770174983264
0.01974460014266549
0.0298142793779598
0.12102905618784196
-0.0007738244864620617
0.07894928226347679
-0.05151520602191211
0.27583624442569527
0.17828246023185718
-0.12585116259331575
-0.3716121019530259
-0.054500827903922314
-0.29001041915210235
-0.10101740507881814
-0.2790955653275008
-0.07019590240691094
-0.31896288918899235
-0.33942722500573713
-0.5906886812018037
-0.44265578669580713
-0.18439278922369592
-0.16332604454574431
-0.41345299453602125
-0.3248814709641078
0.05435780146724063
0.009239170796336125
0.06964688632325067
0.14243590379724017
-0.054707701462514885
-0.18014713630312276
-0.07885923426825284
-0.11258334431112836
0.18101462591163456
-0.18550777358442763
-0.01623866033309827
0.0645278933535755
0.10006176070009688
-0.030608911449793136
-0.2916661654065096
-0.6891664600805901
-0.13177816350775043
-0.001304123585016401
-0.03747360052187015
-0.02859732696729454
-0.25340540532275707
-0.5828032595184507
-0.6992364580968081
-0.11906136122494045
-0.1152107508989529
-0.0503598303992373
-0.23797128908733303
0.06686704742733002
0.10228424746318192
0.1841181128282937
0.1516735553208917
0.09537039172703558
0.2716274590224278
0.08073896768580249
-0.009320435638829167
-0.07827622361973363
-0.08932204309632756
-0.21057870476767426
-0.12410822738124351
0.19797410613542038
0.15123549124779795
-0.22827364765483715
-0.7386799781456764
-0.31879355219811145
0.11857219430797653
-0.08419461786224611
0.15358219903563636
0.027407912626427944
-0.13267184521052944
-0.0792066344866256
0.3318371537925108
0.4437608728073446
0.44407504849789914
0.15406790892143762
-0.22321627794164917
0.18277432997157195
0.04770725373533647
0.27239646595796935
0.3167317209888336
0.17510983153438667
0.1511451031495355
0.07180465183827058
0.035421135180584526
-0.14966984188760904
-0.04402552205848331
-0.053206628739950884
-0.16015053875942914
-0.2744368612077382
0.2586832554671439
-0.29944441930459803
-0.05197596574875076
-0.4547826812588584
0.3210528149430325
0.36982783283724
-0.09832376487981118
-0.37178778762648185
0.0007855313669512299
-0.14456574649098552
0.17747009881831285
0.22279277079119134
0.37572213748765804
0.03239569824141535
-0.21291913859248154
0.5721058429605597
0.7103704673966974
0.48275100786898617
0.4130858529380099
-0.01040028771323557
0.2867580364248897
-0.07909204889462594
-0.10479136684631944
-0.0174929583565666
-0.11600728550624881
0.028559394718534744
0.015634369715656047
-0.10144125094770158
-0.34176211406011925
-0.30642062213492355
-0.9997595541158557
-0.7883400636499964
-0.6931260832519525
-0.28169051849518584
-0.29112403746150595
0.24632221497341295
0.3897904343150734
0.21383842754990517
0.33508108301530876
0.784903327877257
0.5790993179511623
0.4923535742554384
0.5841089433968376
0.8158628094590995
0.8936483292215767
0.6373340225048663
0.4160200014360306
0.2133727547526382
0.10376535018386461
-0.062071378493781505
0.07670598328921197
0.0841668763822741
-0.3950984942689025
-0.06880294272464955
0.3970132557112708
0.2433675826918001
-0.19831627034228597
-0.11882102837103053
-0.3603747662128574
-0.597763790644691
-0.6812186832345589
-0.7362270374791167
-0.254213311471684
0.1941916325158528
0.40361826316249744
0.865579072826085
0.7188874915317701
0.7221687298619386
1.3032737563722592
0.8305585985214328
0.6272024306420498
0.8378879791993871
0.5108890478519298
0.46673624575426725
0.37506105477944895
-0.042351685584915984
-0.06265824145016562
-0.060832300496974065
0.08305664649703899
-0.18382032394380965
0.050003084022859905
-0.0753962097573742
-0.2859206940310116
-0.17598368149461466
0.01924109256373939
0.3762726996861221
0.8964406821177424
0.2611375766548209
0.3913798578835742
-0.7101785738090456
-1.3162466633164924
-1.0540281425894993
-1.2155802205207704
-0.754271052927505
-0.776046919181322
-0.7860837029108335
-0.4241895605883004
-0.6454243853359534
-0.49859725900572716
-0.3617909317030133
-0.16794216954794902
-0.4862591487876558
-0.05385827339284116
-0.4210955676394239
-0.1675449252686979
0.09228592402489671
0.10418855478085289
0.017750478009057123
0.11752830873708338
-0.12733559414284998
-0.18557633596962464
-0.031130862388223036
0.4999137395148503
-0.07600523817923038
0.029937083764505403
0.49130980398430946
0.2061247718121562
0.8034836272312981
0.04582627128326042
-0.6747245321500683
-0.8961908761441446
-0.980373201533404
-1.069529138999309
-1.3950337596960944
-1.4331416164293411
-1.6700611374055905
-1.6142216392638697
-1.1509313901585478
-0.9781255061760725
-0.8708099764069183
-0.3688192092614403
-0.6530761622167894
-0.49641105287321147
-0.23411652258110638
0.023727944240927425
0.2395933941371371
0.4376554578975032
0.2183260569587563
0.16008114584426833
0.09874172710334374
0.523275009994766
0.4052006449156721
0.013595862141438755
0.33618793746742454
-0.019348695215672004
0.19890480804948835
0.26967542410384965
0.4337174576452128
-0.3547276228812828
0.03418867048810551
-0.19121212032069584
-0.5160740862104841
-1.0323836798472001
-1.6787808891009102
-1.6307553596956161
-1.0607920364403558
-0.9149113607312742
-0.653626273623834
-0.6796860906570223
-0.6794865052879282
-0.40469448197605706
0.04638687308515783
0.08269334737517593
-0.06553955108444036
0.4518727359666809
0.4559774308801109
0.8076193089883895
-0.1560672602702873
0.19505387567302185
0.33056300056940036
-0.008910441847948121
-0.15574039936796236
0.25002209958880306
0.15758659904659053
-0.08963222001480879
-0.05993598265164398
0.21223878705948895
0.11392419129908948
0.5803570156897913
0.17759045044301547
0.05546164936289851
-0.3161144621620155
-0.799161835273058
-0.8439175442273446
-0.6933030912796752
-0.7706720175190231
-0.8246965681616886
-0.42651725257287665
-0.24535434825135327
-0.06283934937075511
0.00047586158342038666
-0.10347081417266343
0.4261471588087386
0.2938828928091644
0.703705925037352
0.8058523479752963
0.2508124060118315
-0.2131308955727104
0.047703578073950904
-0.034785527606469774
0.18161501304325814
-0.041748666738097975
0.22151564357174477
0.04529813166035831
0.26687665888991846
-0.04591886211690721
0.08936390919522591
0.18615306186445024
0.08299539646841757
-0.01658199367361633
-0.3432990988696275
-0.5216337711119183
-0.5968069014300927
-0.5517868098218348
-0.3620702670113253
-0.5628024458081866
-0.3664161146395311
0.013174479017979622
-0.10081270742324347
0.10780618173801264
0.203141948809648
0.23525870218305264
-0.014662955514479385
-0.1706097502759124
-0.26075872667654065
0.18886657523899067
0.26624589888178296
0.12339437464192353
-0.2780170418018503
-0.28183588803335075
0.021045758724594032
-0.08244863607569623
-0.07609002228252269
0.05453795725666385
-0.06912318705718729
-0.026206786792280775
0.288245281155579
0.36755424271279685
-0.028428660134565922
-0.0660570331774521
-0.24789905604577017
-0.20684329394044218
-0.4509457935736797
-0.3029887071640515
-0.17401489956459223
0.00028231486491721796
0.14554931194113901
-0.14850450172307164
-0.05511165650478742
0.19458054325373397
0.10208140829477177
-0.0935941158356273
-0.3642001218661233
0.04456176752003526
-0.09655936830046788
0.12571271829051922
-0.2145526819779864
0.14733596527104553
0.010583927238484421
0.22679891101221486
0.10075769913123392
0.12869586298262617
0.18366388331761163
0.12088531283764917
0.36263492005382586
0.009343399188144476
0.22031481930245264
-0.30138033991936086
-0.26350043947799767
-0.024452079312643378
-0.23875462627346777
-0.12540954374581847
-0.23985284835230877
-0.0581910692343825
0.16005649660378707
-0.09649333393945878
-0.016143777972328577
0.36549341357597437
0.08726803097543888
0.22918347821094398
-0.13867875202680185
0.00967516790763009
-0.2440168675968723
-0.4926794124547785
-0.07655007840389505
0.1365388246380862
-0.38147926273576604
-0.1565089252638657
-0.005129814715492708
-0.32459845795810927
0.14691977851790236
0.13009011627645692
-0.1650810031876114
-0.026615866399583576
-0.1881620191676349
-0.2247765749510462
-0.12991395628623892
-0.33901227577761694
-0.19208317002454572
-0.06382587278363536
-0.263294182327634
0.06918722268960031
0.0035970165504668823
0.031276061399748804
0.05681828648591362
-0.006802119146107081
0.17836215374186226
-0.046977124181503446
-0.05204394173853321
0.029471047167547643
-0.24003497328560525
-0.19160352648730253
-0.3217801920818872
-0.23915499606714918
-0.6064955780363686
0.2153240023981734
-0.030936992260138723
0.13332344933259976
0.0036160248260356615
-0.05745184956198578
-0.12930898396819165
-0.10628504209380019
-0.05586982209491043
0.20941334454972915
0.19492811998116805
-0.208004612534351
-0.06443140686779814
-0.3002850918766151
0.013843190244547596
0.18469924609614966
0.08213418166767798
0.12661298679752142
0.10476046335091735
-0.14482039521838208
-0.03259188481818958
-0.20940537964558598
-0.24837982940848827
0.0700517356372497
0.09824448012105455
0.4768486472030626
-0.033188743583319705
0.09498691472786457
-0.11849376881538715
0.2511028105252994
0.17085578444369265
0.12549232851312753
0.1272068587330273
0.1929057154273924
0.1949527349919512
-0.029429382906655126
-0.2542469090475425
-0.04915555488281312
0.17861348808201827
-0.0797252467252253
0.005353352626750153
-0.1837422694466653
-0.1949491520280482
-0.07623451551153164
-0.3016021037814002
-0.08583754483121589
-0.061709797010150384
-0.12719160747077463
-0.19657816774795145
-0.14994121535006963
-0.10915504806561266
0.3799907774879581
0.2521033155178028
-0.2656323831622581
-0.20774610033511165
-0.18984333783200938
0.24531172422915967
-0.1750140890702257
-0.17235457635894616
0.04887961308019858
0.08301725633053834
0.08771448314218575
-0.024574713231986598
-0.10305584761607996
-0.31696497227115356
0.21171283941160457
0.19593003368523074
0.08684725619876117
-0.0025117986237475336
0.010685375150620692
0.030336024792884542
0.1521816145732507
-0.0036427537435272227
-0.05300699528168565
0.12283683171352622
0.02845786071029565
0.15674118891642247
-0.22021989174290088
0.14902827965612428
0.14778087583390503
-0.08229269122151647
0.10517937937586812
0.08571856414763757
-0.09474210104148162
-0.36651017976693584
-0.11274061015657708
-0.3696517366966225
0.17053527807581942
-0.2995657519749172
0.02857821945170402
0.15398263474599155
-0.12439753370373964
-0.07035873459875933
0.2637691941769994
0.2110306302255365
0.10828145571061895
0.21865041971192883
-0.05914361698469933
-0.1781464479112998
0.04589919076032522
-0.07972284773944799
-0.24269937766529143
-0.030298110577359254
0.04754647388050189
0.008735848703162359
-0.11068065565775626
-0.005340118371023449
0.17599257711373395
0.0263879109706085
0.19413891561813873
0.4704129930215924
-0.08583396581972473
-0.03236354211769658
0.005920433314299436
-0.1468116020977137
0.3477576728948078
-0.14686704503157935
0.34050012653190476
0.18031026147798226
-0.010516391108974614
0.040044664588892866
0.03989342306357093
0.1746110388618757
-0.27601549988953406
-0.11702861614336003
-0.06916195947705388
0.08695610188924933
-0.08463054120917114
-0.14125995886814247
-0.025384927859624203
0.19070525146141246
0.057037481555897114
0.04968472974497677
-0.17001530831946005
-0.26074351802898466
-0.3872671591160131
-0.4084022806227473
-0.07728089836391207
0.05769373656822968
0.07261444165404683
-0.11124590586601886
-0.1065973652108703
0.30895010053208366
-0.0648387208199622
0.15061460699331694
0.16474647948112556
-0.011972893214177587
0.19012917965684725
0.10051777338374418
0.1654527944496005
-0.007040766427931036
-0.013048895517519192
0.10163857433978284
0.211606444812274
0.05880781451903038
-0.28496023924566477
-0.10076642532440314
-0.15496616365253532
-0.12101056817317028
-0.016726147538308343
-0.13863573472589857
-0.05982111951020903
-0.155100590339925
-0.056093204304238135
0.046099720090921975
0.06548869572693458
-0.2679007107570696
-0.15744448177327067
0.09107330317283836
-0.1182685855098502
0.1856961097642365
-0.1255294867246118
-0.1350481316370094
0.1271661266436314
0.01233330433303309
-0.022456500403882206
0.15672513744669478
0.22114783090237702
0.342178153470397
0.1385729922459391
0.12787859223109652
-0.043978536318801165
-0.049541501508809455
-0.06522611641999737
-0.0659169155285231
-0.013676138203313426
0.2145708649544408
-0.19935241791720976
0.15608084126053695
-0.11286165850777576
-0.19438878884731278
-0.14842942385314656
-0.15704642974512592
-0.17476898594385837
-0.10809943688306073
-0.2560123888709912
0.08814512042894646
0.07044657517332052
0.22508974546409896
-0.10445001572390726
-0.2684033912290241
0.026550088653897533
-0.018084524613923965
0.20764898289057457
0.42320711576514763
0.3451430091671544
0.011426249347295527
0.06559582668242248
0.11750511759492814
0.08813888488061443
0.1748053625584532
0.20216480007259102
0.12738646527710903
0.006304428132645001
-0.12079768079450558
-0.06602778649326266
0.15279753108648758
-0.08086160575435956
0.02508853251948117
0.010539210825687524
-0.19450709246273018
-0.21648707194814304
-0.6086163667263226
-0.15217211184535434
0.22135734220989928
0.20679005057874245
0.08779605091505972
-0.300358481747862
-0.3623729579216776
-0.11371199928861529
0.03162136956549601
0.15499900760638294
-0.08303342355081217
0.02103192927334291
0.10213851428457421
0.04842248345658423
-0.013791617142022237
0.08769126305299248
-0.06160816608775084
0.05041380918241286
0.1018545565238765
-0.040024215697535566
0.16862147473146422
0.14208686697218348
0.03396713522911822
-0.1386145817796114
-0.10011387097648634
-0.11506416168216775
-0.1744676311286938
-0.23137275094776888
-0.448630030081565
-0.1907859226166459
0.36556212148323963
0.2333324183981805
0.10092815627468422
-0.010619737161872898
0.005112227815245088
-0.1910337372654796
0.10732802941371922
-0.08977171178033477
0.14604640996187515
-0.03639779242598447
0.002738686944013612
0.08563950697600045
-0.1016873407216269
0.07994562599241335
0.1293178429869906
-0.0035322774525928064
-0.30141296310007537
-0.005589839293521021
0.020778805119919776
-0.17357405983967686
-0.2681802498246789
-0.07751962517883262
0.002585268943477068
-0.12066445510189618
0.09244703389573897
0.10126570614735594
0.025597175819125784
0.06527061358153509
0.1077358647470987
0.0943726860293979
-0.06925157583263176
0.00426735094666694
-0.005476382246451618
0.003168434692332879
-0.17439054731621637
0.00979093274061988
0.06054671351756032
0.3401648256500306
0.16920118752938942
0.08932615066756452
0.07694340057875529
-0.08177339182754291
-0.06373554736536394
0.04616760331763023
-0.08912908501067741
0.04164955781566675
-0.16620016321996922
0.044838739912537284
-0.008630792892230534
0.12574924206836255
0.04020009362380787
-0.03625408535960388
-0.042129275537295015
0.0251669756114935
0.0014539425539973185
0.027555656089616735
-0.03560670003952824
0.34877293892267314
0.0866676109049548
0.08776087726775872
0.02383074598731053
-0.002006958522596256
-0.18727939621617912
-0.12505988508965465
0.11369497538021704
0.14183823101981416
-0.02564538428408271
-0.06697290880744214
0.19318946074374987
0.11268148330518177
0.19813574073384038
-0.1691159709306093
-0.09296407621277039
0.06582119708757433
-0.010546769191228905
0.15335503623858077
0.20379373865408124
-0.01646580026156277
-0.1120708413786377
0.23345560303479929
-0.02673018967448657
-0.0745927706055761
-0.2594425734564241
0.04610105003971098
0.049142996320299
0.07075718482221477
-0.22420939737512355
-0.10895382897912315
-0.0060113632362521425
-0.13289065260946642
0.07338799840590965
-0.1184162050876994
0.14117530627661853
0.22975112244219834
0.05102235510089982
-0.05234159822490749
0.11626379258263764
-0.3243424828356811
-0.012855889473356365
0.11529676978548829
0.05706540107727791
0.029635065281217936
0.08813210520237846
-0.0574992167371405
0.095868316949124
-0.13239843416357694
0.1743488930493903
0.3815035833783669
0.20236317772310544
0.006739721283660442
-0.07743672865089392
-0.14176500659751834
-0.18071617992477215
-0.1991736857294268
0.13960069633216368
-0.014579670113129613
-0.14102553556155406
-0.01396992508939618
-0.011271854524045864
-0.08386486043870188
-0.0498962469733774
-0.09097952286837453
0.19492467050749682
0.06783375044246667
0.11010366425164567
-0.2384817608013593
0.19136256485899802
0.08882939840971013
0.008206595134713873
-0.10430777541439894
-0.02715328452818511
0.15800791515091586
0.06941580617779378
0.1045406482058909
0.1772761109236468
0.1741250772482373
0.022639738373273658
0.2978986669739068
-0.36232148170428713
0.03249249868930811
0.019532821031746653
0.13780731577925612
-0.08714400074158013
-0.5056011456251683
-0.1595232543634502
0.09722755870267376
-0.0917705543731343
-0.055226609278553065
-0.024547504763509965
-0.18137085167391237
0.06460254514382066
0.148731030095134
0.17250693561053712
-0.05797941783890452
-0.11780992200142748
0.01748396252871763
0.15004141193211393
-0.06465840353474221
0.17047463659979448
0.09004287794789871
0.21807807904725024
0.25564006280838625
0.36084689475310866
0.39221549437193165
0.7879442974705375
0.21035197851640974
0.14583517699827772
-0.19331766394313105
0.15271197888709626
0.13499892161215757
0.014672657358497179
-0.4765031722567216
0.0853179210042877
0.2565093653904373
0.14938470170638168
0.1567241549012347
0.32778334929558856
0.3659320765013924
0.06275205604206481
0.12197262325151585
0.24510646757464932
0.04865980528898031
0.11976779674702875
0.26023752884211065
0.029889439761942412
-0.10659590349600818
-0.0829707658963354
0.06930457099722313
0.007520855235143631
0.30129267638665297
0.4001234062990518
0.5451179515283299
0.2293252805615515
-0.143819829732028
-0.035544073353021656
-0.23380616985102243
0.12622825015899553
0.28495958686703726
-0.12313590676244875
0.3729739715743719
0.09350333029617515
-0.21080227720371086
-0.10417285314935977
-0.034683100679452454
-0.18950350771032073
0.2846622029661021
0.06928849474781217
-0.23714969253578674
-0.20970081816107014
-0.14430477958838797
-0.10309122702025095
-0.01811054287136963
0.048646791627859974
0.07969025608979081
-0.13340122460651493
0.045940352407229205
0.20127046942367788
0.35119366387495066
0.5477709727079012
0.08914160046252832
0.21542264377675327
0.6174698239860636
0.18896505478164585
0.1857796650967731
-0.24090428166719444
0.14805255082647512
-0.16020089829390305
-0.18269704747785318
0.18425834783382436
0.10575423724706315
-0.11526832001275335
-0.03620792189406909
-0.29446393211579985
0.008629960280693709
-0.39518364649430116
0.018897209737225345
-0.3467342631363947
-0.19799318143821695
-0.17618004748948188
0.13640728871670826
0.008485626638639238
-0.15513799033362927
-0.026997352539158633
0.13646712508071246
0.07538452579527904
0.12037817597691194
0.33382721321695846
0.19290865566673882
-0.12593542781174222
0.34447667698160417
0.280294036607215
0.519610478727073
0.24391922865306098
0.3600511041556213
-0.6075561082414782
0.1855585566565305
1.6560885987596986E-05
0.231673447687713
-0.1106601470517823
0.2125632689441106
-0.12307121185155462
-0.21854583878814954
-0.14527126551414976
-0.04798906812992306
0.2218070020329744
0.13289970439502927
-0.03193625500693668
0.05385934672539662
-0.052210821371524524
0.1643285370689442
0.14756912208675801
-0.1298344337786037
-0.09166164816953509
-0.16694853816497277
0.028653083796510492
-0.48937742531902473
-0.1964947437940008
0.1111456723526817
0.5447237118822207
-0.2418734328843166
0.04174992196801366
0.37967894275026465
-0.12124593670579692
-0.34624344296461723
-0.17282850799901883
0.11438134717880552
-0.2036032897250282
-0.10424224257053165
0.04394458673279491
0.13233253436411183
-0.07483188897765562
0.3185047334975922
0.020763320791084363
0.06769525642606349
0.2912589342502712
-0.19018440356303973
-0.1405396258922632
0.13680883052672835
-0.018849329447346276
-0.034773961864287474
0.050903641988083836
-0.22053024679592675
-0.031558965847315185
-0.30452588791127416
-0.23319815748802009
0.4199974581721845
0.2653884479165157
0.18834165757431834
0.3267518111191628
0.0598434224608134
0.03247096502762546
0.16845202699354525
0.08192871148545582
0.017999299511415014
0.1885314783933195
0.018614668309848374
0.5256157692567837
0.1492853287369718
0.23598058765337496
0.4439344135038692
0.3094427922772168
-0.053543079072772864
0.2143189241025427
-0.038477878933077726
-0.22790788997956563
0.007322986960349799
0.3128937226045301
0.2966629146635939
0.527166929503282
0.20481538827875406
0.12608735833655504
0.5470277658036808
-0.19300720825490983
0.3117326886491898
0.3710609931059307
-0.035732204243829
0.07825776256642569
0.11283883838306438
-0.05755756280443199
-0.17171567559091344
-0.04040099827998083
0.23737762243940685
0.28876881805634813
0.09513557478626017
0.02372190487527349
0.19868633858398393
0.020215369994275607
-0.07065655634915416
0.09217177904382995
-0.018985153063792833
0.02229757076777272
-0.2334125767728009
-0.016238971642809644
-0.05434150411691791
-0.041559718196828646
-0.022086446626417056
0.6416513180704163
0.5510361871584974
0.14744648039863187
0.9314991779509398
0.17126856702405452
0.3933706795177627
-0.04873120332983961
-0.2349115152355451
0.14080656192774824
-0.01297449295561566
-0.007129480568902148
0.042813418840906343
-0.13636536251087325
-0.2746390525914397
0.09561229394631217
0.17582460260025534
0.09271713593211726
-0.024110247934362696
-0.2483116304953447
0.050004070259124817
0.08954114087973637
0.08941663291924769
0.16536985477716307
-0.11769145132841205
0.07007345843066938
0.07937917354171585
-0.08236061364583946
0.013619179710288523
0.488742738477134
0.319059557536383
0.1458487149931519
0.5507954579749065
0.14577783733298896
-0.12377532635405954
0.16866626526924908
-0.21711357401951134
-0.16984613790092498
-0.3024442506251719
0.12170547217520969
-0.056060216988625323
0.19808209481440195
-0.06323856689957189
0.12086879560694627
0.033046326758255834
0.12136046535129379
-0.1867777115463973
-0.09358644079091054
-0.04223440410987562
-0.23978835214134064
0.14357270849786488
-0.04953731805411034
-0.03179884650470361
-0.10395879160100006
-0.11239467126307331
0.17452493597466265
0.18923047958524847
0.2531184182246795
0.8924478297778987
0.7497800754069095
0.45080418909631903
0.4259990064222843
0.3376816099839513
0.21867941382942138
-0.13966978358010568
-0.29077612881040105
-0.09567214700889484
-0.08702218769245436
0.22189206980826195
0.15355092041242774
0.11470018766832042
0.018560876233559606
0.180916953069555
0.106817684383444
-0.44215673993843163
-0.33514763893091415
-0.040970587281875886
-0.2354099612464846
0.07594211346651963
0.15067274995933944
-0.11696553503615807
-0.0429267854701361
-0.2096620322734107
-0.10533439200283665
0.02169811590942382
0.10845913028947746
0.5090386538104473
0.9269043342716299
0.08609406252613676
-0.022028359517175706
-0.0008081246029239928
0.10996229180602182
-0.12975429720674378
0.24830832823546575
0.4893022571734007
0.031075800350462483
0.26599102818610154
0.3984376677123625
-0.2661526346275866
0.15475426456067395
0.06444555048627038
-0.14696112755991864
-0.10841454079510385
-0.10812047949806211
0.0940650240734057
0.1380276374939229
-0.16399510971222056
-0.030743934470640485
0.24644935168167661
0.07732282732099018
-0.08737298699221878
-0.005375500801546224
0.047238854961328715
0.4234460966362583
0.5861982637432313
0.7997121202099259
-0.17814106755284004
-0.08724363836869198
-0.405103726052396
0.4349897794910134
0.0875878059163252
0.05804438593986958
-0.1804083650208755
-0.1737792376229324
-0.15709393559345403
0.12153141650062202
0.2919846759910763
0.1428464661565015
-0.22589861931745697
0.27749772966830105
0.045010910836580126
0.06149656220002086
-0.020561293072424314
0.1275131951113144
0.12731549893921967
-0.1270990666298865
-0.2154228529624369
0.1408571672895505
0.13210520515041824
-0.04191306914157185
-0.02458441080733148
0.12551987450115576
0.7387318593050762
0.9502619902958205
-0.29952940817703483
-0.16784624222594266
-0.32617419949336834
-0.09095414708741337
-0.2698260648485037
0.01029540677133264
0.06490506305988218
-0.07195029673987378
-0.07973033410353916
0.045903691501776214
0.1082475236952551
-0.02673880786053926
-0.09776408482675568
0.017784280910884888
-0.07600826732214197
0.12865470368724452
-0.12945751583758788
-0.23721314301825974
0.1370198216646352
0.1914781383736335
0.03569807104603387
0.01270201752839334
0.019735863171832006
0.12386085808219237
-0.11064572944484496
0.35305563293693093
0.5454088052739016
0.13599326409547996
0.08370257394479785
0.22752463614227958
0.0705952827323932
0.5059973395551661
0.20200270399635656
-0.5446587445116371
0.08131217443561022
0.014928706242864026
0.11855652922583838
-0.25753555131936595
-0.011667358385782515
0.2568809873132347
-0.15582207727471475
-0.13071381550695585
0.10400204871917773
0.2646970346538196
-0.17258788362428726
0.014783441968395598
0.07383010794930443
0.1410904610662365
-0.03986467424512829
0.1879727985133876
0.1088413710007178
0.21625457629969472
0.257415733945976
0.5612807811289837
0.4213960902442007
0.2202862530587885
-0.009863537409757265
0.047782270497023396
-0.3052028374511635
0.026081849432826317
0.15379117161539296
-0.029441276995546117
0.14696965675117268
-0.3002312910314812
-0.03950078784771497
0.1023611018879668
-0.2790629459192863
-0.21502589109335013
-0.05238430614812798
0.10420075498196638
0.3985208563100886
-0.09082131590292548
0.01624171525586856
0.24181358425532318
0.03526652644082015
-0.07279730307111433
0.07666809980429688
0.16350421961874903
0.10493894445436007
0.15208445925834405
0.21640190186763325
0.24993104580846157
0.4867324199725787
0.3608779339796666
0.24542459157777125
0.24287853932050385
-0.08710387624765512
0.02370178030097943
-0.013216068158298249
0.2099109357975281
-0.007190984267452135
-0.22244927175729406
0.08489833827127954
-0.27779301236520404
-0.40979814100282824
0.17623026110791484
-0.03888952733754395
-0.059499088051029485
0.025469432774348634
0.11544703889651366
-0.22155271150564687
-0.06398371461645778
0.01608293925221583
-0.14351911868184913
0.27754204673974037
-0.009094292448988808
0.20159800936513872
-0.008711309671340798
-0.03297891173783847
0.40082378208872516
0.5200133943090548
0.22726310958795184
0.07757050477413878
-0.23354693351549008
0.03124100788974866
0.255737025444284
-0.05897408968450617
-0.1897308555885015
0.2040323519446221
-0.21930768908812465
0.15376978408592798
0.002645930581990744
0.020220198447082553
0.32457736133607207
0.3083398537406451
-0.5204410733588642
0.14158363176307942
-0.1644587197549794
-0.12244528863658292
-0.11092433206316611
-0.29370892250943137
-0.028797870542478426
0.3173540546004237
0.09163805852182243
-0.09790166358697856
-0.0030828878748790757
0.20046059063474775
0.3161348479308874
0.2184883104981939
0.1682543750180437
0.1651504309374754
-0.30674164769336665
-0.11223196589284533
-0.11223915258671523
0.1263603403155516
0.08142318234755212
0.4942915280409883
0.10086665256900147
0.10455073511506636
0.08771528688574295
-0.3047872526099886
-0.07528519424706358
-0.31502126831819477
-0.35692522521178977
-0.01760074040919758
-0.029499719431719328
-0.024953645918192574
-0.13196994025491837
-0.26701896586287927
0.021751684042019503
0.14322655837649317
0.11499286900641106
-0.027328291328409308
0.19453779058778176
0.4091281126457815
0.22833267233128668
0.33787059887119303
0.3674677824674443
0.09420448410152593
0.04139541410690886
-0.24031932704643352
-0.09911876681492257
-0.053659693744782834
-0.31128804783742037
-0.03590201589182376
-0.29329040465995593
-0.19915989220422167
-0.12292395799790834
-0.16029132546224767
-0.4042138676438819
-0.26327226185361796
-0.029582871392377173
-0.20205660542501122
-0.09362594275264446
0.12680388673036722
-0.17753947133701756
0.1457616152427367
-0.07452490534326837
-0.1603413460437007
0.08464563946415007
-0.1422391808012744
-0.06912843189540886
0.18381869604928
0.2181906842364257
0.11013090205896091
0.007807772005377853
0.21777901525355253
0.16212334078883678
-0.27421760338444984
-0.12551670549349006
-0.10095422064186572
-0.19225956053617632
-0.20904907488997126
-0.365670034157967
-0.07849709283001723
0.08989555434259874
0.41402579864277184
-0.06390021382388118
-0.10285189101366128
0.008037848930832715
0.16062719674177617
0.1803975651364951
0.16159247700878648
0.012714784500039851
-0.1381856447622787
-0.09343472015466155
0.035356596513771044
0.12873179761032424
0.06980303287232223
0.014954283704308704
-0.3327236166454493
0.2783022537171281
0.08296483015117664
-0.0866073260170156
0.22914002092356436
0.05258688291846905
0.0318198924689337
0.1254360589441834
0.14838185463243372
0.27824874117039533
0.37242594934513235
0.015783304760803737
0.06878256214429872
0.12086914634055736
0.12592049636535804
0.2503916984473374
0.09765884524963175
0.08648437112014554
0.1412500275721716
0.05218039657037808
-0.12782287599588357
-0.08363960782847342
-0.17781183693106323
-0.12784920139976613
-0.016085714469016462
-0.08046214670853868
-0.15745640618570939
0.03060374440948487
0.12442816060225255
0.06949503790490792
0.17013546365954516
-0.0989373564599237
0.03774745165827102
0.15418848197072074
0.18843582647529036
-0.046229879984423294
0.0654530295644693
0.30363163787824937
0.4215911364713875
0.11452203511907673
0.2654223290845155
0.05507994024649211
-0.2750808206095579
-0.05672247702893535
-0.009645411141418038
0.10371766182639672
0.28982264499664123
0.13775965933701792
-0.14647046194173077
0.022482250238271495
0.14085199573942367
-0.06459686485377139
0.07238416542266832
0.137555642252042
-0.07050696860553794
0.04042272986366823
0.021296441532661765
0.06514497474720098
-0.12689028701205993
0.2563571475639056
-0.13268029024719066
0.13135569070943204
0.20179895906857434
0.12543170726238062
0.21958699137079923
0.4779511492602558
0.38913592181236284
0.14852238044217395
0.14203926239219122
0.20085124281875705
0.2728810554081496
0.05276082701008107
-0.08480882874095359
0.34307458248317263
0.23487548283976215
-0.005083177288969017
0.12717996026644604
-0.12987300287851677
-0.21142884608500426
0.2551063348025008
-1.775750716128193
-2.9900295715602137
2.7124494041664726
-4.535329258380384
-0.8109830130117492
-1.2336445556664966
-5.334313280909282
-3.1765761608187355
-2.124762785812535
1.8103768997370848
1.315525838738693
-2.051519340456652
1.186296010452492
3.527975275355961
-2.5334095689628437
-4.101692686412489
0.704148288484063
-4.426265851938527
1.17930250278903
1.195718546430325
2.9455671721098287
1.583622924200116
0.7887094191333291
-0.6536895391811927
0.027741619945000823
2.221522898583221
2.0720159823458726
2.460124370470929
-5.155878973986756
1.6338039559230224
-0.6496575397941171
-2.3938328552186974
3.618229598133954
0.8740074432029743
-1.9638269737351297
2.329504550970069
-1.0842215167690532
-1.3406992531378845
-6.282974316278956
-0.2912552611714758
-1.6139612654261393
0.09721129144468414
-1.9100626245215055
-1.3113660355907444
-2.9724061404534834
2.829891415713188
0.641837136445642
-3.513060276353212
-2.4698527591122783
-3.7151107143732696
5.135424796222212
3.8706483498212036
0.5434245123405207
2.571076099640385
4.199131808504207
-3.0324374720583713
-1.842062179800714
-0.06050904339220611
-3.2002087292536068
0.4998295489985704
-3.7579693063957165
0.02124849765681163
-3.2186043029563813
-0.48654658991305366
-0.24574022928064337
2.13218030122739
-0.59829824167295
0.5611507431097774
0.9937080811836375
0.989531451599459
0.4282833192638231
2.8755278021370367
-0.7720090858727691
2.4015128806410333
-1.370012489267768
2.5258589526363306
-3.1684307216035617
2.3935091898073737
-2.3818914278052716
3.812364225225335
5.784370153524267
-2.3512479463528457
-1.4730241911765805
-3.726255894136367
-1.616637103653733
-1.5082688604887373
-0.9522930779752162
1.7325012820879022
1.1031314456121981
5.367653741444688
6.247908974753583
3.3914937404904952
-2.361028596552709
-0.38401982868140655
-2.3099052362999153
-2.7598657616536095
2.7882007141326173
-2.7210754570413207
-0.7487756780911554
-2.060739870446929
-1.2816385935665568
3.9605769956405132
2.969787713187313
3.136115199101482
-0.760174614750529
3.1048889237579087
3.3731999381337245
2.9019119649066436
-1.5936998169993986
1.8417766723670008
4.988061653132687
-0.5692955904507045
-2.947638014408273
1.6542696041932405
2.933239585044221
-1.9749149423279313
1.0440571661590081
6.045747328255558
0.5732004601378838
1.3690283535911625
-2.9703790373920227
0.3823406647484812
-0.3798760904715734
1.1069705265917216
-1.1833266446831985
-1.5372925800494484
0.19710513857009296
-2.111963729179332
0.764059027480702
-1.012743204740049
-0.4243896872890413
-0.3822732081733699
1.0620265804053108
-2.9656786714445844
-5.8284841139458985
5.71261742979163
-2.2030125546539807
-2.7474838032595175
-0.7892813244861174
-0.71361443119246
-1.0130504959157578
2.492163933494867
-3.431910638029501
-0.5945477715046688
-1.1413109415249896
-2.101896884919282
-2.375568405953721
-1.1251503375112841
-0.035046603708233454
-1.8572984555580982
2.826361255262814
-4.943963787942361
3.568011296400028
-2.173276150878398
0.025544322334182402
1.3773981497293444
-0.04054051968933296
2.053447371174399
-0.7530239073757324
-1.090961783542681
-3.1700462534080174
-5.08115273583385
-4.1556479661725945
-2.698292020903279
2.9629942804561646
-0.8810850794454262
2.204241998419913
-2.272159228716372
0.10379820830052508
-4.089985787341165
1.943380557274669
2.793173797750414
0.9470601681784564
-2.733622745460433
6.2297178399314594
-2.2472467935617075
-1.2955012708707088
-5.399765740665607
2.1619389474307784
-5.297259759476715
0.028339161635399436
-0.40331354251090834
-3.831283259548932
1.7881005177635385
-1.5727413275514641
-2.3295423247772047
-1.8558375359590975
3.760804525122427
2.8940819885696465
-1.52437088861962
3.856522813346451
4.410483397262235
-1.4754528433439547
1.8433189165099562
4.849749883907333
2.6657219141282367
-4.585938357205958
-2.0685775582272177
-1.6663111511686335
0.11361899730516743
-2.4359395108112207
-2.5886771321542326
4.1274424748746315
-1.3948664687254448
6.175960504827932
-4.819941470681134
-5.528503445260308
-1.2215921020242777
3.448893230167779
-5.777719452887866
1.414432297524833
2.390638436115749
-0.10027854535859634
1.1118509139308475
2.2000695759079094
2.8833084959471713
-1.4113857153517586
-0.1774131044196461
-5.0661942034013485
-1.5847297194760237
-3.6481521935233183
-6.1669791217255385
-3.041726688241226
-2.9991706450810067
-2.0720919306869736
1.0313344075289173
-3.889380308426204
-1.8471968900172757
-0.5646712755152667
-0.40404714431305067
-0.8477749963146952
-0.9859595834507965
0.5355753234329239
-0.22736553725151967
0.9494356881046904
2.2639662974224066
1.2842756487344118
-2.5296461915738426
0.21692048834219166
6.373016127356461
0.5041603921582253
1.935893013456589
-0.29830851701836464
2.481412469477319
2.2645767987694208
-3.222097358662462
3.491083908125615
1.1873114799545277
-1.25478091932873
-1.0956878108999724
2.26418906324506
-2.3400726336632984
-6.76723351535201
-2.284205198930905
-3.4906695872033784
-1.5215578736399047
0.4192406012204053
-2.7591139480049556
2.8223913438207746
-1.3146859138583802
-1.3540031268589943
-3.18972894768421
1.077471965982322
0.4527223148188707
-4.735660403337443
0.8857557724326298
0.932067095400792
1.6585237779950694
-2.9384017245072283
-4.526168412915034
2.4764759584607994
-0.5421293838895833
-3.5445467605823153
0.4299837277942749
4.4725101321535625
-1.0084163480103907
4.686281511480859
2.7070286395279237
2.590442615967774
0.7597899745548967
-1.16086576218212
-0.13813813130640665
2.4174117340607153
1.5596433775075196
-0.8341543429938711
-1.1131452515647566
0.8517360808740101
-2.1243582206918235
3.83413660602606
-1.745013352970159
-3.6472738786889396
-4.604062553467052
-3.6307665787150105
-2.4111228660160022
3.7325707454504866
2.2933636029459654
0.4351452488832748
3.541697875653848
6.41309405427107
0.10350766842519257
1.894980054375487
0.8080026562260878
-3.0722866759362883
1.3390925975574264
-1.4851426110087382
-6.414165756830472
2.5163318251884514
-1.1934780563789436
0.9262459400881004
2.8580115537460307
2.561549339290966
-0.5306238109240737
-2.6171069873856143
-0.8032132851861694
-4.99675788325564
-3.7749201588341155
1.1623278507989347
-3.0734117866250394
0.5609703775142394
1.554479007839088
-2.892451168594418
1.3033320246173277
-0.09535865296731384
0.40839157331053283
-1.726639923165632
-1.5349272431535719
-6.674091068006633
4.951641280614862
-1.182930595293326
0.6647012555501554
1.8116524937255165
3.569414702882457
0.7045237383739548
2.8210404415214376
-5.63118394115254
1.4612156787256867
3.5562384329321945
3.8283987257383947
0.26493190686007734
-0.5092867750646697
-0.26253803972850326
-1.291599581123984
0.9291236042815556
0.9372230470877403
-2.30101628049871
-0.03912185285575566
2.382114788576328
2.868547610582301
0.48232569140782594
-3.619948013944392
-2.9805308226387126
4.423989030614231
-0.22262709739752004
0.17085174217883778
0.4839014096594516
4.1984445462624045
1.9120208084325025
1.4344726727377153
1.4454744315363262
-0.16660442556608873
-2.97179736957688
3.961903616967476
-1.23313115194818
-4.0817501637102165
-0.17039702793636582
3.654727043444501
-2.4150412427452363
2.804882941832544
0.8900436588706193
0.34059903700250876
2.1893120312182
0.19064294209292929
2.5644561196877045
-3.842095113463144
-4.618114819279552
4.775296978976584
4.205262228504373
-1.3086975808922325
-3.0239484984419405
1.9634516103804227
-1.6500132182148768
-3.0770390187119174
-1.1535060863607312
-0.2877663975409807
0.5553927981152837
-2.9325750761675757
-1.9098166054960926
-0.23312325592047833
-3.8713993933496584
-0.05727821834610831
-0.6021448844343644
-1.0815388070914902
3.315700650825305
-5.425462095342939
-1.9863826412287984
-3.0862302069743404
1.5969305505984464
-2.1362211482786146
-0.13072550278059203
0.6988667681036257
-0.6836028478485342
1.5892927646696289
2.050802832433987
4.791828108049411
-2.01562171764579
-3.6998405052407906
-2.7810640365185066
2.735797973346836
-0.180793549240416
3.7960960362259337
-5.406093511882199
3.723114421773785
-1.4155494146386636
-1.4010744667870156
1.0321556280928987
-2.0438227867385024
-0.8014376070599676
-3.4373023017073376
-2.7596628455458596
-3.6238903564073257
3.822083195584286
-3.3114322937370084
-3.356885787211413
1.176052431106599
-5.7063562199642766
-5.718005688401502
-0.9511071872461294
-0.37717166819723624
2.0032673731369863
-2.8505610419407668
-3.247494919841738
-1.022089215106208
-1.5868368341091663
-2.693949305095352
-4.691145272279203
-0.9481350666722
-1.6866872188509383
-2.5273418743745264
3.5162950785530596
-3.585966197573048
-3.885635796811289
0.26233030728450435
1.6118484062463658
1.130134184615833
-6.150711822041182
3.1300869341338946
-3.715510522184981
2.754746038105972
-3.107395512898951
-4.526273755668061
1.0321469602763627
-5.768970049412184
-0.23193623346022946
2.496602034302178
-5.587126033808593
-5.238359922577332
-5.306427146713478
-3.2404291699043384
-3.5795516882120624
-4.62916032231441
1.3576145325301274
2.6428085281815803
1.1438911020844356
1.6659869919040011
-0.5509820606543063
3.706686993172202
-6.147176312825217
-3.724468599301065
2.5010663914823623
0.6207887760812485
-3.6096367660449733
3.739782201172804
3.5508239630413994
-4.333979704840165
-0.7526532095371168
0.30685355570328127
2.788108100912577
0.6037033590311742
0.828393712966246
0.04219859812368456
0.5648994741596104
3.4164452290522562
-1.8966845145919937
-2.816897706419366
4.7137251993636715
-3.5792496378444794
-2.6631915311415937
-0.12404902789739596
0.44380095622648424
-5.902415580357681
-1.1657361209939288
1.6373845734201642
-2.790141407503671
2.6760182552536516
1.703329212996338
-2.426781950813985
-4.22487383336504
-2.4787605036063605
-4.083243153488184
-1.4506865458040101
:
0.00723240414984129
-1.1747378345701989
0.42270317468163593
-1.2248928359967532
-1.7992263269671105
-1.0638121482407525
-0.3297188186157075
-2.1865635819698164
-0.8445631077267921
-1.566775311046237
-1.4428958255806543
0.6808148526118226
-2.0007010881313985
-0.2212890912536558
-1.1968500183094435
0.3384884238086264
-1.4030009667521717
-1.1512220975202805
-2.4579551024025346
-2.0674252245104148
1.714079436148788
-0.10373444705888821
-0.9455062781946593
-1.3354260293012317
-1.0897889779592145
-1.5328500327588976
-0.9459050474073477
-1.2256875286697995
-0.7967426553277726
-0.7620193525886461
0.3144732087678704
-0.9776315675005128
0.10558344397118365
-1.9648086470000095
-0.6768862045176234
-1.4329921094853812
-2.1773910807296075
-1.366026827472568
-0.8258785182601794
-1.8724123493008251
-3.1554738933102575
0.21358312726593542
-2.896600068842362
-0.4315216455309032
0.24550385441432904
-0.6196378905317552
-1.469708370395113
0.16995761841266666
-1.241981596950959
-2.743205158201524
0.6259380451768684
-1.5704101191187987
-2.4387647066407534
-3.873909823495837
-3.836810045485812
0.9505470888280837
-0.133827569600794
-0.4006965268236058
-1.9752859513541927
-0.31272384955068583
